rentfaster_id,city,province,address,latitude,longitude,type,price,beds,baths,sq_feet,furnishing,smoking,cats,dogs,lease_term_months,availability_days
468622,Airdrie,Alberta,69 Gateway Dr NE,51.3059622,-114.012515,townhouse,2495.0,2.0,2.5,1403.0,0,0,1,1,12,0
92670,Airdrie,Alberta,2014 Luxstone Blvd SW,51.2717246,-114.0201348,apartment,2390.0,0.0,1.0,361.0,0,0,1,1,6,0
565052,Airdrie,Alberta,70 Elk Hill Southeast,51.2852509,-114.0101276,house,1700.0,2.0,1.0,997.0,0,0,0,0,12,0
568480,Airdrie,Alberta,Cobblefield Mnr SW,51.2631292,-114.0411654,basement,1500.0,2.0,1.0,900.0,0,0,0,0,12,0
571970,Airdrie,Alberta,629 Hillcrest Road Southwest,51.2519353,-114.0137782,townhouse,2300.0,3.0,2.5,1600.0,0,0,1,1,12,0
111264,Airdrie,Alberta,100 Chinook Winds Pl SW,51.270215,-114.031145,apartment,2000.0,1.0,1.0,602.0,0,0,0,0,12,0
565874,Airdrie,Alberta,140 Sagewood Boulevard Southwest,51.291531,-114.0420409,townhouse,2300.0,3.0,1.5,1086.0,0,0,1,1,3,0
518913,Airdrie,Alberta,502 Windbury Place,51.2496714,-114.0309421,townhouse,2099.0,2.0,2.5,1265.0,0,0,1,1,12,0
453884,Airdrie,Alberta,104 MacKenzie Way SW,51.289386,-114.0213568,apartment,1680.0,1.0,1.0,667.0,0,0,1,1,12,0
564482,Airdrie,Alberta,1930 Luxstone Park Southwest,51.2746543,-114.0191365,house,3500.0,5.0,3.5,2700.0,0,0,0,1,12,0
565356,Airdrie,Alberta,Windbury Pl SW,51.2496146,-114.030942,townhouse,2400.0,3.0,2.5,1341.0,0,0,0,0,12,0
566068,Airdrie,Alberta,SouthPoint Heath SW,51.251492859256,-114.012470104229,townhouse,2400.0,2.0,2.5,1470.0,0,0,1,0,12,0
563675,Airdrie,Alberta,171 Baneberry Way SW,51.2920342,-114.0502138,house,2800.0,3.0,2.5,2100.0,0,0,0,0,12,0
564285,Airdrie,Alberta,212 Bayview Street,51.2770614,-114.043381,basement,1550.0,2.0,1.0,900.0,1,0,0,0,12,0
563680,Airdrie,Alberta,49 Willow Green SW,51.2910811,-114.0512376,house,2800.0,3.0,2.5,2100.0,0,0,0,0,12,0
547613,Airdrie,Alberta,491 Canals Crossing Southwest,51.281783797677,-114.026080490738,townhouse,2400.0,3.0,2.5,1400.0,0,0,0,0,12,0
571533,Airdrie,Alberta,260 Langwell Common SE,51.261387745429,-113.977984683331,house,2600.0,3.0,2.5,1608.0,0,0,0,0,12,0
550535,Airdrie,Alberta,20 Kingsland Close SE,51.2660887,-113.9901988,apartment,1737.0,2.0,1.0,792.0,0,0,1,1,12,0
559699,Airdrie,Alberta,1534 Bayside Avenue SW,51.2727522,-114.0360575,townhouse,2800.0,3.0,2.5,1726.0,0,0,1,1,12,0
566333,Airdrie,Alberta,61 Willow Green Southwest,51.2910811,-114.0512376,house,3000.0,4.0,2.5,2300.0,0,0,0,0,12,0
570380,Airdrie,Alberta,1191 Lanark Boulevard,51.2589463,-113.9768104,townhouse,2450.0,3.0,2.5,1300.0,0,0,1,1,12,0
528653,Airdrie,Alberta,113 Windstone Avenue Southwest,51.2592925,-114.0290917,townhouse,2300.0,2.0,2.5,1250.0,0,0,1,1,12,0
566757,Airdrie,Alberta,Cobblefield Mnr SW,51.263773692711,-114.040650415869,basement,3800.0,2.0,1.0,900.0,0,0,0,0,6,0
463838,Airdrie,Alberta,403 Mackenzie Way Southwest,51.2891518,-114.0230327,apartment,1950.0,2.0,1.0,677.0,0,0,0,0,12,0
567883,Airdrie,Alberta,S Point Gate SW,51.2529298,-114.011578,townhouse,2600.0,3.0,2.5,1515.0,0,0,0,0,12,0
566592,Airdrie,Alberta,673 Windrow Manor Southwest,51.2526265,-114.0360833,house,3000.0,3.0,2.5,2000.0,0,0,0,0,12,0
561775,Airdrie,Alberta,462 Bayview Manor Southwest,51.2831517,-114.0459165,apartment,700.0,1.0,1.0,1600.0,1,0,0,0,3,0
453882,Airdrie,Alberta,45 Gateway Drive,51.3044974,-114.0115628,apartment,1630.0,1.0,1.0,616.0,0,0,1,1,12,30
533341,Airdrie,Alberta,349 Hillcrest Road Southwest,51.2491537,-114.0171847,duplex,2550.0,3.0,2.5,1361.0,0,0,0,0,12,14
570056,Airdrie,Alberta,177 Baysprings Gardens Southwest,51.2777434,-114.0446346,house,4000.0,4.0,4.0,2328.0,0,0,1,1,12,14
417675,Airdrie,Alberta,215 Flett Dr NE,51.2987494,-114.0103409,house,2450.0,3.0,2.0,1500.0,0,0,0,0,6,14
572464,Airdrie,Alberta,1309 Windstone Road Southwest,51.2598366,-114.0281494,townhouse,2200.0,3.0,2.5,1350.0,0,0,0,0,12,30
572461,Airdrie,Alberta,Windsong Blvd SW,51.2561616,-114.0321096,townhouse,2350.0,2.0,1.5,1038.0,0,0,1,1,12,30
528636,Airdrie,Alberta,317 windbury road sw airdrie,51.2496146,-114.030942,townhouse,2400.0,3.0,2.5,1500.0,0,0,1,1,12,30
522720,Airdrie,Alberta,462 Canals Crossing Southwest,51.2822242,-114.0268172,townhouse,2250.0,3.0,2.5,1400.0,0,0,0,1,12,30
485297,Airdrie,Alberta,23 Williamstown Landing Northwest,51.3040693,-114.0266121,house,3150.0,4.0,3.5,2193.0,0,0,0,0,12,30
463113,Airdrie,Alberta,500 Tower Lane Dr. SW,51.289311,-114.01757,apartment,1759.0,2.0,1.0,955.0,0,0,1,1,12,44
510999,Airdrie,Alberta,380 Lawthorn Way Southeast,51.2578355,-113.980444,house,2500.0,3.0,2.5,1316.0,0,0,0,0,12,30
570953,Airdrie,Alberta,1001 8 Street Northwest,51.3061638,-114.0265646,townhouse,2600.0,3.0,2.5,1600.0,0,0,1,1,12,30
525219,Airdrie,Alberta,510 Windbury Place SW,51.2496275,-114.030942,townhouse,2150.0,2.0,2.5,1265.0,0,0,0,0,12,30
571671,Airdrie,Alberta,204 Morningside Green Southwest,51.2672405,-114.0120077,house,3000.0,3.0,2.5,2504.0,0,0,1,1,12,30
571391,Airdrie,Alberta,Hillcrest Square SW,51.2500153,-114.02226,duplex,2600.0,3.0,2.5,1800.0,0,0,0,0,12,30
569454,Airdrie,Alberta,201 Cooperswood Green Southwest,51.2593,-114.02104,apartment,1500.0,1.0,1.0,1600.0,1,0,0,0,6,36
569845,Airdrie,Alberta,Chinook Winds Dr SW,51.2654043,-114.04462,house,2500.0,3.0,2.5,1800.0,0,0,0,0,12,44
536587,Airdrie,Alberta,1136 Hillcrest Lane Southwest,51.2507194,-114.0239848,basement,1600.0,1.0,1.0,725.0,1,0,0,0,12,44
319503,Airdrie,Alberta,152 Windford Gardens Southwest,51.2537716,-114.0305299,townhouse,2200.0,3.0,1.5,1300.0,0,0,1,1,12,44
530757,Airdrie,Alberta,323 Windbury Rd SW,51.2496146,-114.030942,townhouse,2500.0,3.0,2.5,1458.0,0,0,1,1,12,47
527120,Airdrie,Alberta,831 Windbury Place SW,51.249266,-114.0303033,townhouse,2300.0,2.0,2.5,1265.0,0,0,0,0,12,61
571239,Airdrie,Alberta,Windbury Cres,51.250055267921,-114.034777569312,townhouse,2400.0,2.0,2.5,1500.0,0,0,1,1,12,61
329450,Airdrie,Alberta,12 Windford Link,51.2523335,-114.0253997,townhouse,1995.0,2.0,1.5,1100.0,0,0,1,1,12,92
571152,Airdrie,Alberta,19 Osborne Park Southwest,51.253532716265,-114.031680869312,house,5500.0,3.0,2.5,2200.0,1,0,0,0,3,365
569484,Airdrie,Alberta,100 Chinook Winds Pl SW,51.2702975,-114.0298864,apartment,2095.0,2.0,2.0,960.0,0,0,1,1,12,365
36115,Airdrie,Alberta,105 Railway Ave SW,51.289525097678,-114.020054834918,apartment,1800.0,2.0,2.0,907.0,0,0,0,0,12,365
572430,Aldersyde,Alberta,117 Brooks Street,50.6771806,-113.8801201,house,1950.0,3.0,1.0,1150.0,0,0,1,1,12,30
570626,Balzac,Alberta,376 Lawthorn Way Southeast,51.2578452,-113.9797509,house,2395.0,2.0,2.5,1536.0,0,0,1,1,12,0
570741,Beaumont,Alberta,AB-625,53.3378433,-113.4306374,house,2000.0,3.0,2.5,1477.0,0,0,1,1,12,0
569937,Beaumont,Alberta,3506 66 Street,53.3494512,-113.4366176,basement,1500.0,1.0,1.0,700.0,0,0,0,0,12,0
565709,Beaumont,Alberta,7115 46A street,53.353495435856,-113.416777344531,house,2195.0,3.0,2.5,1700.0,0,0,0,0,12,0
275224,Beaumont,Alberta,5301 Rue Eaglemont,53.3553327,-113.4352133,apartment,1850.0,1.0,1.0,596.0,1,0,1,1,3,0
282368,Beaumont,Alberta,6502 60th Ave,53.362737,-113.437809,apartment,1818.0,2.0,2.0,938.0,0,0,1,1,12,30
283019,Beaumont,Alberta,6112 65 St,53.363901,-113.438616,townhouse,1998.0,3.0,1.5,1236.0,0,0,1,1,12,61
527361,Beaumont,Alberta,5102 30 Avenue,53.341026,-113.417064,townhouse,1965.0,2.0,2.5,1300.0,0,0,0,1,12,61
571219,Beaumont,Alberta,6636 46 Avenue,53.3494129,-113.4381854,townhouse,2100.0,3.0,2.5,1400.0,0,0,1,1,12,75
493997,Beaumont,Alberta,3517 49 Avenue,53.3516784,-113.3931892,house,1800.0,3.0,2.5,1400.0,0,0,0,0,12,92
448758,Beiseker,Alberta,429 6th Street,51.3824065,-113.5330306,apartment,950.0,1.0,1.0,750.0,0,0,1,1,12,0
401518,Beiseker,Alberta,429 6th Street,51.3824065,-113.5330306,apartment,1150.0,2.0,1.0,850.0,0,0,1,1,12,0
371998,Bonnyville,Alberta,4507 & 4511 43 St,54.2636987,-110.7242674,apartment,1205.0,2.0,1.0,739.0,0,0,1,1,12,0
334306,Bonnyville,Alberta,4402 50 Avenue,54.267671,-110.72651,apartment,1130.0,2.0,1.0,739.0,0,0,1,1,12,0
371999,Bonnyville,Alberta,4310 50 Avenue,54.267694,-110.7248041,apartment,1155.0,2.0,1.0,733.0,0,0,1,1,12,0
334305,Bonnyville,Alberta,4102 43 Avenue,54.2599,-110.720814,apartment,1120.0,2.0,1.0,830.0,0,0,1,1,12,0
291644,Bonnyville,Alberta,5301A/5301B 37th Street,54.269904485148,-110.71296755505,apartment,1395.0,2.0,2.0,948.0,0,0,0,0,12,29
334109,Brooks,Alberta,608 2nd St W,50.5721888,-111.8970559,apartment,1780.0,2.0,1.0,779.0,0,0,1,1,12,0
334301,Brooks,Alberta,1 Queen's Way East,50.583181,-111.893984,townhouse,2090.0,2.0,1.0,902.0,0,0,1,1,12,0
334248,Brooks,Alberta,604 8 St W,50.5721986,-111.9106583,apartment,1775.0,2.0,1.0,771.0,0,0,1,1,12,0
334113,Brooks,Alberta,236 4th St,50.5681068,-111.9019,apartment,1550.0,1.0,1.0,520.0,0,0,1,1,12,0
334174,Brooks,Alberta,524 1A Avenue East,50.5631754,-111.8894753,apartment,1385.0,1.0,1.0,560.0,0,0,1,1,12,0
334175,Brooks,Alberta,404 5 Avenue West,50.57104,-111.899639,apartment,1715.0,2.0,1.0,800.0,0,0,1,1,12,0
334126,Brooks,Alberta,11 Greenbrook Drive E,50.5678457,-111.8771813,apartment,1490.0,1.0,1.0,510.0,0,0,1,1,12,0
334240,Brooks,Alberta,1011 Cassils Road West,50.5721322,-111.9133726,apartment,1650.0,2.0,1.0,791.0,0,0,1,1,12,0
334127,Brooks,Alberta,1023 3rd Ave E,50.5652126,-111.8778149,apartment,1375.0,1.0,1.0,550.0,0,0,1,1,12,0
547537,Brooks,Alberta,204 Cassils Road East Brooks,50.57198,-111.8908,apartment,1975.0,2.0,1.0,932.0,0,0,0,0,12,29
544816,Bruderheim,Alberta,4711 56 Avenue,53.8068125,-112.9229251,apartment,1450.0,2.0,2.0,800.0,2,0,1,1,6,0
571702,Calgary,Alberta,1055 11 Street SW,51.04338,-114.08903,apartment,1725.0,1.0,1.0,483.0,0,0,1,1,12,0
560938,Calgary,Alberta,829 Royal Ave SW,51.0349477,-114.0811233,apartment,2800.0,2.0,2.0,815.0,0,0,1,1,12,0
483743,Calgary,Alberta,524 10th Ave,51.04366769609,-114.07208817361,apartment,11200.0,2.0,2.0,2416.0,1,0,1,1,12,0
434562,Calgary,Alberta,655 Centre Street SW,51.046632865945,-114.06320966323,apartment,2390.0,1.0,1.0,727.0,0,0,1,1,12,0
531446,Calgary,Alberta,825 8 Avenue SW,51.0457187,-114.0805283,apartment,2100.0,2.0,1.0,833.0,0,0,1,1,12,0
497590,Calgary,Alberta,1450 20 Ave NW,51.0707453,-114.0934202,apartment,2049.0,1.0,1.0,658.0,0,0,1,1,12,0
540340,Calgary,Alberta,255 Carrington Plaza NW,51.183119242008,-114.09101859312,apartment,2195.0,2.0,1.0,697.0,0,0,1,1,12,0
501607,Calgary,Alberta,950 McPherson Square NE,51.0500734,-114.0410253,apartment,2695.0,2.0,2.0,781.0,0,0,1,1,12,0
568004,Calgary,Alberta,30 Uxborough PL NW,51.070578348246,-114.13309029315,apartment,2440.0,2.0,2.0,810.0,0,0,1,1,12,14
468621,Calgary,Alberta,1800 4 Street SW,51.037113807396,-114.07096975278,apartment,1850.0,1.0,1.0,650.0,0,0,1,1,12,0
422955,Calgary,Alberta,201 10 Avenue Southeast,51.043,-114.0602964,apartment,2388.0,2.0,2.0,824.0,0,0,1,1,12,61
29842,Calgary,Alberta,1320 16 Avenue SW,51.038595,-114.09294,apartment,2138.0,1.0,1.0,700.0,0,0,1,1,12,0
318403,Calgary,Alberta,1515 12th Street SW,51.038842,-114.092201,apartment,1864.0,1.0,1.0,530.0,0,0,1,1,12,0
393080,Calgary,Alberta,609 8th Street SW,51.047691,-114.081481,apartment,3098.0,2.0,2.0,1312.0,0,0,1,1,12,0
361795,Calgary,Alberta,620 10 Avenue SW,51.044004,-114.075438,apartment,2743.0,2.0,2.0,910.0,0,0,1,1,12,0
544278,Calgary,Alberta,3360 16 St SW,51.0241493,-114.0996191,apartment,2414.0,2.0,2.0,790.0,0,0,1,1,12,0
433243,Calgary,Alberta,510 12 Avenue Southwest,51.041837187973,-114.07202629444,apartment,3000.0,1.0,1.5,796.0,0,0,1,1,12,0
476038,Calgary,Alberta,1229 Macleod Trail SE,51.0405707,-114.0586474,apartment,2571.0,2.0,2.0,938.0,0,0,1,1,12,61
343046,Calgary,Alberta,111 25th Ave SW,51.029764,-114.065254,apartment,2373.0,1.0,1.0,754.0,0,0,1,1,12,33
442585,Calgary,Alberta,226 Mahogany Gardens SE,50.8961637,-113.9356499,apartment,3861.0,2.0,2.0,1103.0,0,0,1,1,12,0
354686,Calgary,Alberta,401 Grier Avenue NE,51.098375,-114.0585376,townhouse,2430.0,3.0,1.0,1023.0,0,0,1,1,12,0
402020,Calgary,Alberta,939 Bracewood Drive SW,50.952983,-114.1147808,townhouse,1945.0,2.0,1.0,978.0,0,0,1,1,12,0
554661,Calgary,Alberta,"20, 40, 60, 80, 100 Skyview Ranch Landing NE",51.1577136,-113.9591257,apartment,2015.0,2.0,2.0,958.0,0,0,1,1,12,0
354690,Calgary,Alberta,550 Rundlehorn Circle N,51.072554586934,-113.98068964443,townhouse,2225.0,3.0,1.0,989.0,0,0,1,1,12,0
563712,Calgary,Alberta,815 50 Ave SW,51.0085151,-114.0825692,apartment,1980.0,1.0,1.5,786.0,0,0,0,0,12,0
510047,Calgary,Alberta,9700 Bonaventure Drive SE,50.9668952,-114.0671346,apartment,1770.0,2.0,1.0,890.0,0,0,1,1,12,0
393082,Calgary,Alberta,650 Meredith Road NE,51.0521742,-114.0489798,apartment,1815.0,1.0,1.0,558.0,0,0,1,1,12,0
481050,Calgary,Alberta,2120 Southland Dr SW,50.962467,-114.1097039,apartment,1900.0,1.0,1.0,616.0,0,0,1,1,12,0
468619,Calgary,Alberta,2107 34 Ave SW,51.0229848,-114.1098195,apartment,2012.0,1.0,1.0,536.0,0,0,1,1,12,0
481052,Calgary,Alberta,1825 Woodview Dr SW,50.9407587,-114.1038826,apartment,1750.0,1.0,1.0,635.0,0,0,1,1,12,0
545068,Calgary,Alberta,400 Nolan Hill Rise NW,51.1690415,-114.1562386,apartment,2070.0,2.0,2.0,890.0,0,0,1,1,12,0
463162,Calgary,Alberta,1608 22 Ave SW,51.0344626,-114.0974892,apartment,1925.0,2.0,1.0,785.0,0,0,1,1,12,0
549183,Calgary,Alberta,700 67th Avenue SW,50.9937375,-114.0769891,apartment,1900.0,1.0,1.0,740.0,0,0,1,1,12,0
428303,Calgary,Alberta,1121 6 St SW,51.0418433,-114.0768948,apartment,1650.0,0.0,1.0,700.0,0,0,1,1,12,0
462353,Calgary,Alberta,"510, 520, 530, 540 57 Ave SW",51.0026511,-114.074333,apartment,1775.0,1.0,1.0,615.0,0,0,1,1,12,0
549184,Calgary,Alberta,2105 90th Ave SW,50.9718234,-114.1088108,apartment,2005.0,1.0,1.0,785.0,0,0,1,1,12,0
546421,Calgary,Alberta,9600 Southland Circle SW,50.9675887,-114.0739897,apartment,1910.0,1.0,1.0,752.0,0,0,0,0,12,0
432141,Calgary,Alberta,8948 Elbow Drive,50.9720354,-114.0825932,apartment,2058.0,1.0,1.0,678.0,0,0,1,1,12,0
462352,Calgary,Alberta,25-35 Glengrove Close SW,51.0243269,-114.1627659,apartment,1780.0,1.0,1.0,500.0,0,0,1,1,12,0
496785,Calgary,Alberta,505 4th St. SE,51.0478893,-114.0532344,apartment,2995.0,2.0,2.0,1180.0,0,0,1,1,12,0
481053,Calgary,Alberta,3805 Marlborough Dr NE,51.058425,-113.9776341,apartment,1880.0,2.0,1.0,865.0,0,0,1,1,12,0
464537,Calgary,Alberta,1028 13 Ave SW,51.0412522,-114.0856247,apartment,1825.0,1.0,1.0,850.0,0,0,1,1,12,0
549185,Calgary,Alberta,2160 Paliswood Road SW,50.9714046,-114.1095398,apartment,2455.0,2.0,1.0,968.0,0,0,1,1,12,0
483933,Calgary,Alberta,15220 45 St SE,50.88121,-113.94732,apartment,2225.0,2.0,2.0,915.0,0,0,0,0,12,0
462350,Calgary,Alberta,1015 Cameron Ave SW,51.035984,-114.085384,apartment,2175.0,2.0,1.0,810.0,0,0,1,1,12,0
404960,Calgary,Alberta,2241 14 St SW,51.034549,-114.0951214,apartment,2125.0,2.0,1.0,665.0,0,0,1,1,12,0
518861,Calgary,Alberta,3470 18 Street SW,51.0238338,-114.1043286,apartment,3450.0,2.0,2.0,1019.0,0,0,1,1,12,61
335626,Calgary,Alberta,1112 9 St SW,51.0423207,-114.0834087,apartment,1895.0,1.0,1.0,699.0,0,0,1,1,12,30
468620,Calgary,Alberta,1177 11 Ave SW,51.0429559,-114.0885973,apartment,2332.0,1.0,1.0,696.0,0,0,1,1,12,30
355606,Calgary,Alberta,2410 33 Avenue Southwest,51.0241944,-114.1149641,apartment,2000.0,2.0,2.0,665.0,0,0,1,1,12,14
14548,Calgary,Alberta,727 6th Ave SW,51.047748282615,-114.077661308598,apartment,1500.0,0.0,1.0,480.0,0,0,0,0,12,30
570782,Calgary,Alberta,Seton,50.8705009,-113.9568009,apartment,2400.0,2.0,2.0,1054.0,0,0,0,0,12,365
475072,Calgary,Alberta,55 9A St. NE,51.0514104,-114.0402102,apartment,2940.0,2.0,2.0,744.0,0,0,1,1,12,0
533312,Calgary,Alberta,4850 50 Ave SW,51.00918,-114.15546,apartment,1875.0,1.0,1.0,604.0,0,0,1,1,12,0
328916,Calgary,Alberta,606 58 Ave SW,51.0016178,-114.0768808,apartment,1660.0,1.0,1.0,628.0,0,0,1,1,12,0
482132,Calgary,Alberta,20 Sage Meadows Landing,51.183553370362,-114.07416858161,townhouse,2690.0,3.0,2.0,1336.0,0,0,1,1,12,0
393079,Calgary,Alberta,1121 6th Avenue SW,51.047949,-114.088137,apartment,2095.0,1.0,1.0,657.0,0,0,1,1,12,0
477769,Calgary,Alberta,924 7th Avenue SW,51.047174,-114.081831,apartment,1745.0,1.0,1.0,640.0,0,0,1,1,12,0
508378,Calgary,Alberta,824 13 Avenue SW,51.0411205,-114.0804713,apartment,1749.0,1.0,1.0,563.0,0,0,1,1,12,0
510224,Calgary,Alberta,1310 14 Ave SW,51.0406581,-114.0924003,apartment,1850.0,1.0,1.0,673.0,0,0,1,1,12,0
477770,Calgary,Alberta,6707 Elbow Drive SW,50.993236,-114.083221,apartment,1690.0,1.0,1.0,570.0,0,0,1,1,12,0
504046,Calgary,Alberta,6527 36th Avenue NW,51.085539,-114.1844015,townhouse,2499.0,3.0,2.0,1150.0,0,0,1,1,12,0
567534,Calgary,Alberta,123 10 Ave SW,51.0431884,-114.0639771,apartment,1780.0,1.0,1.0,643.0,0,0,1,1,12,0
78120,Calgary,Alberta,104 26 Avenue SW,51.029722,-114.064659,apartment,2404.0,2.0,2.0,1089.0,0,0,1,1,12,0
471183,Calgary,Alberta,850 11 St SW,51.045561201644,-114.08818162038,apartment,2150.0,1.0,1.0,638.0,0,0,1,1,12,0
549577,Calgary,Alberta,125 Wolf Hollow Cres SE,50.8746915,-114.0032811,apartment,2000.0,1.0,1.0,662.0,0,0,0,0,12,0
507598,Calgary,Alberta,1124 5 Ave NW,51.057110174252,-114.09092689102,apartment,2650.0,2.0,2.0,892.0,0,0,1,1,12,0
532711,Calgary,Alberta,524 10 Avenue SW,51.0437,-114.07212,apartment,6000.0,1.0,1.0,1039.0,1,0,1,1,12,0
535808,Calgary,Alberta,2232 33 Avenue Southwest,51.0242003,-114.1137206,apartment,2000.0,1.0,1.5,700.0,0,0,1,1,12,0
477774,Calgary,Alberta,912 6th Avenue SW,51.0481568,-114.0816373,apartment,1715.0,1.0,1.0,530.0,0,0,1,1,12,0
454557,Calgary,Alberta,611 7 Ave SE,51.0458488,-114.0498504,apartment,1825.0,1.0,1.0,562.0,0,0,1,1,12,0
417846,Calgary,Alberta,919 10 Ave SW,51.043534,-114.082819,apartment,1763.0,0.0,1.0,424.0,0,0,1,1,12,61
343049,Calgary,Alberta,2528 66 Avenue SW,50.994972,-114.119563,apartment,2341.0,2.0,1.0,870.0,0,0,1,0,12,98
518134,Calgary,Alberta,4135 University Ave NW,51.0775801,-114.1475871,apartment,1999.0,1.0,1.0,535.0,0,0,1,1,12,61
537535,Calgary,Alberta,4501 37th Street NW,51.091526,-114.141185,apartment,1680.0,1.0,1.0,640.0,0,0,1,1,12,30
558711,Calgary,Alberta,264 19 Avenue NE,51.0699208,-114.0563773,apartment,1899.0,1.0,1.0,495.0,0,0,1,1,12,14
486616,Calgary,Alberta,1870 45 Street NW,51.071068016946,-114.15904224603,apartment,2075.0,2.0,1.0,750.0,0,0,1,1,12,61
351340,Calgary,Alberta,605 13 Ave SW,51.0408325,-114.0752992,apartment,1719.0,1.0,1.0,484.0,0,0,1,1,12,30
510226,Calgary,Alberta,320 25 Ave SW,51.030971106775,-114.07101125938,apartment,1850.0,1.0,1.0,534.0,0,0,1,1,12,30
508375,Calgary,Alberta,815 14 Avenue SW,51.0398048,-114.0802735,apartment,2199.0,2.0,1.5,988.0,0,0,1,1,12,30
477778,Calgary,Alberta,1017 11 Ave SW,51.0420009,-114.0875656,apartment,2280.0,2.0,1.0,1113.0,0,0,1,1,12,30
522085,Calgary,Alberta,42 Cranbrook Gardens SE,50.861303505754,-113.97713988046,apartment,2200.0,2.0,2.0,934.0,0,0,0,0,12,30
568027,Calgary,Alberta,8231 19 Avenue SW,51.037121268379,-114.20740035597,apartment,1925.0,1.0,1.0,620.0,0,0,1,1,12,61
528641,Calgary,Alberta,5055 Northland Drive,51.098244613831,-114.14225476776,apartment,1925.0,1.0,1.0,676.0,0,0,1,1,12,92
357394,Calgary,Alberta,1213 13 Ave SW,51.0409725,-114.0899727,apartment,900.0,2.0,1.0,850.0,1,2,0,0,3,0
568084,Calgary,Alberta,149 Haskayne Drive Northwest,51.1092946,-114.2723534,basement,1575.0,2.0,1.0,910.0,0,0,1,1,12,0
571322,Calgary,Alberta,681 Savanna Boulevard Northeast,51.1347216,-113.9496947,apartment,1995.0,2.0,2.0,903.0,0,0,1,1,12,0
571976,Calgary,Alberta,303 13 Avenue Southwest,51.040326,-114.0687792,apartment,3700.0,2.0,2.0,1870.0,0,0,0,0,12,0
570770,Calgary,Alberta,303 60 24 Ave Sw,51.0322249,-114.0617923,apartment,2850.0,2.0,2.0,1298.0,0,0,0,0,12,0
566580,Calgary,Alberta,Herron Mews NE,51.1885468,-114.0498243,house,2500.0,3.0,2.5,1560.0,0,0,0,0,6,0
553379,Calgary,Alberta,Taradale,51.122987,-113.94154,house,2350.0,4.0,2.5,1650.0,1,0,0,0,12,0
569221,Calgary,Alberta,550 Riverfront Avenue,51.0472742,-114.0503523,apartment,1800.0,1.0,1.0,502.0,0,0,1,1,12,0
572561,Calgary,Alberta,7541 202 Avenue Southeast,50.8704973,-113.925537,duplex,1500.0,1.0,1.0,1600.0,0,0,0,0,6,0
565612,Calgary,Alberta,8948 Elbow Drive SW,50.9720344,-114.0820152,apartment,1600.0,1.0,1.0,731.0,0,0,1,0,12,0
538276,Calgary,Alberta,"109B Auburn Crest Lane SE Calgary. AB, Canada",50.8858339,-113.9478766,basement,1750.0,1.0,1.0,650.0,0,0,0,0,12,0
546470,Calgary,Alberta,1710 11 Avenue Southwest,51.0436756,-114.1000362,apartment,1855.0,1.0,1.0,487.0,2,0,1,1,12,0
535983,Calgary,Alberta,410 Seton Passage Southeast,50.8767704,-113.9421461,apartment,1650.0,1.0,1.0,505.0,0,0,0,0,12,0
364085,Calgary,Alberta,105 9 Street Northwest,51.0538373,-114.0817242,townhouse,3795.0,2.0,3.5,2200.0,0,0,0,0,12,0
572377,Calgary,Alberta,137 Red Embers Link NE,51.1666422,-113.9502865,townhouse,2399.0,3.0,2.0,1200.0,0,0,0,0,12,0
571776,Calgary,Alberta,56 Bridleridge Circle SW,50.895325,-114.1059652,house,3000.0,3.0,2.0,1500.0,0,0,0,0,12,0
486520,Calgary,Alberta,167 Schooner Cove Northwest,51.122527,-114.226671,house,2850.0,4.0,2.5,2000.0,0,0,0,0,12,0
570905,Calgary,Alberta,68 Huntham Road Northeast,51.1244204,-114.0654892,basement,1495.0,2.0,1.0,1150.0,0,0,1,0,12,0
572590,Calgary,Alberta,355 Nolancrest Heights Northwest,51.1743542,-114.1677406,townhouse,2550.0,2.0,2.5,1400.0,0,0,1,1,12,0
572559,Calgary,Alberta,11620 Elbow Dr SW,50.9497536,-114.0833861,apartment,1995.0,2.0,1.0,755.0,0,0,1,1,12,0
470326,Calgary,Alberta,Taradale,51.1197226,-113.9354814,house,2400.0,3.0,2.5,1657.0,0,0,0,0,12,0
544054,Calgary,Alberta,193 Magnolia Terrace Southeast,50.8898747,-113.9130467,basement,1400.0,1.0,1.0,462.0,0,0,1,1,12,0
531158,Calgary,Alberta,83 Herron Rise Northeast,51.1880448,-114.0517527,house,3300.0,3.0,2.5,2480.0,0,0,0,0,12,0
125475,Calgary,Alberta,East Village,51.0459145,-114.0493197,apartment,2800.0,2.0,2.0,1156.0,2,0,1,1,12,0
565040,Calgary,Alberta,60 Legacy Reach Crescent Southeast,50.8560319,-113.9959065,duplex,1550.0,2.0,1.0,850.0,0,0,1,1,6,0
535966,Calgary,Alberta,3720 Kerrydale Road Southwest,51.0207667,-114.1377256,house,2100.0,3.0,1.0,900.0,0,0,0,1,12,0
570302,Calgary,Alberta,200 Brookgreen Drive Southwest,50.9609536,-114.1160877,house,3200.0,5.0,2.5,2082.0,0,0,1,1,12,0
567948,Calgary,Alberta,740 Legacy Village Road Southeast,50.8599955,-114.0278349,apartment,2200.0,2.0,2.0,743.0,0,0,1,1,12,0
564128,Calgary,Alberta,15 Sage Meadows Landing Northwest,51.1803525,-114.1322777,apartment,1850.0,2.0,1.0,725.0,0,0,0,0,12,0
530126,Calgary,Alberta,Copperfield,50.9113118,-113.9395577,house,2700.0,3.0,2.5,1954.86,0,0,0,0,12,0
548189,Calgary,Alberta,21158 Sheriff King Street Southwest,50.8698345,-114.0708877,basement,1225.0,1.0,1.0,700.0,0,0,1,1,12,0
568335,Calgary,Alberta,1501 6 Street Southwest,51.0388233,-114.0771254,apartment,1675.0,1.0,1.0,460.0,0,0,0,0,12,0
29988,Calgary,Alberta,4432 - 4th St NW,51.0918954,-114.0716014,apartment,1690.0,2.0,1.0,950.0,0,0,1,0,12,0
530893,Calgary,Alberta,604 Britannia Drive Southwest,51.0141798,-114.0760778,house,7500.0,4.0,3.5,2590.0,0,0,1,1,12,0
571977,Calgary,Alberta,930 6 Avenue Southwest,51.0482467,-114.0824216,apartment,2200.0,1.0,1.0,627.0,1,0,1,1,12,0
132278,Calgary,Alberta,Rocky Ridge,51.14519,-114.24197,apartment,2300.0,2.0,2.0,1200.0,0,0,0,0,12,0
569361,Calgary,Alberta,261 Millview Green Southwest,50.9171008,-114.0991592,townhouse,2450.0,3.0,1.5,1084.0,0,0,1,1,12,0
561574,Calgary,Alberta,120 Legacy Point Southeast,50.8566685,-114.0221389,townhouse,2700.0,3.0,2.5,1743.0,2,0,1,1,12,0
565145,Calgary,Alberta,Haysboro,50.975676734325,-114.073308166656,apartment,2100.0,2.0,2.0,975.0,0,0,0,0,12,0
355962,Calgary,Alberta,North Haven,51.108034,-114.080285,house,2300.0,3.0,1.5,1200.0,0,0,1,0,12,0
486949,Calgary,Alberta,1027 Cameron Ave SW,51.0361453,-114.0861162,apartment,1445.0,1.0,1.0,620.0,0,0,0,0,12,0
570533,Calgary,Alberta,442 Rocky Ridge Cove Northwest,51.1463656,-114.2401319,house,3595.0,4.0,3.0,3350.0,0,0,1,1,12,0
572567,Calgary,Alberta,7541 202 Avenue Southeast,50.8704973,-113.925537,duplex,2500.0,3.0,3.0,1600.0,0,0,0,0,12,0
409961,Calgary,Alberta,2815B 16 Avenue Southeast,51.038498,-113.9945446,basement,1650.0,2.0,1.0,1000.0,0,0,1,0,12,0
299522,Calgary,Alberta,402 Marquis Lane Southeast,50.9023446,-113.9249273,apartment,1895.0,1.0,1.0,700.0,0,0,0,0,12,0
116913,Calgary,Alberta,225 11th Ave SE,51.0419901,-114.0594374,apartment,2600.0,2.0,2.0,850.0,0,0,0,0,3,0
365702,Calgary,Alberta,Panorama Hills,51.1578493,-114.0729392,house,2500.0,3.0,2.5,1552.0,0,0,0,0,12,0
569654,Calgary,Alberta,Kingsland,50.9896365,-114.0755204,townhouse,2400.0,3.0,1.5,1100.0,0,0,0,0,12,0
19643,Calgary,Alberta,2010 Ulster Rd. NW,51.0703993,-114.1266482,apartment,2199.0,2.0,1.0,1200.0,0,0,1,1,12,29
569797,Calgary,Alberta,Sandstone,51.1395816,-114.1020208,apartment,850.0,1.0,1.0,2200.0,0,0,0,0,6,0
572491,Calgary,Alberta,8880 Horton Road Southwest,50.9751303,-114.0737471,apartment,1750.0,1.0,1.0,750.0,2,0,1,1,12,0
571498,Calgary,Alberta,408 Seton Circle Southeast,50.8680434,-113.955245,townhouse,1400.0,1.0,1.0,550.0,0,0,1,0,12,0
524559,Calgary,Alberta,Sundance,50.9050989,-114.0446127,basement,1550.0,1.0,1.0,1000.0,0,0,0,0,12,0
572527,Calgary,Alberta,61 Galbraith Drive Southwest,51.0104967,-114.1442763,duplex,2200.0,3.0,1.5,1100.0,0,0,1,1,12,0
506011,Calgary,Alberta,927 2 Avenue Northwest,51.0553542,-114.0823738,apartment,1125.0,2.0,1.0,775.0,1,0,0,0,12,0
572291,Calgary,Alberta,Capitol Hill,51.0694748,-114.0862308,townhouse,3300.0,3.0,2.5,2000.0,0,0,1,1,6,0
564667,Calgary,Alberta,20 Edgebrook Circle Northwest,51.1335255,-114.1285225,house,3280.0,4.0,3.5,23001000.0,0,0,0,0,12,0
570877,Calgary,Alberta,3227 48 Street Northeast,51.0812743,-113.9640146,basement,1600.0,2.0,1.0,800.0,0,0,1,1,12,0
569516,Calgary,Alberta,Millrise,50.915798,-114.075618,duplex,2900.0,3.0,2.5,1432.0,1,0,0,0,6,0
572463,Calgary,Alberta,194 Creekstone Way Southwest,50.8623391,-114.0567475,house,3500.0,4.0,2.5,2100.0,0,0,0,0,12,0
572341,Calgary,Alberta,Capitol Hill,51.0694748,-114.0862308,basement,1700.0,1.0,1.0,700.0,0,0,1,1,6,0
98628,Calgary,Alberta,1078 6th Avenue Southwest,51.0482801,-114.0848585,apartment,3100.0,2.0,2.0,1076.0,1,0,0,0,12,0
565545,Calgary,Alberta,535 13 Ave SW,51.0031304,-114.0775041,apartment,1595.0,1.0,1.0,833.0,0,0,0,0,12,0
571464,Calgary,Alberta,850 Belmont Drive Southwest,50.863674,-114.0645162,townhouse,2350.0,2.0,2.5,1153.0,0,0,0,0,12,0
400121,Calgary,Alberta,Varsity,51.0918354,-114.1429668,house,2850.0,6.0,2.5,1220.0,0,0,0,0,12,0
528290,Calgary,Alberta,Pineridge,51.0762809,-113.9444622,house,2500.0,3.0,2.0,1125.0,0,0,1,1,12,0
549394,Calgary,Alberta,Homestead Blvd NE,51.114205840111,-113.912551031738,house,3000.0,3.0,2.5,1250.0,0,0,1,1,6,0
571956,Calgary,Alberta,Shawnee Sq SW,50.9225298,-114.0823528,townhouse,2700.0,3.0,2.5,1315.0,0,0,0,0,12,0
128795,Calgary,Alberta,Bridgeland,51.0496002,-114.0399127,apartment,2400.0,2.0,2.0,894.0,0,0,0,0,12,0
567466,Calgary,Alberta,Tuxedo Park,51.0807283,-114.0602761,house,1795.0,2.0,1.0,1000.0,0,0,0,0,12,0
556834,Calgary,Alberta,600 Princeton Way SW,51.0526419,-114.0739453,apartment,6200.0,2.0,2.5,2228.0,0,0,1,1,12,0
568494,Calgary,Alberta,"137 Red Embers Link NE, Calgary, AB, Canada",51.1678233,-113.9541348,townhouse,2400.0,3.0,2.5,1200.0,0,0,0,0,12,0
568116,Calgary,Alberta,96 Tuscany Summit Square Northwest,51.14172,-114.25548,townhouse,2550.0,2.0,2.5,1150.0,2,0,0,0,12,0
566223,Calgary,Alberta,1124 Cameron Avenue Southwest,51.0365637,-114.0874806,apartment,1600.0,1.0,1.0,675.0,0,0,0,0,12,0
572407,Calgary,Alberta,44 Cantrell Bay Southwest,50.9353019,-114.0736601,basement,1750.0,3.0,1.5,1385.0,0,0,1,1,12,0
572031,Calgary,Alberta,Tuscany,51.1370085,-114.2565258,house,3680.0,4.0,3.5,2049.0,0,0,0,0,12,0
566412,Calgary,Alberta,Legacy,50.860035461394,-114.026391444427,apartment,2400.0,2.0,2.0,1090.0,0,0,0,0,12,0
572428,Calgary,Alberta,500 Eau Claire Avenue Southwest,51.0527167,-114.0727724,apartment,4000.0,2.0,2.0,1813.0,1,0,0,0,12,0
299308,Calgary,Alberta,31 Artists View Drive,51.075279,-114.260576,apartment,1300.0,5.0,4.0,6500.0,2,0,0,0,3,0
571668,Calgary,Alberta,221 6 Avenue Southeast,51.0470618,-114.0589736,apartment,1975.0,1.0,1.0,780.0,0,0,0,0,12,0
491069,Calgary,Alberta,218 Windermere Road Southwest,51.0520983,-114.1575877,house,3000.0,3.0,2.0,1010.0,0,0,1,1,12,0
572478,Calgary,Alberta,3932 University Avenue Northwest,51.0784387,-114.1438921,apartment,1900.0,1.0,1.0,545.0,0,0,0,0,12,0
494346,Calgary,Alberta,Glenbrook,51.0220802,-114.1550187,house,2200.0,3.0,1.0,1118.0,0,0,1,1,12,0
572370,Calgary,Alberta,Hamptons,51.1443271,-114.1386829,basement,1700.0,2.0,1.0,1100.0,0,0,0,0,12,0
570720,Calgary,Alberta,740 Legacy Village Road Southeast,50.8599955,-114.0278348,apartment,2050.0,2.0,2.0,761.0,0,0,1,1,12,0
570613,Calgary,Alberta,Haysboro,50.9656412,-114.0872208,basement,1650.0,1.0,1.0,560.0,0,0,0,0,12,0
572536,Calgary,Alberta,8530 19 Avenue Southeast,51.036051,-113.9108734,townhouse,2400.0,2.0,2.5,1400.0,0,0,1,1,12,0
60575,Calgary,Alberta,Albert Park,51.03989,-113.99646,house,1995.0,3.0,1.5,1100.0,0,0,1,1,12,0
566425,Calgary,Alberta,400 Eau Claire Avenue Southwest,51.0531284,-114.0712433,townhouse,3500.0,2.0,2.5,1894.0,0,0,1,1,12,0
28378,Calgary,Alberta,Coventry Hills,51.167256029075,-114.065684699536,house,2300.0,3.0,2.5,1460.0,0,0,0,0,12,0
570781,Calgary,Alberta,Cornerstone,51.1680371,-113.9368255,duplex,2400.0,3.0,2.5,1616.0,0,0,0,0,12,0
396331,Calgary,Alberta,3500 Varsity Drive Northwest,51.0891985,-114.1398478,townhouse,2150.0,3.0,1.0,1200.0,0,0,0,0,12,0
52015,Calgary,Alberta,4540 73rd St,51.091943,-114.196452,townhouse,1395.0,2.0,1.0,1095.0,0,0,0,0,12,0
21994,Calgary,Alberta,505 6th St SW,51.048506,-114.076532,apartment,1749.0,1.0,1.0,700.0,0,0,1,0,12,0
568857,Calgary,Alberta,2395 Eversyde Avenue Southwest,50.90797,-114.11584,apartment,2100.0,2.0,1.0,650.0,1,0,0,0,12,0
572488,Calgary,Alberta,Downtown,51.0488531,-114.0538459,apartment,2400.0,1.0,1.0,750.0,0,0,1,1,6,0
459121,Calgary,Alberta,9204,50.974474146366,-114.140118497339,house,4500.0,4.0,3.5,1600.0,0,0,1,1,12,0
75958,Calgary,Alberta,Point McKay,51.061101458016,-114.146698714294,townhouse,2850.0,3.0,1.5,1600.0,0,0,0,0,12,0
570305,Calgary,Alberta,Rangeview,50.8800681,-113.9187964,house,2100.0,3.0,2.5,1435.0,0,0,0,0,12,0
552876,Calgary,Alberta,174 Legacy Reach Crescent Southeast,50.8557479,-113.9945054,basement,1600.0,2.0,1.0,850.0,0,0,1,1,12,0
142938,Calgary,Alberta,623 49 Ave SW,51.009395,-114.077801,basement,1750.0,1.0,1.0,1100.0,0,0,1,1,6,0
522987,Calgary,Alberta,Ogden,50.9844347,-114.0165201,apartment,850.0,4.0,2.0,1000.0,1,0,0,0,6,0
572424,Calgary,Alberta,35 Redstone Circle Northeast,51.1705603,-113.9652415,townhouse,2200.0,2.0,2.5,1247.0,0,0,0,0,12,0
52881,Calgary,Alberta,6632 Bowness Rd,51.0880873,-114.1853528,basement,1500.0,2.0,1.0,1029.0,0,0,1,0,12,0
570132,Calgary,Alberta,30 Discovery Ridge Cl SW,51.013461678,-114.214870788,apartment,2900.0,2.0,2.0,1304.0,0,0,0,0,12,0
453881,Calgary,Alberta,105 26 Avenue Southwest,51.0292343,-114.0649091,apartment,1875.0,1.0,1.0,695.0,0,0,1,1,12,0
571047,Calgary,Alberta,128 2 Street Southwest,51.052703533031,-114.068014643838,apartment,2300.0,1.0,1.0,515.0,2,0,0,0,12,0
405957,Calgary,Alberta,115 25 Ave SW,51.0301756,-114.0653515,apartment,1739.0,1.0,1.0,575.0,0,0,1,1,12,0
565829,Calgary,Alberta,120 Corner Meadows Gate Northeast,51.152728,-113.9333534,basement,1200.0,1.0,1.0,650.0,0,0,1,1,6,0
380270,Calgary,Alberta,Sage Hill,51.186754893266,-114.154840321674,apartment,2300.0,2.0,2.0,900.0,1,0,0,0,12,0
531072,Calgary,Alberta,1216 15 Avenue Southwest,51.0394829,-114.0900058,apartment,1850.0,1.0,1.0,600.0,0,0,1,1,12,0
526659,Calgary,Alberta,132 Nolancrest Circle NW,51.1756344,-114.1753539,basement,1200.0,1.0,1.0,650.0,1,0,0,0,12,0
542640,Calgary,Alberta,249 Calhoun Common Northeast,51.1860386,-114.0486879,house,3500.0,3.0,2.5,1900.0,1,0,0,0,3,0
363412,Calgary,Alberta,56 Elgin Meadows Manor Southeast,50.9076305,-113.9559955,basement,1600.0,1.0,1.0,800.0,0,0,1,1,12,0
571928,Calgary,Alberta,Panorama Hills,51.180273003033,-114.080311059605,apartment,2150.0,2.0,2.0,841.0,0,0,1,1,12,0
125703,Calgary,Alberta,4 Sage Hill Terrace NW,51.1701866,-114.13396,apartment,1850.0,1.0,1.0,650.0,0,0,0,0,12,0
391979,Calgary,Alberta,8 Shawglen Road Southwest,50.9040592,-114.0747937,house,2000.0,3.0,1.0,915.0,0,0,0,0,12,0
524900,Calgary,Alberta,249 Aquila Drive NW,51.185852130384,-114.167787499397,basement,1600.0,2.0,1.0,639.0,0,0,0,0,12,0
568613,Calgary,Alberta,81 Legacy Boulevard Southeast,50.8621378,-114.0232746,apartment,1950.0,2.0,2.0,987.0,0,0,0,0,12,0
137934,Calgary,Alberta,Lower Mount Royal,51.0338403,-114.0943875,apartment,1399.0,1.0,1.0,570.0,0,0,1,0,12,0
131397,Calgary,Alberta,Coventry Hills,51.1650486,-114.0546868,duplex,2100.0,3.0,1.5,1300.0,0,0,1,1,12,0
569643,Calgary,Alberta,16 Beacham Road Northwest,51.1271602,-114.0970189,house,2200.0,3.0,2.0,1260.0,0,0,0,0,12,0
570948,Calgary,Alberta,3707 Cedarille Drive Southwest,50.9527859,-114.132448,duplex,2300.0,3.0,1.5,1100.0,0,0,0,1,12,0
557133,Calgary,Alberta,1430 19 Avenue Southwest,51.0367278,-114.0956556,apartment,1775.0,1.0,1.0,491.0,0,2,1,1,12,0
566953,Calgary,Alberta,725 15 Avenue SW,51.0388032,-114.0785228,apartment,1725.0,1.0,1.0,533.0,0,0,0,0,12,0
569676,Calgary,Alberta,219 Huntington Park Bay Northwest,51.121146,-114.0827088,apartment,2000.0,3.0,1.0,1105.0,0,0,0,0,12,0
572404,Calgary,Alberta,Royal Oak Dr NW,51.144475645061,-114.226127827109,basement,1500.0,1.0,1.0,1000.0,0,0,0,0,12,0
349614,Calgary,Alberta,823 5 Ave NW,51.0579593,-114.084217,apartment,2900.0,1.0,2.0,791.0,1,0,1,1,12,0
34030,Calgary,Alberta,3510 16 Street SW,51.033228115264,-114.10457884988,apartment,1500.0,1.0,1.0,700.0,0,0,0,0,12,0
569487,Calgary,Alberta,8815 Cityscape Drive Northeast,51.1434299,-113.9492814,townhouse,2499.0,3.0,2.5,1380.0,0,0,0,1,12,0
360336,Calgary,Alberta,Southwood,50.963726,-114.089732,house,2850.0,5.0,2.0,1970.0,0,0,1,1,12,0
104489,Calgary,Alberta,6827 8 Avenue NE,51.059509,-113.9369583,basement,1499.0,2.0,1.0,800.0,0,0,1,1,12,0
572336,Calgary,Alberta,108 Waterfront Court Southwest,51.0527266,-114.0656748,apartment,2800.0,1.0,1.0,690.0,1,0,0,0,12,0
303110,Calgary,Alberta,15 Fullerton Road Southeast,50.981576,-114.0589692,house,1975.0,3.0,1.0,1100.0,0,0,0,0,12,0
566065,Calgary,Alberta,33 Carringham Gate Northwest,51.18536,-114.09107,apartment,2000.0,2.0,2.0,838.0,0,0,0,0,12,0
572369,Calgary,Alberta,1629 38 Street Southwest,51.038501,-114.1429764,apartment,2800.0,2.0,2.0,800.0,0,0,0,0,12,0
479452,Calgary,Alberta,3600 Brenner Dr. NW,51.104918,-114.141668,apartment,1959.0,2.0,1.0,1000.0,0,0,1,1,12,0
567767,Calgary,Alberta,University District,51.0780426,-114.1473037,apartment,2000.0,1.0,1.0,560.0,0,0,0,0,12,0
456385,Calgary,Alberta,23 Tuscany Ridge View Northwest,51.122662027954,-114.251722507935,house,3600.0,3.0,3.5,1700.0,0,0,1,1,12,0
567785,Calgary,Alberta,20 Masters Drive SE,50.8947183,-113.9105355,townhouse,2399.0,3.0,2.5,1459.0,0,0,1,1,12,0
572413,Calgary,Alberta,88 Millrise Close Southwest,50.9168813,-114.0843014,house,2100.0,3.0,1.0,1150.0,0,0,1,1,12,0
429702,Calgary,Alberta,924 14 Ave SW,51.0402476,-114.0829877,apartment,2100.0,1.0,1.0,950.0,1,0,0,0,6,0
569036,Calgary,Alberta,8710 Horton Rd SW,50.97813,-114.07336,apartment,2100.0,2.0,2.0,1042.0,0,0,0,0,12,0
565715,Calgary,Alberta,305 McKenzie Towne Lane Southeast,50.9149926,-113.9625306,townhouse,2400.0,2.0,2.0,974.0,0,0,1,1,12,0
492183,Calgary,Alberta,222 Riverfront Avenue Southwest,51.0524639,-114.0667871,apartment,3500.0,2.0,2.0,915.0,1,0,0,0,12,0
561049,Calgary,Alberta,1509 15 Avenue Southwest,51.0392619,-114.0954208,apartment,2000.0,2.0,2.0,855.0,0,0,1,1,12,0
516072,Calgary,Alberta,1515 5 Street Southwest,51.037999191437,-114.074763119049,apartment,2500.0,2.0,2.0,735.0,0,0,1,1,12,0
436051,Calgary,Alberta,Buffalo Rubbing Stone,51.17491452178,-114.089209800228,basement,1750.0,2.0,1.0,1000.0,1,0,0,0,3,0
142370,Calgary,Alberta,3711 Brantford Dr NW,51.0873183,-114.1251155,apartment,700.0,1.0,2.0,1200.0,1,0,0,0,12,0
535149,Calgary,Alberta,4350 Seton Dr SE,50.8768558,-113.9549403,apartment,2250.0,2.0,2.0,835.0,0,0,1,1,12,0
70736,Calgary,Alberta,1813 17th Street SW,51.037292,-114.1019574,house,1995.0,2.0,1.0,1150.0,0,0,0,1,6,0
128818,Calgary,Alberta,550 Riverfront Ave SE,51.0473453,-114.0502366,apartment,2250.0,2.0,1.0,650.0,0,0,0,0,12,0
515784,Calgary,Alberta,211 Aspen Stone Blvd SW,51.0389132,-114.2161818,apartment,1850.0,1.0,1.0,673.0,1,0,0,0,12,0
420265,Calgary,Alberta,4935 Dalton Drive NW,51.09992490152,-114.148308906329,townhouse,2100.0,3.0,2.5,1420.0,0,0,1,0,12,0
517677,Calgary,Alberta,Springbank Hill,51.036754,-114.2115804,basement,1950.0,2.0,1.0,1000.0,0,0,0,0,12,0
520590,Calgary,Alberta,Bridgeland,51.056034056939,-114.051813857672,duplex,2300.0,2.0,1.0,900.0,0,0,1,1,12,0
439257,Calgary,Alberta,1930 26A Street Southwest,51.0367123,-114.1249091,townhouse,3600.0,2.0,2.5,1500.0,1,0,0,0,12,0
31205,Calgary,Alberta,Auburn Bay,50.88528,-113.96389,house,1800.0,1.0,1.0,1100.0,2,0,0,0,12,0
522087,Calgary,Alberta,221 6 Avenue Southeast,51.047062,-114.0590197,apartment,2050.0,1.0,1.0,760.0,1,0,0,0,3,0
473734,Calgary,Alberta,71 Shawnee Common Southwest,50.9237167,-114.0783596,apartment,2200.0,2.0,2.0,958.0,0,0,1,1,12,0
342572,Calgary,Alberta,194 Evansridge Circle Northwest,51.1759405,-114.1210814,house,2850.0,4.0,3.5,2037.0,0,0,0,0,12,0
288857,Calgary,Alberta,90 Harvest Oak View NE,51.149006,-114.06274,house,2400.0,3.0,2.5,1650.0,0,0,1,1,12,0
572342,Calgary,Alberta,2233 34 Ave SW,51.02304,-114.1137792,apartment,1850.0,1.0,1.0,712.0,0,0,1,1,12,0
572401,Calgary,Alberta,Royal Oak Dr NW,51.141856042399,-114.238060987622,house,2700.0,3.0,2.5,2000.0,0,0,0,0,12,0
569932,Calgary,Alberta,112 14 AVE SE,51.039685,-114.062642,apartment,2995.0,2.0,1.0,807.0,1,0,1,1,6,0
572335,Calgary,Alberta,6407 128 Avenue Northeast,51.165317,-113.9406735,townhouse,2600.0,3.0,2.5,1570.0,0,0,0,0,12,0
347214,Calgary,Alberta,1520 12 Ave SW,51.0425868,-114.0960443,apartment,1500.0,1.0,1.0,513.0,0,0,1,1,12,0
569286,Calgary,Alberta,4931 Valiant Drive Northwest,51.0900674,-114.157637,house,2100.0,3.0,1.5,1214.0,0,0,0,0,12,0
569158,Calgary,Alberta,Marmot Wy NW,51.1867804,-114.1685842,house,2680.0,4.0,3.0,1820.0,0,0,0,0,12,0
572198,Calgary,Alberta,218 Carrington Gate Northwest,51.1797748,-114.0738683,basement,1700.0,2.0,1.0,1050.0,0,0,1,0,12,0
128377,Calgary,Alberta,141 C - 32 Ave. NE,51.0813728,-114.0601529,house,1555.0,2.0,1.0,700.0,0,0,0,0,12,0
113644,Calgary,Alberta,"9, 316 22 Ave. SW",51.0336719,-114.0699371,apartment,1500.0,1.0,1.0,545.0,0,0,1,0,12,0
572108,Calgary,Alberta,5132 33 Street Northwest,51.0997539,-114.1356359,house,3800.0,4.0,2.0,1341.0,1,0,0,1,3,0
570655,Calgary,Alberta,Ogden,50.9836114,-113.9955817,duplex,2500.0,3.0,1.0,4123.0,0,0,1,1,12,0
571969,Calgary,Alberta,16 Auburn Bay Link Southeast,50.883841,-113.9525431,apartment,2375.0,2.0,2.0,850.0,1,0,0,0,12,0
572209,Calgary,Alberta,111 Copperstone Park Southeast,50.91413,-113.91782,townhouse,2650.0,3.0,2.5,1378.0,0,0,0,0,12,0
565465,Calgary,Alberta,4720 21 Avenue Northwest,51.0750774,-114.1578191,house,2100.0,2.0,1.0,878.0,0,0,0,0,12,0
569638,Calgary,Alberta,1504 Evergreen Hill Southwest,50.9309438,-114.0951531,house,4500.0,3.0,2.5,2532.0,0,0,0,0,12,0
147972,Calgary,Alberta,Silverado,50.88257,-114.09319,townhouse,2200.0,2.0,2.5,1250.0,0,0,0,0,12,0
564118,Calgary,Alberta,506 2 Street Northeast,51.0563691,-114.0574152,duplex,4000.0,3.0,3.5,1700.0,0,0,0,0,12,0
551686,Calgary,Alberta,14545 1 Street Northwest,51.183942230343,-114.074599251659,townhouse,2500.0,3.0,2.5,1336.0,0,0,1,1,12,0
69408,Calgary,Alberta,Edgemont,51.136881552545,-114.144418406743,house,2800.0,3.0,2.5,2200.0,0,0,0,0,12,0
556743,Calgary,Alberta,3414 Lane Crescent Southwest,50.9999371,-114.1301673,house,3500.0,4.0,3.0,2700.0,0,0,1,0,12,0
568170,Calgary,Alberta,5411 54 Street Northeast,51.1008226,-113.9553622,basement,1650.0,2.0,1.0,1000.0,0,0,1,1,6,0
19663,Calgary,Alberta,71 Glamis Dr. SW,51.0160163,-114.1621168,apartment,1719.0,1.0,1.0,667.0,0,0,1,1,12,0
572103,Calgary,Alberta,Sage Hill Rise NW,51.173471,-114.1360503,townhouse,2500.0,3.0,3.0,1707.0,0,0,0,0,12,0
571652,Calgary,Alberta,Mount Pleasant,51.0685766,-114.0820591,basement,1150.0,1.0,1.0,700.0,0,0,0,0,6,0
569601,Calgary,Alberta,514 30 Street Northwest,51.0562816,-114.1305907,basement,1650.0,2.0,1.0,768.0,0,0,1,1,12,0
537915,Calgary,Alberta,Downtown,51.0482467,-114.0824216,apartment,2200.0,1.0,1.0,626.0,0,0,0,0,12,0
566394,Calgary,Alberta,Royal Oak Plaza NW,51.1504715,-114.2160277,apartment,1750.0,1.0,1.0,682.0,1,0,1,1,12,0
552439,Calgary,Alberta,Glacier Ridge,51.1879748,-114.1704037,house,2400.0,3.0,2.5,1486.0,0,0,0,0,12,0
149583,Calgary,Alberta,Coventry Hills,51.165539,-114.051833,house,3200.0,5.0,3.5,2018.0,0,0,0,0,12,0
566044,Calgary,Alberta,15 Saddlestone Way,51.1254731,-113.9290468,apartment,1099.0,1.0,1.0,935.0,1,0,0,0,6,0
71172,Calgary,Alberta,353 Wentworth Place SW,51.0533381,-114.2012899,house,3300.0,4.0,3.5,1900.0,0,0,0,0,12,0
367078,Calgary,Alberta,2304 26 Avenue Northwest,51.076323,-114.113219,house,2000.0,3.0,1.0,950.0,0,0,0,0,12,0
513906,Calgary,Alberta,10 Walgrove Walk Southeast,50.866747016623,-114.026804628607,apartment,1550.0,1.0,1.0,895.0,1,0,0,0,6,0
291115,Calgary,Alberta,117 Springwood DR SW,50.964466,-114.088494,house,2000.0,3.0,1.0,1049.0,0,0,0,0,12,0
569646,Calgary,Alberta,1122 3 St SE,51.0418015,-114.0555208,apartment,2995.0,2.0,2.0,925.0,0,0,1,1,12,0
569342,Calgary,Alberta,Kingsland,50.993092625441,-114.075982905805,duplex,1850.0,2.0,1.0,950.0,0,0,1,0,12,0
567576,Calgary,Alberta,85 Magnolia View Southeast,50.886584,-113.90825,house,2750.0,4.0,3.0,2000.0,0,0,1,0,12,0
570996,Calgary,Alberta,43 Setonstone Row Southeast,50.8695326,-113.9450362,house,3790.0,4.0,3.5,2405.0,0,0,1,1,12,0
571947,Calgary,Alberta,62 Silverado Ranch Way Southwest,50.888744,-114.0886169,house,5200.0,4.0,4.0,2872.0,0,0,0,0,12,0
569571,Calgary,Alberta,61 Verity Manor Southwest,50.9180806,-114.1558719,basement,1500.0,1.0,1.0,720.0,1,0,0,0,12,0
572174,Calgary,Alberta,125 Sage Hill Row NW,51.173879756101,-114.144172,apartment,1798.0,1.0,1.0,653.0,0,0,1,1,12,0
404070,Calgary,Alberta,33 red embers place ne,51.1675304,-113.9527477,basement,1300.0,1.0,1.0,700.0,0,0,1,0,12,0
523244,Calgary,Alberta,901 10 Avenue SW,51.043436652556,-114.082493303705,apartment,1895.0,1.0,1.0,500.0,0,0,0,0,12,0
572218,Calgary,Alberta,Cityscape Dr NE,51.1415909,-113.956218,townhouse,3095.0,3.0,2.5,1458.0,0,0,1,1,12,0
559486,Calgary,Alberta,901 10 Avenue SW,51.0436211,-114.081813,apartment,2190.0,1.0,1.0,600.0,2,0,1,1,6,0
327671,Calgary,Alberta,14 Quarry Lane SE,50.958296120517,-114.017722141278,townhouse,2800.0,2.0,2.5,1320.0,0,0,0,0,6,0
571204,Calgary,Alberta,93 Yorkville Landing Southwest,50.8720483,-114.0752071,duplex,2700.0,3.0,2.5,1700.0,0,0,0,0,12,0
572147,Calgary,Alberta,20 Seton Park Southeast,50.8788991,-113.949082,apartment,2250.0,2.0,1.0,575.0,0,0,0,0,12,0
562342,Calgary,Alberta,7650 202 Avenue Southeast,50.8669999,-113.9488707,house,1900.0,3.0,2.5,1600.0,0,0,0,0,12,0
567339,Calgary,Alberta,528 34 Avenue Northeast,51.0834574,-114.0512592,house,1800.0,3.0,1.0,1000.0,0,0,1,1,12,0
527846,Calgary,Alberta,Mckenzie Towne,50.9130919,-113.9543937,townhouse,2300.0,2.0,2.5,1100.0,0,0,0,1,12,0
569662,Calgary,Alberta,5720 2 Street Southwest,51.0031679,-114.0684141,apartment,1750.0,1.0,1.0,626.0,0,0,1,1,12,0
551449,Calgary,Alberta,75 Arbour Lake Heights Northwest,51.1319338,-114.2133979,house,3200.0,4.0,3.5,2194.0,0,0,0,0,12,0
566994,Calgary,Alberta,Cityscape Dr NE,51.2631243,-114.0451807,duplex,2700.0,3.0,2.5,1600.0,0,0,0,0,12,0
571833,Calgary,Alberta,10 Kincora Heights Northwest,51.1563816,-114.1357774,basement,1500.0,2.0,1.0,1200.0,0,0,0,0,12,0
565895,Calgary,Alberta,681 Savanna Boulevard Northeast,51.1344457,-113.9499589,apartment,2150.0,2.0,2.0,871.0,0,0,1,1,12,0
565948,Calgary,Alberta,14 Ave SW,51.0400799,-114.082787,apartment,2350.0,2.0,1.5,977.0,0,0,1,0,12,0
570866,Calgary,Alberta,37 Belmont Drive Southwest,50.874324,-114.0640624,basement,1500.0,1.0,1.0,535.0,0,0,0,0,12,0
526997,Calgary,Alberta,2619 16 Street Southwest,51.0307085,-114.0998514,apartment,1895.0,1.0,1.0,900.0,0,0,1,1,12,0
543613,Calgary,Alberta,Glacier Ridge,51.184773,-114.1676092,basement,1500.0,2.0,1.0,700.0,0,0,0,0,12,0
568802,Calgary,Alberta,117 Magnolia Crescent Southeast,50.8903463,-113.9192129,basement,1600.0,2.0,1.0,825.0,0,0,0,0,12,0
128071,Calgary,Alberta,5319 Buckthorn Rd  NW,51.0986603,-114.0670811,apartment,1000.0,2.0,1.0,1050.0,0,0,0,0,6,0
567245,Calgary,Alberta,12 Mahogany Row Southeast,50.898699,-113.9392251,duplex,3290.0,4.0,4.0,2000.0,0,0,0,0,12,0
560837,Calgary,Alberta,53 Edith Crescent Northwest,51.1878163,-114.1650612,basement,1450.0,2.0,1.0,700.0,0,0,0,1,12,0
548589,Calgary,Alberta,333 Garry Crescent Northeast,51.0964245,-114.0572112,apartment,1650.0,1.0,1.0,700.0,0,0,1,1,12,0
566483,Calgary,Alberta,95 Finch Gardens SE,50.885160584695,-113.920821088281,basement,1450.0,1.0,1.0,593.0,0,0,1,1,12,0
416412,Calgary,Alberta,3727 Sage Hill Drive NW,51.171837,-114.1399356,apartment,2150.0,2.0,2.0,850.0,0,0,1,1,6,0
526073,Calgary,Alberta,35 Kingsland Place Southwest,50.9850636,-114.0797672,house,2495.0,3.0,1.0,1200.0,0,0,0,0,12,0
572226,Calgary,Alberta,13119 Coventry Hills Way Northeast,51.169774,-114.0531656,basement,1500.0,2.0,1.0,1112.0,0,0,0,0,12,0
562655,Calgary,Alberta,Signal Hill,51.0253396,-114.1710718,house,4400.0,4.0,3.5,2200.0,0,0,0,0,12,0
499974,Calgary,Alberta,316 Calhoun Common Northeast,51.1859596,-114.0508725,house,3600.0,4.0,3.5,2483.0,0,0,1,1,12,0
342324,Calgary,Alberta,100 Auburn Meadows Common SE,50.893467783748,-113.944329155542,apartment,1625.0,1.0,1.0,544.0,0,0,0,0,12,0
564261,Calgary,Alberta,55 Lucas Way Northwest,51.188250099387,-114.078545839459,apartment,2100.0,2.0,2.0,826.0,0,0,0,0,12,0
387900,Calgary,Alberta,15233 1 St SE,50.9167238,-114.0661029,apartment,2300.0,2.0,2.0,750.0,0,0,0,0,12,0
571293,Calgary,Alberta,200 Seton Circle Southeast,50.8705009,-113.9568009,apartment,1795.0,1.0,1.0,543.0,0,0,0,0,12,0
423471,Calgary,Alberta,19626 42 Street Southeast,50.8764233,-113.9485701,apartment,1700.0,2.0,1.0,616.0,0,0,0,0,12,0
572146,Calgary,Alberta,118 Hotchkiss Manor SE,50.9192749,-113.8954796,house,3100.0,4.0,3.0,2200.0,0,0,0,0,12,0
572180,Calgary,Alberta,26 Ave NW,51.0760564,-114.0801595,house,2500.0,3.0,1.0,1450.0,0,0,1,0,12,0
568888,Calgary,Alberta,119 Cranberry Way Southeast,50.8897949,-113.9732434,apartment,800.0,4.0,2.0,1200.0,2,0,0,0,12,0
571911,Calgary,Alberta,229 Edith Road Northwest,51.183818,-114.1663598,house,3050.0,4.0,2.5,2164.0,0,0,0,0,12,0
572167,Calgary,Alberta,189 Copperstone Terrace Southeast,50.9177348,-113.9293608,house,2600.0,3.0,2.5,1400.0,0,0,1,0,12,0
572243,Calgary,Alberta,22 Panatella Road Northwest,51.1659576,-114.0880765,apartment,2200.0,2.0,2.0,750.0,0,0,1,1,12,0
571480,Calgary,Alberta,200 Seton Circle Southeast,50.8705009,-113.9568009,apartment,2375.0,2.0,2.0,905.0,0,0,0,0,12,0
509236,Calgary,Alberta,"2007 PINEPOINT ROAD, NE CALGARY",51.0703379,-113.9503219,house,2595.0,4.0,1.5,1300.0,1,0,0,0,12,0
567943,Calgary,Alberta,33 Carringham Gate Northwest,51.18536,-114.09107,apartment,2100.0,2.0,2.0,838.0,0,0,0,0,12,0
572033,Calgary,Alberta,2 Melville Place Southwest,50.9973228,-114.0835359,house,2950.0,5.0,3.0,1370.0,0,0,0,0,12,0
568991,Calgary,Alberta,Arbour Lake,51.1372293,-114.1855867,house,3000.0,4.0,2.5,1806.0,0,0,0,0,12,0
548413,Calgary,Alberta,1319 14 Avenue Southwest,51.0402459,-114.0927867,apartment,1650.0,0.0,1.0,450.0,0,0,1,1,12,0
564738,Calgary,Alberta,1620 70th Street SE,51.060082561883,-113.92352376074,apartment,1800.0,1.0,1.0,800.0,0,0,1,1,12,0
145121,Calgary,Alberta,1010 13 Ave SW,51.041183112117,-114.084545911484,apartment,1450.0,0.0,1.0,500.0,0,0,0,0,12,0
514141,Calgary,Alberta,1937 32 Avenue Southwest,51.024683,-114.1067552,house,1850.0,1.0,1.0,700.0,0,0,1,1,12,0
290642,Calgary,Alberta,Panorama Hills,51.16265027472,-114.100404365173,basement,1500.0,1.0,1.0,850.0,1,0,0,0,12,0
438379,Calgary,Alberta,1500 7 St SW,51.0387688,-114.0790789,apartment,1850.0,1.0,1.0,525.0,0,0,1,0,6,0
131400,Calgary,Alberta,23 Millrise Dr SW,50.9159848,-114.0733538,apartment,2150.0,2.0,2.0,862.0,0,0,0,0,12,0
97243,Calgary,Alberta,81 Cranston Drive SE,50.8897411,-113.9879164,house,2950.0,4.0,2.5,2372.0,0,0,0,0,12,0
87998,Calgary,Alberta,1727 10A Street SW,51.03629,-114.08585,apartment,1695.0,1.0,1.0,601.0,0,0,1,1,12,0
326281,Calgary,Alberta,218 Sherwood Sq NW,51.1661873,-114.1517771,townhouse,2550.0,3.0,2.5,1511.0,0,0,0,0,12,0
21536,Calgary,Alberta,271 Everglen Way SW,50.910081,-114.124593,house,2700.0,4.0,2.0,1800.0,0,0,1,1,12,0
572107,Calgary,Alberta,200 Seton Circle Southeast,50.8705009,-113.9568009,apartment,2100.0,2.0,2.0,754.0,0,0,1,1,6,0
548635,Calgary,Alberta,927 Robert Road Northeast,51.060870633138,-114.031650756912,apartment,875.0,1.0,3.0,2000.0,1,0,0,0,6,0
59665,Calgary,Alberta,Elbow Park,51.0198909,-114.0777876,house,2000.0,2.0,1.0,1300.0,0,0,1,1,12,0
572049,Calgary,Alberta,639 Thornhill Drive Northwest,51.0984646,-114.0760098,house,3500.0,4.0,2.0,1056.0,1,0,0,0,12,0
432269,Calgary,Alberta,North Haven,51.1031862,-114.086015,house,3600.0,4.0,2.5,2500.0,2,0,1,0,12,0
568516,Calgary,Alberta,46 Tuscany Springs Heights Northwest,51.1359302,-114.2449666,house,2350.0,3.0,2.5,1318.0,0,0,0,0,12,0
38006,Calgary,Alberta,Albert Park,51.03989,-113.99646,house,1649.0,2.0,1.0,1000.0,0,0,1,0,12,0
567912,Calgary,Alberta,398 Elgin Way Southeast,50.9068615,-113.9702868,house,1695.0,1.0,1.0,598.0,0,0,1,1,6,0
519876,Calgary,Alberta,Erlton,51.0285136,-114.0602171,house,3600.0,3.0,2.0,1550.0,0,0,1,1,6,0
572083,Calgary,Alberta,901 10 Avenue Southwest,51.0434343,-114.0825137,apartment,2395.0,2.0,1.0,700.0,0,0,1,1,12,0
572035,Calgary,Alberta,1437 41 Street Southwest,51.0399968,-114.1472558,basement,1450.0,2.0,1.0,1000.0,1,0,0,0,12,0
570903,Calgary,Alberta,Beltline,51.0399472,-114.0856589,apartment,1825.0,1.0,1.0,550.0,0,0,1,0,12,0
572112,Calgary,Alberta,200 Seton Circle Southeast,50.8705009,-113.9568009,apartment,2100.0,2.0,2.0,754.0,0,0,1,1,6,0
566526,Calgary,Alberta,88 Cornerbrook Gate Northeast,51.1557351,-113.9333002,basement,1480.0,2.0,1.0,950.0,0,0,0,0,12,0
343589,Calgary,Alberta,University Heights,51.0710586,-114.1291837,apartment,850.0,1.0,1.0,1395.0,1,0,0,0,3,0
553057,Calgary,Alberta,322 Pineland Place Northeast,51.0812204,-113.944223,basement,1100.0,1.0,1.0,600.0,0,0,0,0,12,0
543315,Calgary,Alberta,239 15 Avenue Northeast,51.0658317,-114.0578649,house,1875.0,2.0,1.0,850.0,0,0,1,0,12,0
564806,Calgary,Alberta,Savanna Villas NE,51.1384174,-113.9644382,house,3200.0,3.0,4.0,2266.0,0,0,0,0,12,0
146017,Calgary,Alberta,1111 6 Ave SW,51.048076477323,-114.086069269836,apartment,1850.0,1.0,1.0,570.0,0,0,1,1,12,0
572060,Calgary,Alberta,3320 3 Avenue Northwest,51.057308,-114.134879,apartment,2950.0,2.0,2.0,950.19,1,0,0,0,12,0
297702,Calgary,Alberta,North Glenmore Park,51.0031935,-114.1127226,basement,1750.0,2.0,1.0,800.0,0,0,0,0,6,0
522162,Calgary,Alberta,1118 12 Avenue Southwest,51.0423757,-114.0876612,apartment,2850.0,2.0,2.0,1000.0,1,0,0,0,12,0
419325,Calgary,Alberta,1719 9a St SW,51.0368627,-114.0862148,apartment,2100.0,1.0,1.0,650.0,0,0,1,1,12,0
99908,Calgary,Alberta,Evergreen,50.90903034493,-114.104077600803,basement,1100.0,1.0,1.0,700.0,0,0,0,0,12,0
547253,Calgary,Alberta,Arbour Lake,51.133625,-114.1933195,house,3500.0,4.0,3.0,1322.0,0,0,1,1,12,0
79858,Calgary,Alberta,139 hawkhill Pl,51.1300267,-114.1621076,house,3100.0,3.0,2.5,1867.0,0,0,1,0,12,0
560607,Calgary,Alberta,Shawnee Sq SW,50.922076667222,-114.083339852917,townhouse,2400.0,3.0,2.5,1314.0,0,0,1,1,12,0
571999,Calgary,Alberta,510 6 Ave SE,51.0472856,-114.0522252,apartment,3200.0,2.0,2.0,1100.0,0,0,0,0,12,0
513510,Calgary,Alberta,229 Skyview Ranch Boulevard Northeast,51.1634957,-113.9514302,basement,1350.0,1.0,1.0,600.0,0,0,0,0,12,0
572026,Calgary,Alberta,2713 40 Street Southwest,51.0299205,-114.145724,duplex,2000.0,2.0,1.5,1150.0,0,0,1,0,12,0
342044,Calgary,Alberta,15 Sierra Vista Terrace Southwest,51.009949605215,-114.188645632137,house,2600.0,3.0,2.5,1849.0,0,0,0,0,12,0
570609,Calgary,Alberta,9908 Bonaventure Drive Southeast,50.9637464,-114.0678537,townhouse,2300.0,4.0,1.5,1300.0,0,0,0,0,12,0
111958,Calgary,Alberta,2005 11th ave sw,51.0433624,-114.1072339,apartment,1650.0,1.0,1.0,600.0,0,0,1,0,12,0
571967,Calgary,Alberta,301 Redstone Boulevard,51.1687875,-113.9518872,townhouse,2200.0,2.0,2.5,1320.0,0,0,0,0,12,0
568851,Calgary,Alberta,2042 5 Street Northeast,51.0705963,-114.0507405,house,2300.0,3.0,1.5,1600.0,0,0,0,0,12,0
536267,Calgary,Alberta,10 Prestwick Bay Southeast,50.92759,-113.960394,apartment,2100.0,2.0,1.0,868.0,0,0,1,0,12,0
334472,Calgary,Alberta,1410 1 St SE,51.0388069,-114.0605887,apartment,2550.0,2.0,2.0,1087.0,0,0,0,0,12,0
560507,Calgary,Alberta,3908 Centre A St N,51.087150707177,-114.0607325,apartment,1549.0,1.0,1.0,595.0,0,0,0,0,12,0
496684,Calgary,Alberta,11 Signal Hill Terrace,51.0227663,-114.1763416,apartment,1100.0,1.0,1.0,500.0,1,0,0,0,6,0
563482,Calgary,Alberta,Eau Claire,51.0504736,-114.0777736,apartment,2600.0,2.0,2.0,945.0,2,0,0,0,12,0
561551,Calgary,Alberta,714 Salisbury Avenue Southeast,51.0389133,-114.0446613,duplex,2100.0,3.0,1.5,1200.0,0,0,1,1,3,0
125652,Calgary,Alberta,67 Nolancrest Rise,51.177123616308,-114.164455444952,house,2950.0,3.0,2.5,2115.0,0,0,0,0,12,0
440585,Calgary,Alberta,1209 Riverdale Avenue Southwest,51.0168103,-114.088027,house,12000.0,4.0,3.5,3200.0,1,0,0,1,6,0
529561,Calgary,Alberta,260 Belmont Boulevard Southwest,50.8704468,-114.063082,house,2650.0,3.0,2.5,1550.0,0,0,0,0,12,0
571955,Calgary,Alberta,681 Savanna Boulevard Northeast,51.1347734,-113.9496885,apartment,2295.0,2.0,2.0,1095.0,0,0,0,0,12,0
137286,Calgary,Alberta,Coach Hill,51.05913,-114.18028,apartment,850.0,5.0,5.0,3000.0,1,0,0,0,12,0
494696,Calgary,Alberta,Wildwood,51.050676350658,-114.148726090457,basement,1775.0,2.0,1.0,700.0,0,0,0,0,12,0
570723,Calgary,Alberta,Westgate,51.0471948,-114.1529439,house,2400.0,2.0,1.0,900.0,2,0,0,0,12,0
570095,Calgary,Alberta,472 Dalmeny Hill Northwest,51.1156731,-114.1576104,house,4490.0,6.0,3.0,2100.0,0,0,0,0,12,0
22946,Calgary,Alberta,879 Whitehill Way NE,51.094977682064,-113.967700910034,house,2400.0,3.0,1.0,1200.0,0,0,0,0,6,0
2542,Calgary,Alberta,305 13 Avenue NE,51.0640666,-114.0573792,apartment,1525.0,1.0,1.0,520.0,0,0,1,1,12,0
564065,Calgary,Alberta,167 Creekstone Way Southwest,50.8626941,-114.0559902,duplex,2280.0,3.0,2.5,1595.0,0,0,1,1,12,0
528007,Calgary,Alberta,336 Lucas Way Northwest,51.1903796,-114.0820402,house,3600.0,3.0,2.5,2400.0,0,0,0,0,12,0
548898,Calgary,Alberta,Finch Gardens SE ,50.8704977,-113.925927,house,1995.0,3.0,2.5,1800.0,0,0,0,0,12,0
571819,Calgary,Alberta,3932 University Avenue Northwest,51.07855,-114.1439,apartment,2000.0,1.0,1.0,747.0,0,0,0,0,12,0
569018,Calgary,Alberta,2906 17 Street Southwest,51.0283577,-114.1017827,house,3000.0,4.0,2.5,1000.0,0,0,1,1,6,0
571857,Calgary,Alberta,92 Evansview Gardens Northwest,51.1692162,-114.1185852,townhouse,2400.0,2.0,2.5,1350.0,0,0,0,0,12,0
537655,Calgary,Alberta,West Springs,51.0628673,-114.1902316,apartment,900.0,1.0,1.0,2300.0,1,0,0,0,6,0
569309,Calgary,Alberta,Edith Place  NW calgary,51.1884208,-114.1692205,duplex,2500.0,3.0,2.5,1640.0,0,0,1,1,12,0
571806,Calgary,Alberta,123 Scenic Ridge Court Northwest,51.1094502,-114.2175366,house,3700.0,4.0,3.0,1686.0,0,0,0,0,12,0
520773,Calgary,Alberta,1078 6th Avenue Southwest,51.0482801,-114.0848585,apartment,2850.0,2.0,2.0,1076.0,1,0,0,0,6,0
51407,Calgary,Alberta,1715 24 Avenue SW,51.0322456,-114.100702,apartment,1575.0,1.0,1.0,500.0,0,0,1,1,12,0
547806,Calgary,Alberta,612 67 Avenue Southwest,50.99336,-114.07479,apartment,2030.0,2.0,1.0,710.0,0,0,1,1,12,0
513402,Calgary,Alberta,101 Panatella Square Northwest,51.1699085,-114.0703904,townhouse,2650.0,3.0,3.0,1608.0,0,0,1,1,12,0
32351,Calgary,Alberta,216 Doverglen Cres. SE,51.021581,-113.9996748,apartment,1525.0,1.0,1.0,479.0,0,0,1,1,12,0
567603,Calgary,Alberta,5 Amblefield Passage NW',51.187031,-114.1131919,house,2500.0,4.0,2.5,1800.0,0,0,0,0,12,0
568891,Calgary,Alberta,938 McKenzie Towne Manor Southeast,50.9121329,-113.9557594,townhouse,2150.0,2.0,1.0,904.0,0,0,1,1,12,0
571017,Calgary,Alberta,50 Cornerstone Passage Northeast,51.16425,-113.9437538,townhouse,2395.0,3.0,2.5,1335.0,0,0,1,1,12,0
569483,Calgary,Alberta,1271 Cornerstone Boulevard Northeast,51.1567853,-113.9386421,duplex,2400.0,3.0,2.5,1600.0,0,0,0,0,12,0
568616,Calgary,Alberta,Evanston,51.182463,-114.1066592,basement,1600.0,2.0,1.0,735.0,0,0,0,0,12,0
570867,Calgary,Alberta,18 Cornerstone Passage Northeast,51.1643226,-113.9413955,townhouse,2595.0,4.0,2.5,1650.0,0,0,1,1,12,0
570255,Calgary,Alberta,7606 202 Avenue Southeast,50.8705101,-113.9244578,house,2300.0,3.0,2.5,1500.0,0,0,1,1,12,0
307650,Calgary,Alberta,222 Riverfront Avenue Southwest,51.053057389119,-114.068332052393,apartment,2500.0,1.0,1.0,680.0,1,0,0,0,12,0
571803,Calgary,Alberta,820 Memorial Drive Northwest,51.055421,-114.0787797,apartment,2400.0,1.0,1.0,725.0,1,0,0,0,3,0
2593,Calgary,Alberta,1611 23 Avenue SW,51.033071,-114.097989,apartment,1675.0,1.0,1.0,450.0,0,0,1,1,12,0
569828,Calgary,Alberta,107 Shawglen Road Southwest,50.9041899,-114.0714109,basement,1700.0,2.0,1.0,950.0,0,0,0,0,12,0
454255,Calgary,Alberta,287 Southampton Drive Southwest,50.9529658,-114.0882192,apartment,850.0,3.0,1.5,1300.0,0,0,0,0,3,0
569033,Calgary,Alberta,14941 1 Street Northwest,51.1877799,-114.07369,house,2500.0,3.0,2.5,1729.0,0,0,0,0,12,0
569488,Calgary,Alberta,1271 Cornerstone Boulevard Northeast,51.1567853,-113.9386421,basement,1400.0,1.0,1.0,700.0,0,0,0,0,12,0
493504,Calgary,Alberta,8880 Horton Road SW,50.9746499,-114.07466,apartment,2205.0,2.0,2.0,976.0,0,0,1,1,12,0
569255,Calgary,Alberta,219 Aquila Way NW,51.1845739,-114.1717166,house,2800.0,4.0,3.0,1600.0,0,0,0,0,12,0
90938,Calgary,Alberta,Signal Hill,51.019812650964,-114.177846894706,basement,1500.0,1.0,1.0,1000.0,2,0,0,0,6,0
570786,Calgary,Alberta,69 Springborough Court Southwest,51.0347142,-114.1890417,apartment,1850.0,1.0,1.0,644.0,0,0,0,0,12,0
489513,Calgary,Alberta,40 Walgrove Walk Southeast,50.8653111,-114.0266012,apartment,2199.0,2.0,2.0,817.0,0,0,0,0,12,0
566597,Calgary,Alberta,3308 38 Street Southwest,51.0250868,-114.142296,basement,1800.0,2.0,1.0,900.0,0,0,1,0,12,0
447882,Calgary,Alberta,405 50 Avenue Southwest,51.008524,-114.072017,duplex,4000.0,4.0,3.5,1800.0,0,0,0,1,12,0
545352,Calgary,Alberta,Woodlands,50.9463281,-114.1117574,house,3400.0,4.0,3.5,3100.0,1,0,0,0,6,0
568994,Calgary,Alberta,Sundance,50.8966463,-114.0273156,basement,1700.0,2.0,1.0,1000.0,0,0,1,1,12,0
569231,Calgary,Alberta,15 Sage Meadows Landing Northwest,51.1803525,-114.1322777,apartment,2200.0,2.0,2.0,725.0,1,0,0,0,12,0
517068,Calgary,Alberta,360 Harvest Hills Way Northeast,51.15329,-114.0422,apartment,1995.0,2.0,2.0,900.0,0,0,0,0,12,0
571876,Calgary,Alberta,Shawnee Slopes,50.9219684,-114.0816077,apartment,700.0,3.0,2.0,450.0,1,0,0,0,12,0
355717,Calgary,Alberta,612 4th Ave NE,51.0565375,-114.0492047,apartment,1399.0,0.0,1.0,501.0,0,0,1,1,12,0
103709,Calgary,Alberta,1616 8 Ave NW,51.07284252751,-114.095442681897,apartment,2150.0,2.0,1.0,888.0,0,0,0,0,12,0
446215,Calgary,Alberta,3708 42 St SW,51.0220319,-114.1479392,basement,1550.0,2.0,1.0,1200.0,0,0,0,0,6,0
548902,Calgary,Alberta,Finch Gardens SE,50.8704977,-113.925927,basement,1295.0,2.0,1.0,850.0,0,0,0,0,6,0
292451,Calgary,Alberta,268 Prestwick Manor SE,50.9252627,-113.9679071,apartment,1000.0,1.0,2.5,2200.0,1,0,0,0,6,0
571150,Calgary,Alberta,60 Dovercroft Place Southeast,51.0188392,-113.9857865,house,1900.0,3.0,1.0,1000.0,0,0,0,0,12,0
571821,Calgary,Alberta,55 Aspen Hills Green Southwest,51.0390648,-114.2184752,townhouse,2650.0,2.0,2.0,1030.0,1,0,1,0,12,0
485692,Calgary,Alberta,4524 70 Street Northwest,51.0926685,-114.1938517,house,1900.0,3.0,1.0,1079.0,0,0,0,0,12,0
532053,Calgary,Alberta,University Heights,51.0704486,-114.1294257,apartment,800.0,6.0,2.0,800.0,2,0,0,0,12,0
548075,Calgary,Alberta,1304 96 Avenue Southwest,50.9680062,-114.0904134,apartment,800.0,1.0,2.0,1800.0,1,0,0,0,6,0
524307,Calgary,Alberta,129 Nolanhurst Way Northwest,51.1799236,-114.1741877,basement,1350.0,1.0,1.0,750.0,1,0,1,1,12,0
571762,Calgary,Alberta,98 Panatella Villas Northwest,51.1642041,-114.0908303,townhouse,2600.0,2.0,2.0,1236.0,0,0,0,0,12,0
327611,Calgary,Alberta,150 Auburn Meadows Manor Southeast,50.892466751158,-113.945910860258,apartment,1800.0,1.0,1.0,552.0,0,0,0,0,12,0
570010,Calgary,Alberta,Sandstone,51.1329429,-114.0948967,basement,1550.0,2.0,1.0,1000.0,0,0,0,0,12,0
76509,Calgary,Alberta,301 Village Mews,51.058547,-114.166255,apartment,2200.0,2.0,2.5,1000.0,0,0,1,1,12,0
569553,Calgary,Alberta,58 Verity Manor Southwest,50.9180205,-114.155536,house,3150.0,3.0,2.5,2228.0,0,0,0,0,12,0
568199,Calgary,Alberta,728 4A Street Northeast,51.0582178,-114.0516787,duplex,3300.0,3.0,3.5,1800.0,0,0,1,1,12,0
570253,Calgary,Alberta,Charleswood,51.0952245,-114.1175891,basement,1950.0,3.0,1.0,1163.0,0,0,0,0,12,0
317444,Calgary,Alberta,306 Cranston Way Southeast,50.886662,-113.976496,house,2800.0,3.0,2.5,1700.0,0,0,0,0,12,0
379166,Calgary,Alberta,279 Copperpond Common SE,50.9261441,-113.9321772,apartment,2300.0,2.0,2.0,802.0,0,0,1,1,12,0
566118,Calgary,Alberta,Auburn Bay,50.8945167,-113.9483243,basement,1300.0,1.0,1.0,650.0,0,0,0,0,12,0
571700,Calgary,Alberta,Glacier Ridge,51.1852621,-114.1676021,house,3000.0,3.0,2.5,1500.0,1,0,0,0,12,0
82259,Calgary,Alberta,1540 Sherwood Blvd NW,51.162123,-114.158091,apartment,2325.0,2.0,2.0,889.0,0,0,0,0,12,0
512266,Calgary,Alberta,1010 6 Street Southwest,51.0431794,-114.076378,apartment,1745.0,1.0,1.0,449.0,0,0,0,0,12,0
566606,Calgary,Alberta,Mahogany,50.8880294,-113.907984,basement,1600.0,2.0,1.0,560.0,0,0,1,1,12,0
571723,Calgary,Alberta,144 Greenbriar Way Northwest,51.0884871,-114.2176478,townhouse,3100.0,3.0,4.0,1650.0,0,0,0,0,12,0
463163,Calgary,Alberta,727 1st Ave NW,51.056681,-114.0778775,apartment,1805.0,1.0,1.0,500.0,0,0,1,1,12,0
462707,Calgary,Alberta,5709 2 Street Southwest,51.003851858431,-114.068871734393,apartment,1775.0,1.0,1.0,541.0,0,0,1,1,12,0
564567,Calgary,Alberta,17 Massey Place Southwest,50.9964019,-114.0909998,house,5600.0,4.0,2.0,3000.0,0,0,0,0,12,0
436132,Calgary,Alberta,Beltline,51.0401695,-114.0926739,apartment,2250.0,2.0,2.0,792.0,2,0,1,1,12,0
569978,Calgary,Alberta,1310 95 Burma Star Rd Sw,51.0158831,-114.1290592,apartment,2100.0,1.0,1.0,621.0,0,0,1,1,12,0
571790,Calgary,Alberta,84 Creekstone Drive Southwest,50.861758,-114.0644972,house,2450.0,3.0,2.5,1650.0,0,0,1,0,12,0
471498,Calgary,Alberta,22 Richard Place SW,51.0075922,-114.1311502,apartment,2000.0,1.0,1.0,571.0,0,0,1,1,12,0
571691,Calgary,Alberta,101 Panatella Square Northwest,51.169495,-114.0708119,townhouse,2300.0,2.0,2.5,1039.0,0,0,0,0,12,0
472225,Calgary,Alberta,Bowness,51.089288,-114.1917395,basement,1300.0,1.0,1.0,750.0,0,0,0,0,12,0
561374,Calgary,Alberta,1320 1 St SE,51.039752494,-114.060494628,apartment,2200.0,1.0,1.0,600.0,0,0,0,0,12,0
372096,Calgary,Alberta,Panorama Hills,51.161985,-114.096757,basement,1700.0,2.0,1.0,950.0,1,0,0,0,12,0
571477,Calgary,Alberta,2053 33 Street Southeast,51.0325254,-113.991357,house,700.0,1.0,1.0,100.0,1,2,0,0,12,0
362450,Calgary,Alberta,315 4 Avenue Northeast,51.0559596,-114.0566115,apartment,1695.0,2.0,1.0,764.0,0,0,0,0,12,0
571646,Calgary,Alberta,55 Wolf Hollow Crescent Southeast,50.874504,-114.0032393,apartment,1950.0,1.0,1.0,640.0,0,0,1,1,12,0
566298,Calgary,Alberta,100 Nolan Hill Rise NW,51.1685204,-114.15635,apartment,1735.0,1.0,1.0,611.0,0,0,1,1,12,0
520120,Calgary,Alberta,41 Erin Ridge Road SE,51.0174295,-113.9763462,basement,1095.0,1.0,1.0,1050.0,0,0,1,1,12,0
556088,Calgary,Alberta,Ambleton St NW,51.1861119,-114.1111663,basement,1300.0,1.0,1.0,750.0,0,0,0,0,12,0
568919,Calgary,Alberta,1053 10 Street Southwest,51.04347,-114.08661,apartment,1800.0,1.0,1.0,454.0,0,0,1,1,12,0
493842,Calgary,Alberta,327 9A Street Northwest,51.0550866,-114.0848282,apartment,2300.0,2.0,2.0,658.0,0,0,1,1,12,0
19660,Calgary,Alberta,700 9 St. SW,51.0468335,-114.0834665,apartment,1779.0,1.0,1.0,650.0,0,0,1,1,12,0
565903,Calgary,Alberta,155 Skyview Ranch Way NE,51.1645254,-113.9644051,apartment,2500.0,2.0,2.0,850.0,0,0,0,0,12,0
480145,Calgary,Alberta,75 Fay Road Southeast,50.9805973,-114.0678019,basement,1400.0,1.0,1.0,950.0,0,0,0,0,12,0
570518,Calgary,Alberta,905 13 Street Southeast,51.0400822,-114.0320054,apartment,1730.0,1.0,1.0,650.0,0,0,1,0,12,0
91844,Calgary,Alberta,1110 11 Street SW,51.042379,-114.08879,apartment,3600.0,2.0,2.0,1100.0,1,0,1,1,6,0
570290,Calgary,Alberta,30 Mount McKenzie Villas Southeast,50.9152764,-113.9867798,duplex,2700.0,2.0,3.0,1201.0,0,0,0,1,3,0
333243,Calgary,Alberta,541 53 Ave SW,51.0057879,-114.0761449,house,1700.0,2.0,1.0,1000.0,0,0,0,0,12,0
568989,Calgary,Alberta,3704 Cedarille Drive SW,50.9523082,-114.1327498,duplex,2200.0,3.0,1.5,1100.0,0,0,0,1,12,0
401926,Calgary,Alberta,1240 12 Avenue Southwest,51.0424695,-114.090882,apartment,2200.0,2.0,1.0,888.0,0,0,1,1,12,0
530318,Calgary,Alberta,315 Southampton Dr SW,50.9519021,-114.0855439,apartment,1800.0,2.0,1.5,800.0,0,0,1,0,12,0
540392,Calgary,Alberta,5404 10 Avenue Southeast,51.0435742,-113.9933716,townhouse,1750.0,2.0,1.0,1000.0,0,0,0,0,12,0
566940,Calgary,Alberta,Glacier Ridge,51.1878613,-114.1704043,duplex,2600.0,3.0,2.5,1660.0,0,0,1,1,12,0
570676,Calgary,Alberta,Strathearn Crescent SW,51.0436267,-114.1657416,house,2950.0,3.0,2.5,2100.0,0,0,0,0,12,0
525973,Calgary,Alberta,204 New Brighton Villas Southeast,50.9153385,-113.9442585,townhouse,2500.0,2.0,2.5,1136.0,0,0,0,0,12,0
547137,Calgary,Alberta,8535 19 Avenue Southeast,51.0356764,-113.9118449,townhouse,2600.0,3.0,2.5,1566.0,0,0,1,1,12,0
566853,Calgary,Alberta,Woodbine,50.9326366,-114.1287801,house,5000.0,4.0,3.5,2840.0,0,0,0,0,12,0
571078,Calgary,Alberta,245 Harvest Hills Drive Northeast,51.1510751,-114.0597113,apartment,950.0,1.0,1.0,250.0,1,0,1,0,12,0
491748,Calgary,Alberta,Hidden Hills Rd NW,51.148956052088,-114.131430545894,house,2800.0,4.0,2.5,1400.0,0,0,1,1,6,0
571696,Calgary,Alberta,3932 University Avenue Northwest,51.07855,-114.1439,apartment,1950.0,1.0,1.0,545.0,0,0,0,0,12,0
571814,Calgary,Alberta,Dalrymple Crescent NW,51.1105739,-114.1621279,duplex,2900.0,2.0,1.0,921.0,0,0,0,0,6,0
569362,Calgary,Alberta,Parkdale,51.0574793,-114.133678,apartment,1000.0,3.0,2.5,1870.0,0,0,0,0,12,0
99026,Calgary,Alberta,707 4 Street Northeast,51.057541,-114.053531,apartment,1750.0,1.0,1.0,638.0,0,0,1,1,12,0
570744,Calgary,Alberta,Panorama Hills,51.164712,-114.0925833,townhouse,1995.0,2.0,1.0,700.0,0,0,1,1,12,0
566222,Calgary,Alberta,1090 Mahogany Boulevard Southeast,50.8890474,-113.9123694,basement,1675.0,2.0,2.0,620.0,0,0,0,0,12,0
552958,Calgary,Alberta,2715 12th Ave. SE,51.0417615,-113.9971568,apartment,2195.0,2.0,2.0,700.0,0,0,0,0,12,0
566376,Calgary,Alberta,102 Arbour Lake Road Northwest,51.1286057,-114.2138921,townhouse,2795.0,3.0,2.5,1250.0,0,0,0,0,12,0
473397,Calgary,Alberta,2124 15 Street SW,51.0356789,-114.0970703,apartment,1550.0,1.0,1.0,558.0,0,0,1,1,12,0
497066,Calgary,Alberta,58 Country Hills Gardens Northwest,51.1465642,-114.0807671,townhouse,2400.0,2.0,2.5,1553.0,0,0,0,0,12,0
571032,Calgary,Alberta,Livingston,51.1796758,-114.0691827,basement,1450.0,1.0,1.0,850.0,0,0,0,0,12,0
571659,Calgary,Alberta,Tuscany,51.1326005,-114.2484595,house,3500.0,5.0,3.5,2100.0,0,0,1,1,12,0
3474,Calgary,Alberta,1612 24 Avenue SW,51.0325951,-114.0980284,apartment,1525.0,1.0,1.0,497.0,0,0,1,1,12,0
569300,Calgary,Alberta,8007 Huntington Road Northeast,51.1231964,-114.0596142,basement,1600.0,1.0,1.0,600.0,1,0,1,0,12,0
457908,Calgary,Alberta,Sunnyside,51.055349813978,-114.085492614819,apartment,1000.0,2.0,1.0,750.0,1,0,0,0,3,0
571535,Calgary,Alberta,Kingsland,50.9857031,-114.0763509,basement,1650.0,2.0,1.0,949.0,2,0,0,0,12,0
571599,Calgary,Alberta,1538 27 Avenue Southwest,51.029666,-114.0968462,apartment,1750.0,2.0,1.0,750.0,0,0,1,1,12,0
570711,Calgary,Alberta,1137 McKenzie Towne Row Southeast,50.9117199,-113.956395,townhouse,2400.0,2.0,2.5,1243.0,0,0,1,1,12,0
398541,Calgary,Alberta,1110 11 Street SW,51.0423912,-114.0886697,apartment,1800.0,1.0,1.0,590.0,0,0,1,1,6,0
485608,Calgary,Alberta,1631 28 Avenue Southwest,51.0283293,-114.0987351,apartment,2200.0,2.0,2.0,1007.0,0,0,0,0,12,0
337415,Calgary,Alberta,2417 14a St SW,51.0324264,-114.0962183,apartment,1850.0,2.0,1.0,968.0,0,0,1,1,12,0
560208,Calgary,Alberta,Midnapore,50.911992,-114.059893,townhouse,3250.0,3.0,2.5,1058.0,1,0,0,1,3,0
570753,Calgary,Alberta,76 Thornwood Close Northwest,51.1081492,-114.0803409,basement,1450.0,1.0,1.0,950.0,0,0,0,0,12,0
565723,Calgary,Alberta,238 Sage Valley Common Northwest,51.1820443,-114.1586445,apartment,1695.0,1.0,1.0,664.0,0,0,1,1,12,0
378049,Calgary,Alberta,Panamount Drive Northwest,51.1573168,-114.0734519,apartment,1350.0,1.0,1.0,750.0,0,0,0,0,12,0
571527,Calgary,Alberta,18 Inverness Park Southeast,50.9139018,-113.9737965,house,2700.0,3.0,3.0,1485.0,1,0,0,0,12,0
510986,Calgary,Alberta,Pine Creek,50.8603029,-114.0751038,basement,1150.0,1.0,1.0,1120.0,2,0,0,0,6,0
565325,Calgary,Alberta,Kenmare Crescent SW,51.0252447,-114.1356721,basement,1590.0,2.0,1.0,1090.0,0,0,0,0,12,0
570701,Calgary,Alberta,200 Seton Circle Southeast,50.8705009,-113.9568009,apartment,1695.0,1.0,1.0,530.0,0,0,0,0,12,0
396875,Calgary,Alberta,1150 Memorial Dr NW,51.0514107,-114.0888922,apartment,2700.0,2.0,2.0,985.0,0,0,1,1,12,0
529191,Calgary,Alberta,1253 Rosehill Drive Northwest,51.0772717,-114.0885161,basement,1600.0,2.0,1.0,800.0,0,0,0,0,12,0
86621,Calgary,Alberta,Albert Park,51.0388645,-113.9942553,duplex,1850.0,2.0,2.0,1100.0,0,0,1,0,12,0
138213,Calgary,Alberta,Beddington,51.12981,-114.08372,basement,1400.0,1.0,1.0,900.0,1,0,1,0,12,0
51406,Calgary,Alberta,1723 26 Avenue SW,51.030137,-114.101078,apartment,1350.0,0.0,1.0,420.0,0,0,1,1,12,0
51408,Calgary,Alberta,2501 15 Street SW,51.0320406,-114.0972902,apartment,1525.0,1.0,1.0,569.0,0,0,1,1,12,0
569986,Calgary,Alberta,Sandstone,51.1341072,-114.0981255,house,2995.0,4.0,3.5,2400.0,0,0,0,1,12,0
2245,Calgary,Alberta,1300 41 Street SE,51.041508,-113.974117,townhouse,1800.0,2.0,1.0,904.0,0,0,1,1,12,0
568726,Calgary,Alberta,1122 3 St SE,51.0418015,-114.0555208,apartment,2099.0,1.0,1.0,500.0,0,0,1,1,12,0
571165,Calgary,Alberta,393 Patterson Hill SW,51.0631877,-114.1829554,apartment,1900.0,2.0,1.0,840.0,0,0,0,0,12,0
18140,Calgary,Alberta,Rutland Park,51.02247,-114.13391,house,2800.0,3.0,2.0,1700.0,0,0,0,0,6,0
571627,Calgary,Alberta,Belmont,50.874083,-114.0645529,duplex,2550.0,3.0,2.5,1523.0,0,0,0,0,12,0
309609,Calgary,Alberta,2121 17 street SW,51.0358117,-114.1020999,apartment,1450.0,1.0,1.0,524.0,0,0,1,1,12,0
542774,Calgary,Alberta,Varsity,51.095971,-114.1569826,apartment,830.0,3.0,2.0,1136.0,0,0,0,0,12,0
564550,Calgary,Alberta,605 14 Ave SW,51.0396078,-114.0749069,apartment,2100.0,1.0,1.0,650.0,0,0,0,0,12,0
571500,Calgary,Alberta,7367 Huntley Road Northeast,51.1192507,-114.0557649,basement,1600.0,2.0,1.0,950.0,0,0,0,0,12,0
565647,Calgary,Alberta,5404 10 Avenue Southeast,51.0444796,-113.955437,townhouse,2000.0,2.0,1.0,875.0,2,0,0,0,6,0
571565,Calgary,Alberta,2109 17 Street SW,51.0361041,-114.1019497,apartment,1550.0,1.0,1.0,589.0,0,0,1,1,12,0
567438,Calgary,Alberta,211 13 Ave SE,51.0401551,-114.0601539,apartment,1250.0,1.0,1.0,500.0,1,0,0,0,12,0
571662,Calgary,Alberta,Bowness,51.0840326,-114.1794746,house,1700.0,2.0,1.0,721.0,0,0,1,1,3,0
569991,Calgary,Alberta,4522 17 Avenue Northwest,51.070356,-114.1590243,basement,1500.0,1.0,1.0,500.0,1,0,0,0,12,0
472061,Calgary,Alberta,212 Village Terrace Southwest,51.0568372,-114.1665211,apartment,1650.0,1.0,1.0,650.0,0,0,1,1,12,0
571214,Calgary,Alberta,616 Midridge Drive Southeast,50.9188765,-114.0563281,basement,1950.0,2.0,1.0,1000.0,0,0,0,0,12,0
2844,Calgary,Alberta,2620 16 Street SW,51.0307731,-114.0991578,apartment,1550.0,1.0,1.0,614.0,0,0,1,1,12,0
398877,Calgary,Alberta,121 Mahogany Centre SE,50.8968109,-113.9357328,apartment,3906.0,2.0,2.0,1116.0,0,0,1,1,12,0
61900,Calgary,Alberta,2905 16th St SW,51.0283507,-114.0998044,apartment,3700.0,2.0,2.0,1550.0,1,0,1,1,6,0
374359,Calgary,Alberta,11611 Oakfield Dr SW,50.9536955,-114.1201631,apartment,1599.0,1.0,1.0,670.0,0,0,1,1,12,0
407643,Calgary,Alberta,1711 26 Ave SW,51.0302288,-114.1003336,apartment,1500.0,1.0,1.0,629.0,0,0,1,1,12,0
570612,Calgary,Alberta,Falconridge,51.1070686,-113.9492208,basement,1675.0,2.0,1.0,900.0,0,0,0,0,12,0
571515,Calgary,Alberta,Sage Hill,51.1811302,-114.1565084,house,2800.0,3.0,2.5,1600.0,1,0,0,0,12,0
452047,Calgary,Alberta,736 Sierra Crescent Southwest,50.9580817,-114.0798861,house,2100.0,3.0,1.0,1200.0,0,0,0,0,12,0
489067,Calgary,Alberta,728 Kingsmere Crescent Southwest,50.9901523,-114.0773591,duplex,1975.0,2.0,1.0,950.0,0,0,1,0,12,0
526788,Calgary,Alberta,Macewan Dr NW,51.131021827166,-114.112117668262,house,3200.0,4.0,3.0,2200.0,0,0,1,1,12,0
337416,Calgary,Alberta,2416 14A street SW,51.0323233,-114.0956019,apartment,1599.0,1.0,1.0,459.0,0,0,1,1,12,0
473396,Calgary,Alberta,1826 17 Street SW,51.0368508,-114.1012056,apartment,1558.0,1.0,1.0,570.0,0,0,1,1,12,0
516679,Calgary,Alberta,152 Cranbrook Square Southeast,50.8642683,-113.9740219,townhouse,2050.0,3.0,2.0,1000.0,0,0,0,1,12,0
569602,Calgary,Alberta,630 8 Ave SE,51.0452862,-114.0487817,apartment,2600.0,2.0,2.0,850.0,0,0,0,0,12,0
571507,Calgary,Alberta,7367 Huntley Road Northeast,51.1192507,-114.0557649,house,2100.0,3.0,1.0,1028.0,0,0,0,0,12,0
571654,Calgary,Alberta,1829 11 Avenue Southwest,51.043271,-114.1034028,apartment,2000.0,2.0,1.0,747.0,0,0,0,0,12,0
570005,Calgary,Alberta,137 Sherwood Heights Northwest,51.1631834,-114.1567812,house,2799.0,3.0,2.5,2300.0,0,0,0,0,12,0
566224,Calgary,Alberta,Tuscany,51.1338107,-114.2499668,apartment,950.0,1.0,1.0,2300.0,1,0,0,0,12,0
299144,Calgary,Alberta,1805 17 Street SW,51.0375374,-114.1020294,apartment,1350.0,0.0,1.0,335.0,0,0,1,1,12,0
380236,Calgary,Alberta,3130 Thirsk St NW,51.0792088456,-114.146194985181,apartment,2599.0,2.0,2.5,973.0,0,0,0,0,12,0
571448,Calgary,Alberta,32 Legacy Glen Row Southeast,50.8580385,-114.0021239,duplex,2888.0,4.0,3.5,1419.0,0,0,0,0,12,0
330010,Calgary,Alberta,3914 2 Street Northwest,51.0876114,-114.0663389,house,1900.0,2.0,1.0,1200.0,0,0,0,0,12,0
568886,Calgary,Alberta,315 Southampton Dr SW,50.952848,-114.086414,apartment,1900.0,2.0,1.0,820.0,0,0,1,0,12,0
551683,Calgary,Alberta,Hotchkiss,50.9173718,-113.8965156,house,2400.0,3.0,2.5,1500.0,0,0,0,0,12,0
571383,Calgary,Alberta,8535 19 Avenue Southeast,51.0347403,-113.9115496,townhouse,2350.0,2.0,1.5,1310.0,0,0,1,1,6,0
424278,Calgary,Alberta,922 19 Ave SW,51.0362376,-114.0831376,apartment,1795.0,1.0,1.0,575.0,0,0,0,0,12,0
438333,Calgary,Alberta,140 Howse Rd NE,51.1876384,-114.0599836,basement,1700.0,2.0,1.5,1100.0,0,0,0,0,6,0
550870,Calgary,Alberta,Varsity,51.0909258,-114.1576081,basement,1500.0,2.0,1.0,1000.0,0,0,0,0,12,0
73402,Calgary,Alberta,4116 Marbank Dr NE,51.0636338,-113.9742712,house,2000.0,3.0,1.0,1100.0,0,0,0,0,3,0
571229,Calgary,Alberta,1121 6 Ave SW,51.0478565,-114.0880329,apartment,1950.0,1.0,1.0,656.0,0,0,0,0,12,0
472651,Calgary,Alberta,Livingston,51.186586272644,-114.075684403641,house,2500.0,3.0,2.5,1728.0,1,0,0,0,12,0
571483,Calgary,Alberta,200 Seton Circle Southeast,50.8705009,-113.9568009,apartment,2300.0,2.0,2.0,833.0,0,0,1,1,12,0
526686,Calgary,Alberta,42 Cranbrook Gardens Southeast,50.8610868,-113.9727196,apartment,1950.0,1.0,1.0,626.0,0,0,0,0,12,0
546353,Calgary,Alberta,4641 128 Ave NE,51.1652516,-113.9623469,apartment,2150.0,2.0,2.0,915.0,0,0,0,0,6,0
111920,Calgary,Alberta,#1 -1930 31  ST  SW,51.036728,-114.1326572,townhouse,2800.0,2.0,2.5,1750.0,0,0,1,1,12,0
526148,Calgary,Alberta,2109 1 Street Northwest,51.0712014,-114.0642476,basement,1625.0,2.0,1.0,1000.0,0,0,0,0,12,0
502418,Calgary,Alberta,901 10 Avenue SW,51.0436211,-114.081813,apartment,1950.0,1.0,1.0,481.0,0,0,0,0,12,0
571109,Calgary,Alberta,Thorncliffe,51.111682667877,-114.050238335088,house,2200.0,3.0,1.0,1150.0,0,0,0,0,12,0
571444,Calgary,Alberta,Banff Trail,51.0753596,-114.1165481,house,3350.0,3.0,1.0,1200.0,0,0,0,1,12,0
531308,Calgary,Alberta,1505 8 Avenue Northwest,51.0594629,-114.0952777,apartment,3300.0,1.0,1.5,1811.0,0,0,0,0,12,0
559995,Calgary,Alberta,Mahogany,50.8890474,-113.9123694,house,2600.0,3.0,2.5,1700.0,0,0,1,1,12,0
486720,Calgary,Alberta,1217 20 Avenue Northwest,51.0703693,-114.0884082,duplex,2150.0,3.0,1.5,1800.0,0,0,1,1,12,0
566366,Calgary,Alberta,Citadel,51.1490784,-114.187274,apartment,785.0,1.0,1.0,1562.0,0,0,0,0,12,0
36752,Calgary,Alberta,4944 Dalton Drive NW,51.1025748,-114.1543246,apartment,1700.0,2.0,1.0,689.0,0,0,0,0,12,0
150299,Calgary,Alberta,510 Edmonton Trail NE,51.0557226,-114.0525012,apartment,2150.0,1.0,1.0,718.0,0,0,1,0,12,0
394692,Calgary,Alberta,450 8 Ave SE,51.0454105,-114.053745,apartment,1900.0,2.0,1.0,540.0,0,0,0,1,12,0
566525,Calgary,Alberta,88 Cornerbrook Road Northeast,51.1576913,-113.924439,house,3050.0,4.0,3.0,2100.0,0,0,0,0,12,0
519589,Calgary,Alberta,4160 Norford Avenue Northwest,51.0798288,-114.1480461,apartment,2500.0,2.0,2.0,776.0,0,0,0,0,12,0
570512,Calgary,Alberta,3932 University Avenue Northwest,51.07855,-114.1439,apartment,3400.0,3.0,2.0,1053.0,0,0,0,0,12,0
565215,Calgary,Alberta,238 Sage Valley Common Northwest,51.1820443,-114.1586445,apartment,2195.0,2.0,2.0,861.0,0,0,1,1,12,0
571387,Calgary,Alberta,Cranston,50.8943273,-113.9875596,apartment,2500.0,2.0,2.0,950.0,0,0,0,0,12,0
571414,Calgary,Alberta,681 Savanna Boulevard Northeast,51.1347216,-113.9496947,apartment,1650.0,1.0,1.0,665.0,0,0,0,0,12,0
102019,Calgary,Alberta,5656 3rd St SW,51.0033978,-114.0696457,apartment,2000.0,2.0,1.0,775.0,0,0,1,1,12,0
106318,Calgary,Alberta,47 Discovery Ridge Circle,51.0183198,-114.2276783,house,3950.0,3.0,2.5,2430.0,0,0,0,0,12,0
570616,Calgary,Alberta,207 Copperpond Street Southeast,50.9158255,-113.9167133,house,3400.0,4.0,3.5,1432.0,0,0,1,1,12,0
536631,Calgary,Alberta,20913 Main Street Southeast,50.8742928,-113.9516713,basement,1250.0,1.0,1.0,600.0,0,0,0,0,12,0
20330,Calgary,Alberta,1313 13 Ave. SW,51.0410158,-114.0924132,apartment,1929.0,1.0,1.0,657.0,0,0,1,1,12,0
567127,Calgary,Alberta,Silverton Gln Grn SW,50.8752137,-114.0620008,townhouse,2500.0,3.0,2.5,1309.0,0,0,0,0,6,0
374136,Calgary,Alberta,1188 3 Street SE,51.0415203,-114.055738,apartment,2495.0,2.0,2.0,893.0,0,0,0,0,12,0
505853,Calgary,Alberta,277 Coville Circle Northeast,51.1732966,-114.0428167,apartment,750.0,5.0,2.5,1250.0,1,0,0,0,12,0
436321,Calgary,Alberta,528 20 Avenue Southwest,51.0353879,-114.0730704,apartment,1495.0,1.0,1.0,500.0,0,0,0,0,6,0
570872,Calgary,Alberta,27 Sunmills Court Southeast,50.9034958,-114.0497028,house,3200.0,3.0,2.0,900.0,0,0,1,1,12,0
510439,Calgary,Alberta,467 Evergreen Circle,50.9199098,-114.1074871,apartment,900.0,1.0,1.0,2000.0,1,0,0,0,6,0
565726,Calgary,Alberta,238 Sage Valley Common Northwest,51.1820443,-114.1586445,apartment,1595.0,1.0,1.0,564.0,0,0,1,1,12,0
390602,Calgary,Alberta,220 12th Ave SE,51.0415675,-114.0595532,apartment,2450.0,2.0,2.0,911.0,0,0,0,0,12,0
571531,Calgary,Alberta,127 Chapalina Square Southeast,50.8770023,-114.0384306,townhouse,2700.0,2.0,2.5,1300.0,0,0,1,0,12,0
568701,Calgary,Alberta,Vermillon Hill,50.9186713,-114.1547064,basement,1599.0,2.0,1.0,678.0,0,0,0,0,12,0
536369,Calgary,Alberta,Savanna,51.1386475,-113.960874,apartment,750.0,4.0,1.0,1400.0,1,0,0,0,6,0
564463,Calgary,Alberta,209 Creekside Drive Southwest,50.8601972,-114.078161,basement,1300.0,1.0,1.0,700.0,0,0,1,1,12,0
570510,Calgary,Alberta,3932 University Avenue Northwest,51.07855,-114.1439,apartment,1800.0,1.0,1.0,618.0,0,0,0,0,12,0
496244,Calgary,Alberta,Scenic Acres,51.1160027,-114.2206637,house,3250.0,3.0,2.5,2000.0,1,0,0,0,12,0
568632,Calgary,Alberta,6103 Madigan Drive Northeast,51.0541025,-113.9421841,townhouse,2400.0,3.0,1.5,1320.0,0,0,1,0,12,0
569131,Calgary,Alberta,Rosscarrock,51.0469394,-114.1479582,apartment,1395.0,1.0,1.0,800.0,0,0,0,0,12,0
570824,Calgary,Alberta,Mahogany,50.8890345,-113.914369,basement,1500.0,2.0,1.0,565.0,0,0,0,0,12,0
554578,Calgary,Alberta,100 Walgrove Court Southeast,50.8642997,-114.0238723,townhouse,2100.0,2.0,2.5,950.0,0,0,0,0,12,0
534910,Calgary,Alberta,1509 Strathcona Drive Southwest,51.0520423,-114.2022616,house,3300.0,4.0,2.5,2200.0,0,0,1,0,6,0
568788,Calgary,Alberta,55 Arbour Grove Close Northwest,51.1275997,-114.2086422,apartment,2300.0,2.0,2.0,845.0,0,0,0,0,12,0
136434,Calgary,Alberta,Huntington Hills,51.113810020229,-114.081878374405,house,2450.0,3.0,1.5,1100.0,1,0,0,0,12,0
464414,Calgary,Alberta,1131 Millcrest Rise Southwest,50.917077,-114.089771,house,2800.0,3.0,2.5,1560.0,0,0,1,1,12,0
570985,Calgary,Alberta,125 Panatella Way Northwest,51.1674775,-114.0699831,townhouse,2250.0,2.0,2.5,1300.0,0,0,0,0,12,0
567085,Calgary,Alberta,86 Magnolia View Southeast,50.886584,-113.90825,house,2800.0,4.0,2.5,1800.0,0,0,1,1,12,0
127843,Calgary,Alberta,East Village,51.0473453,-114.0502366,apartment,2290.0,1.0,1.5,650.0,1,0,0,0,12,0
571308,Calgary,Alberta,Tuscany,51.1294295,-114.2355215,basement,1380.0,2.0,1.0,1810.0,0,0,0,0,12,0
563409,Calgary,Alberta,122 Tuscany Vista Road Northwest,51.116954,-114.2539336,house,4995.0,4.0,4.0,4200.0,0,0,1,1,12,0
451669,Calgary,Alberta,20 Seton Park Southeast,50.8794975,-113.9476318,apartment,1699.0,1.0,1.0,571.0,0,0,0,0,12,0
571287,Calgary,Alberta,600 Princeton Way SW,51.0526419,-114.0739453,apartment,6200.0,2.0,2.5,2228.0,0,0,0,1,12,0
452353,Calgary,Alberta,32 Seton Mews SE,50.865398600826,-113.951770971936,house,2400.0,3.0,2.5,1802.0,0,0,0,0,12,0
520719,Calgary,Alberta,Skyview,51.1555498,-113.9649975,basement,1600.0,2.0,1.0,900.0,0,0,0,0,12,0
569682,Calgary,Alberta,10489 Hidden Valley Drive Northwest,51.1485392,-114.1024729,house,3000.0,3.0,2.5,1500.0,0,0,1,1,12,0
512394,Calgary,Alberta,1022 16 Avenue Northwest,51.0671901,-114.0840232,apartment,1900.0,1.0,1.0,690.0,0,0,0,0,6,0
78006,Calgary,Alberta,112 -156 Country Village Circle NE,51.1580358,-114.0532674,apartment,1850.0,1.0,1.0,701.0,0,0,0,0,12,0
562981,Calgary,Alberta,Les Jardins Pk SE,50.9566503,-114.0037736,apartment,2150.0,1.0,1.0,700.0,0,0,0,0,12,0
565258,Calgary,Alberta,Livingston,51.1900394,-114.0525025,duplex,2400.0,3.0,2.5,1736.0,0,2,1,1,12,0
570360,Calgary,Alberta,Dalhousie,51.1069152,-114.1465715,basement,1800.0,2.0,1.0,1320.0,0,0,0,0,12,0
567774,Calgary,Alberta,Hotchkiss,50.915538174997,-113.895780147607,duplex,2500.0,3.0,3.0,1700.0,0,0,0,0,12,0
462351,Calgary,Alberta,2010 Hope St SW,51.0349101,-114.0774354,apartment,1855.0,1.0,1.0,625.0,0,0,1,1,12,0
500429,Calgary,Alberta,3050 Livingston Common Northeast,51.1843694,-114.0667721,apartment,1650.0,1.0,1.0,519.0,0,0,0,0,12,0
566874,Calgary,Alberta,2116 Chilcotin Road Northwest,51.0876532,-114.1128737,apartment,700.0,1.0,2.0,100.0,1,0,0,0,12,0
565853,Calgary,Alberta,159 Cranbrook Walk Southeast,50.8663298,-113.9765225,townhouse,2850.0,2.0,2.5,1116.44,1,0,1,1,6,0
17058,Calgary,Alberta,1516 29th Ave SW,51.0279048,-114.0956097,house,1295.0,1.0,1.0,900.0,0,0,0,0,12,0
568432,Calgary,Alberta,Kincora,51.1619768,-114.1336606,basement,1380.0,1.0,1.0,600.0,0,0,0,0,12,0
364251,Calgary,Alberta,619 Confluence Way SE,51.0474861,-114.0497137,apartment,2225.0,1.0,1.0,750.0,0,0,1,0,12,0
571185,Calgary,Alberta,147 Edith Villas NW,51.1845115,-114.168462,basement,1500.0,2.0,1.0,900.0,0,0,0,0,12,0
548493,Calgary,Alberta,1319 14 Avenue Southwest,51.0402459,-114.0927867,apartment,1800.0,1.0,1.0,532.0,0,0,1,1,12,0
569635,Calgary,Alberta,323 13 Ave SW,51.0404371,-114.0698551,apartment,1750.0,1.0,1.0,650.0,0,0,1,0,12,0
568305,Calgary,Alberta,144 Setonstone Landing Southeast,50.8674145,-113.9419931,house,2500.0,2.0,2.0,997.0,0,0,0,0,12,0
84338,Calgary,Alberta,1840 41 St SE,51.036433,-113.9739501,townhouse,1750.0,2.0,1.0,1000.0,0,0,0,0,12,0
569530,Calgary,Alberta,240 Skyview Ranch Rd NE,51.1633453,-113.9554484,apartment,2000.0,2.0,1.0,631.0,0,0,0,0,12,0
479966,Calgary,Alberta,1404 5 Street Southwest,51.0395725,-114.0741105,apartment,1350.0,1.0,1.0,600.0,0,0,1,1,6,0
539431,Calgary,Alberta,4755 Dalton Drive,51.1042124,-114.1553798,apartment,1910.0,1.0,1.0,614.0,0,0,1,1,12,0
569382,Calgary,Alberta,143 Edith Villas NW,51.1845107,-114.1686665,house,2500.0,4.0,3.0,1850.0,0,0,0,0,12,0
524746,Calgary,Alberta,125 Corner Meadows Gardens Northeast,51.1494827,-113.9261319,house,2400.0,4.0,3.0,1750.0,0,0,0,0,12,0
509508,Calgary,Alberta,200 Seton Circle SE,50.8705687,-113.9568465,apartment,1700.0,1.0,1.0,543.0,0,0,0,0,12,0
19206,Calgary,Alberta,532 5 Ave NE,51.0574033,-114.049995,apartment,2700.0,2.0,2.0,1200.0,0,0,1,1,12,0
480536,Calgary,Alberta,New Brighton,50.9239591,-113.9508367,house,2950.0,3.0,3.0,1962.0,0,0,1,0,12,0
571003,Calgary,Alberta,Highland Park,51.0862438,-114.0669344,townhouse,3350.0,3.0,3.5,1895.0,0,0,0,0,12,0
490418,Calgary,Alberta,Woodview Dr SW,50.9408298,-114.10336,townhouse,2240.0,2.0,1.5,1220.0,0,0,1,1,12,0
560743,Calgary,Alberta,Edgemont,51.119387,-114.1564796,house,2800.0,4.0,3.5,1428.0,0,0,0,1,12,0
119066,Calgary,Alberta,McKenzie Towne,50.910127012367,-113.954753115344,house,3200.0,3.0,2.5,2086.0,0,0,0,1,12,0
295216,Calgary,Alberta,New Brighton,50.919187434388,-113.93504078221,basement,1650.0,1.0,1.0,700.0,1,0,1,1,6,0
356408,Calgary,Alberta,117 Aspen Glen Place Southwest,51.0383471,-114.2018449,house,5800.0,5.0,4.5,3100.0,0,0,0,0,12,0
569755,Calgary,Alberta,Evansglen Cl NW,51.1777485,-114.1029778,basement,1500.0,1.0,1.0,800.0,0,0,0,0,12,0
514391,Calgary,Alberta,Evanston,51.1795802,-114.1143511,basement,1650.0,1.0,1.0,800.0,1,0,0,0,6,0
569371,Calgary,Alberta,4138 University Ave NW,51.0775338,-114.1475204,apartment,2100.0,1.0,1.0,560.0,0,0,0,0,12,0
511936,Calgary,Alberta,McKenzie Lake,50.9141388,-113.9768829,basement,1550.0,1.0,1.0,1000.0,2,0,1,1,6,0
564013,Calgary,Alberta,Copperfield,50.9221915,-113.9195666,basement,2000.0,1.0,1.0,850.0,0,0,0,0,12,0
549380,Calgary,Alberta,123 4 Street Northeast,51.05319,-114.05186,apartment,2200.0,2.0,2.0,699.0,0,0,1,1,12,0
421694,Calgary,Alberta,Beltline,51.042282602994,-114.085574989844,apartment,2800.0,3.0,2.5,1381.0,0,0,1,1,6,0
567608,Calgary,Alberta,Legacy Glen Court SE,50.8516768,-113.9977614,house,2500.0,3.0,2.5,1600.0,0,0,1,1,12,0
571087,Calgary,Alberta,20295 Seton Way Southeast,50.872376279263,-113.959556321426,townhouse,2800.0,3.0,2.5,1675.0,0,0,0,0,12,0
562518,Calgary,Alberta,142 Lucas Close Northwest,51.1914958,-114.0806065,house,2995.0,4.0,3.0,2100.0,0,0,1,1,12,0
442721,Calgary,Alberta,8710 Horton RD SW,50.9756569,-114.074575,apartment,1895.0,1.0,1.0,725.0,0,0,0,0,12,0
570148,Calgary,Alberta,1319 14 Avenue Southwest,51.0401695,-114.0926739,apartment,1600.0,0.0,1.0,406.0,0,0,1,1,12,0
568323,Calgary,Alberta,20313 45 Street Southeast,50.8698207,-113.9394244,house,2600.0,4.0,3.0,1802.0,0,0,0,0,12,0
571149,Calgary,Alberta,5321 32 Avenue Northwest,51.08134,-114.16367,basement,2375.0,2.0,1.0,1000.0,0,0,1,1,12,0
498416,Calgary,Alberta,Marlborough Park,51.0640138,-113.9370493,basement,1080.0,2.0,1.0,1000.0,0,0,0,0,12,0
106305,Calgary,Alberta,Shawnessy,50.912622555729,-114.082409942327,house,3200.0,5.0,3.0,1979.0,0,0,1,1,12,0
295446,Calgary,Alberta,7127 7 Street Southwest,50.9902708,-114.0820086,house,1850.0,3.0,1.0,1150.0,0,0,0,0,12,0
571170,Calgary,Alberta,323 Whitney Crescent Southeast,50.9643009,-114.0653653,house,2500.0,3.0,1.5,1100.0,0,0,0,0,12,0
74534,Calgary,Alberta,123 Somervale Close SW,50.9015141,-114.0755556,house,2600.0,3.0,2.5,1200.0,0,0,1,1,6,0
514494,Calgary,Alberta,427 31 Avenue Northwest,51.0803398,-114.0690917,basement,1650.0,1.0,1.0,770.0,0,0,0,0,12,0
565824,Calgary,Alberta,Belmont,50.8720742,-114.0640499,basement,1700.0,2.0,1.0,915.0,0,0,0,0,12,0
568720,Calgary,Alberta,166 Ranch Glen Drive Northwest,51.1191853,-114.1935423,house,1875.0,2.0,1.0,1100.0,0,0,0,0,12,0
525707,Calgary,Alberta,Creekstone,50.8616889,-114.0644508,duplex,2350.0,3.0,2.5,1576.0,0,0,0,0,12,0
490345,Calgary,Alberta,2212 Halifax Crescent Northwest,51.0686284,-114.1114129,basement,1400.0,1.0,1.0,1035.0,0,0,1,1,12,0
453708,Calgary,Alberta,1235 17 Avenue Southwest,51.0376755,-114.0908292,apartment,1680.0,1.0,1.0,500.0,1,0,1,0,12,0
352963,Calgary,Alberta,Sherwood,51.1623042,-114.1574838,house,3400.0,4.0,3.5,2600.0,0,0,0,0,12,0
67435,Calgary,Alberta,222 Riverfront Avenue Southwest,51.0526255,-114.0667922,apartment,2300.0,1.0,1.0,600.0,1,0,1,1,12,0
487654,Calgary,Alberta,200 Brookpark Drive Southwest,50.9555392,-114.1149013,townhouse,2150.0,2.0,1.0,1135.0,0,0,1,1,12,0
366722,Calgary,Alberta,Springbank Hill,51.034826,-114.211499,basement,1550.0,1.0,1.0,900.0,1,0,0,0,3,0
544162,Calgary,Alberta,Creekstone,50.8623741,-114.0666455,basement,1750.0,2.0,1.0,700.0,0,0,0,0,12,0
369410,Calgary,Alberta,Hidden Creek Gardens NW,51.157736864431,-114.099904954492,townhouse,2600.0,3.0,3.0,1900.0,0,0,1,1,12,0
570966,Calgary,Alberta,4726 21A Street Southwest,51.0113793,-114.1134027,house,2600.0,3.0,1.0,1088.0,0,0,1,1,12,0
508890,Calgary,Alberta,Legacy,50.856111090214,-113.995834559157,basement,1350.0,1.0,1.0,600.0,0,0,1,0,12,0
117435,Calgary,Alberta,804 3rd Ave SW,51.0510088,-114.0794989,apartment,2850.0,2.0,2.0,1100.0,1,0,0,0,6,0
567581,Calgary,Alberta,230 Sherwood Mount Northwest,51.1609981,-114.1563748,basement,1530.0,2.0,1.0,700.0,0,0,0,0,12,0
513850,Calgary,Alberta,8531 8A Ave SW,51.0611917,-114.2092971,apartment,1795.0,1.0,1.0,685.0,0,0,1,1,12,0
515511,Calgary,Alberta,130 wolf creek rise South East,50.874235052835,-114.009761572018,basement,1300.0,1.0,1.0,640.0,0,0,0,0,12,0
471121,Calgary,Alberta,Chaparral,50.8802363,-114.0204748,apartment,750.0,4.0,1.5,3000.0,1,0,0,0,6,0
55431,Calgary,Alberta,836 15th Ave SW,51.0393317,-114.0812304,apartment,2800.0,2.0,2.0,950.0,0,0,0,0,12,0
565093,Calgary,Alberta,Belmont Drive SW,50.8688049,-114.0656072,basement,1400.0,1.0,1.0,650.0,0,0,1,1,12,0
566571,Calgary,Alberta,Winston Heights,51.0713427,-114.0449869,house,2000.0,2.0,1.0,1600.0,0,0,0,0,6,0
405817,Calgary,Alberta,2524 Morley Trail Northwest,51.070203136851,-114.108160267857,basement,1400.0,2.0,1.0,990.0,1,0,0,0,12,0
570254,Calgary,Alberta,355 Taralake Way Northeast,51.1182081,-113.9242638,apartment,1985.0,2.0,2.0,785.0,0,0,0,0,12,0
554678,Calgary,Alberta,12020 Candiac Road Southwest,50.946504,-114.0743343,house,2150.0,3.0,1.0,1050.0,0,0,0,0,12,0
569733,Calgary,Alberta,20 Panatella Landing NW,51.1646293,-114.0915233,apartment,1700.0,1.0,1.0,810.0,0,0,1,1,12,0
571023,Calgary,Alberta,1320 1 St SE,51.039752494,-114.060494628,apartment,3000.0,2.0,2.0,800.0,1,0,0,1,6,0
570967,Calgary,Alberta,4726 21A Street Southwest,51.0113793,-114.1134027,basement,1600.0,1.0,1.0,1000.0,0,0,1,1,12,0
524251,Calgary,Alberta,Seton,50.866334356111,-113.955152043408,basement,1470.0,2.0,1.0,700.0,0,0,0,0,12,0
570865,Calgary,Alberta,Belmont,50.872992988472,-114.062900770361,basement,1800.0,2.0,1.0,776.0,0,0,0,0,12,0
569966,Calgary,Alberta,Glacier Ridge,51.186958441395,-114.167108629492,basement,1650.0,2.0,1.0,785.0,0,0,1,1,12,0
553485,Calgary,Alberta,Edgemont,51.1262249,-114.1353565,apartment,1650.0,1.0,1.0,710.0,0,0,0,0,12,0
513853,Calgary,Alberta,Cornerstone,51.164318,-113.9400028,townhouse,2550.0,3.0,2.5,1400.0,0,0,0,0,12,0
566466,Calgary,Alberta,1605 17 Street Southeast,51.03968,-114.02122,apartment,2650.0,2.0,2.0,852.88,0,0,1,1,12,0
569109,Calgary,Alberta,930 16 Avenue Southwest,51.0382326,-114.0836706,apartment,2300.0,1.0,1.0,650.0,0,0,0,0,12,0
73784,Calgary,Alberta,2527 1ST AVENUE NW,51.0530973,-114.1195946,apartment,1475.0,2.0,1.0,675.0,0,0,0,0,3,0
570975,Calgary,Alberta,Hawkstone Dr NW,51.1340551,-114.175511,house,3500.0,4.0,2.5,2800.0,0,2,1,1,12,0
570763,Calgary,Alberta,423 Lynnover Way Southeast,50.990774,-114.0183932,basement,1550.0,1.0,1.0,850.0,0,0,1,0,12,0
570548,Calgary,Alberta,835 18th Ave SW,51.0367739,-114.0813943,apartment,2150.0,2.0,1.0,800.0,1,0,0,0,12,0
320000,Calgary,Alberta,1025 5th Avenue Southwest,51.048654,-114.085101,apartment,2200.0,1.0,1.0,705.0,2,0,0,0,12,0
526642,Calgary,Alberta,510 Edmonton Trail NE,51.0557226,-114.0525012,apartment,2250.0,1.0,1.0,650.0,1,0,1,1,3,0
570837,Calgary,Alberta,Ambleton,51.1861119,-114.1131618,duplex,2450.0,3.0,2.5,1500.0,0,0,0,0,12,0
426440,Calgary,Alberta,1228 13 Ave SW,51.0414986,-114.0907323,apartment,2125.0,2.0,1.0,870.0,0,0,1,1,12,0
443205,Calgary,Alberta,1078 6 Ave  SW,51.0483204,-114.0848562,apartment,2900.0,2.0,2.0,1180.0,1,0,0,0,12,0
520452,Calgary,Alberta,Edith Gate Northwest,51.1845773,-114.1703872,duplex,2500.0,3.0,2.5,1403.0,0,0,0,0,12,0
393146,Calgary,Alberta,337 5th Ave. NE,51.0568183,-114.0555511,apartment,1815.0,2.0,1.0,580.0,0,0,0,0,12,0
518204,Calgary,Alberta,428 Nolan Hill Dr. NW,51.1794186,-114.1667962,townhouse,2350.0,3.0,2.5,1132.37,0,0,0,0,12,0
554171,Calgary,Alberta,Macewan Meadow Way NW,51.1387994,-114.112214,apartment,650.0,1.0,1.0,1850.0,1,0,0,1,6,0
51462,Calgary,Alberta,8710 Horton Rd SW,50.9758986,-114.0735139,apartment,1350.0,1.0,1.0,543.0,1,0,0,0,12,0
434986,Calgary,Alberta,1616 47 St SW,51.0399249,-114.155433,house,2100.0,3.0,1.5,1015.0,0,0,0,0,12,0
570863,Calgary,Alberta,177 Auburn Glen Close Southeast,50.8974679,-113.9494542,house,3500.0,3.0,3.5,1990.0,0,0,1,1,12,0
570876,Calgary,Alberta,12 Deersaxon Road Southeast,50.9208999,-114.0185529,house,2100.0,3.0,1.0,1300.0,0,0,0,0,12,0
146558,Calgary,Alberta,Saddle Ridge,51.1315153,-113.9345576,basement,1400.0,2.0,1.0,900.0,0,0,0,0,6,0
568561,Calgary,Alberta,305 23 Avenue Southwest,51.0321855,-114.0695938,apartment,1650.0,2.0,1.0,800.0,0,0,0,0,12,0
566909,Calgary,Alberta,1676 Kensington Rd NW,51.0526657,-114.0974969,townhouse,3250.0,3.0,2.5,1202.0,0,0,1,1,12,0
570820,Calgary,Alberta,3820 Brentwood Road Northwest,51.086643,-114.1290658,apartment,2388.0,1.0,1.0,544.0,1,0,0,0,6,0
570468,Calgary,Alberta,2333 24 Avenue Southwest,51.0319228,-114.115425,house,2950.0,3.0,2.0,1144.0,0,0,1,1,3,0
461137,Calgary,Alberta,3375 15 St SW,51.0242398,-114.0973953,apartment,2000.0,1.0,1.0,585.0,0,0,0,0,12,0
476241,Calgary,Alberta,344 Hendon Drive Northwest,51.09548,-114.076454,house,2675.0,3.0,2.0,1018.0,0,0,1,1,6,0
307481,Calgary,Alberta,2142 16A Street Southwest,51.0351908,-114.0998957,apartment,2075.0,2.0,1.0,940.0,1,0,0,0,12,0
570759,Calgary,Alberta,307 Ascot Cir Sw,51.0477352,-114.2197211,townhouse,2900.0,3.0,2.5,1434.0,0,0,0,0,12,0
408511,Calgary,Alberta,Sherwood,51.1650598,-114.1581714,basement,1350.0,1.0,1.0,885.0,0,0,0,0,12,0
570859,Calgary,Alberta,35 Setonstone Landing Southeast,50.8672032,-113.9449555,basement,1650.0,2.0,1.0,700.0,0,0,0,0,12,0
568172,Calgary,Alberta,Herron Walk NE,51.1900394,-114.0525025,duplex,2500.0,3.0,2.5,1790.0,0,0,0,0,12,0
568627,Calgary,Alberta,10060 46 Street Northeast,51.1358822,-113.9654269,townhouse,1750.0,1.0,1.0,501.0,0,0,0,0,12,0
570431,Calgary,Alberta,857 Belmont Drive Southwest,50.8640512,-114.0655528,townhouse,2595.0,3.0,2.5,1345.0,0,0,0,0,12,0
328458,Calgary,Alberta,615 57 Avenue Southwest,51.002155,-114.07774,apartment,1475.0,1.0,1.0,501.0,0,0,0,0,12,0
511868,Calgary,Alberta,5019 Whitehorn Drive Northeast,51.08530385271,-113.962878764032,house,2200.0,3.0,1.5,1100.0,0,0,0,0,12,0
40348,Calgary,Alberta,7520 HunterView Dr.,51.1193277,-114.0838425,duplex,2200.0,3.0,1.5,1300.0,0,0,0,0,12,0
570779,Calgary,Alberta,859 13 Avenue Northeast,51.0639561,-114.0428754,house,2300.0,3.0,1.0,1100.0,0,0,0,0,12,0
494586,Calgary,Alberta,9000 Wentworth Avenue Southwest,51.0591384,-114.2179363,townhouse,2900.0,3.0,2.5,1428.0,0,0,0,0,12,0
567107,Calgary,Alberta,131 Everwoods Green Southwest,50.917966,-114.1284976,basement,1750.0,2.0,1.0,650.0,0,0,0,0,12,0
39367,Calgary,Alberta,210 15 Ave SE,51.0386245,-114.0603557,apartment,2300.0,2.0,2.0,1000.0,0,0,0,0,12,0
73043,Calgary,Alberta,3705 Fonda Way SE,51.0514407,-113.9778198,townhouse,1745.0,2.0,1.0,1100.0,0,0,0,0,12,0
537881,Calgary,Alberta,Bankview,51.031431902117,-114.102562806801,apartment,1500.0,1.0,1.0,500.0,0,0,0,0,12,0
565747,Calgary,Alberta,Cornerstone,51.1682217,-113.9410206,house,3700.0,3.0,2.5,1500.0,1,0,0,0,6,0
547970,Calgary,Alberta,Signal Hill,51.034449640303,-114.175724225903,apartment,1400.0,2.0,2.0,3100.0,1,0,0,0,12,0
50342,Calgary,Alberta,"#114,162 Country Village Circle NE",51.1598268,-114.0538076,apartment,1860.0,1.0,1.0,832.0,0,0,0,0,12,0
569240,Calgary,Alberta,4512 75 Street Northwest,51.0914103,-114.198003,apartment,1600.0,1.0,1.0,504.0,1,0,0,0,12,0
561014,Calgary,Alberta,416 15 Avenue Northeast,51.0661658,-114.0551937,apartment,1730.0,1.0,1.0,569.0,0,0,1,1,6,0
567517,Calgary,Alberta,69 Edith Mews Northwest,51.1848135,-114.1665706,house,3000.0,3.0,2.5,1521.0,0,0,0,0,12,0
563045,Calgary,Alberta,3013 10 Street Northwest,51.0780472,-114.0854088,house,1750.0,2.0,1.0,700.0,0,0,1,1,12,0
477039,Calgary,Alberta,Tuscany,51.1235364,-114.2448432,apartment,700.0,1.0,1.0,1372.0,1,0,0,0,6,0
525979,Calgary,Alberta,3023 New Brighton Gardens Southeast,50.9147612,-113.9536699,townhouse,2400.0,2.0,1.5,887.0,0,0,1,1,12,0
568568,Calgary,Alberta,Main St SE,50.8722446,-113.9503144,basement,1400.0,1.0,1.0,650.0,0,0,0,0,12,0
566920,Calgary,Alberta,1676 Kensington Rd NW,51.0526657,-114.0974969,basement,1600.0,1.0,1.0,490.0,0,0,1,1,12,0
570594,Calgary,Alberta,Hillhurst,51.054952046341,-114.094424530688,apartment,995.0,3.0,1.0,1600.0,1,0,0,0,3,0
570322,Calgary,Alberta,27 Nolanfield Crescent Northwest,51.1789967,-114.1641696,basement,1600.0,2.0,1.0,770.0,2,0,1,1,6,0
516094,Calgary,Alberta,1727 54 St SE,51.0383598,-113.9558853,apartment,1700.0,1.0,1.0,550.0,0,0,0,0,12,0
570614,Calgary,Alberta,1108 6 Avenue Southwest,51.048480690277,-114.087904312442,apartment,4200.0,2.0,2.0,1070.0,1,0,0,0,3,0
565681,Calgary,Alberta,1011 Edgemont Road Northwest,51.1124451,-114.1437636,basement,1699.0,2.0,1.0,525.0,0,0,0,0,12,0
569546,Calgary,Alberta,450 8 Ave SE,51.0454339,-114.0536854,apartment,2100.0,2.0,1.0,451.0,0,0,0,0,12,0
569203,Calgary,Alberta,503 Cranford Mews Southeast,50.8681054,-113.9681669,townhouse,2390.0,2.0,2.5,1358.0,0,0,0,0,12,0
14116,Calgary,Alberta,"163, Eversyde Common",50.908535,-114.111949,townhouse,2500.0,3.0,2.5,1251.0,0,0,0,1,12,0
570709,Calgary,Alberta,203 Midlawn Close Southeast,50.9194628,-114.06578,house,2000.0,2.0,1.5,1130.0,0,0,0,0,6,0
320088,Calgary,Alberta,"416 2nd ave north east, Calgary",51.05453105013,-114.053407046591,house,2450.0,3.0,2.0,1350.0,0,0,0,0,12,0
561413,Calgary,Alberta,Highland Park,51.0907471,-114.0666389,house,1750.0,2.0,1.0,1000.0,0,0,0,0,12,0
562755,Calgary,Alberta,1113 36 Street Southeast,51.0434856,-113.9820057,house,2000.0,2.0,1.5,1300.0,0,0,0,0,12,0
372642,Calgary,Alberta,Highland Park,51.0837969,-114.060718,basement,1500.0,1.0,1.0,700.0,2,0,1,1,12,0
568165,Calgary,Alberta,82 Cambrian Drive,51.0814934,-114.0895943,basement,1450.0,1.0,1.0,1059.0,0,0,0,0,12,0
568474,Calgary,Alberta,221 McKenzie Towne Lane Southeast,50.9154371,-113.962707,townhouse,2250.0,2.0,1.5,940.0,0,0,0,0,12,0
569788,Calgary,Alberta,416 15 Avenue Northeast,51.0661658,-114.0551937,apartment,2150.0,2.0,1.0,874.0,0,0,1,1,6,0
526575,Calgary,Alberta,227 Panorama Hills Road Northwest,51.153148693073,-114.073837194443,basement,1450.0,1.0,1.0,750.0,0,0,0,0,12,0
567799,Calgary,Alberta,11620 Elbow Drive Southwest,50.9493939,-114.0832689,apartment,2000.0,2.0,1.0,782.0,0,0,0,0,12,0
366181,Calgary,Alberta,Seton,50.8780739,-113.9550078,townhouse,3500.0,3.0,2.5,1850.0,1,0,1,1,6,0
547108,Calgary,Alberta,1088 6 Ave SW,51.0482846,-114.0853364,apartment,2850.0,2.0,2.0,1028.0,0,0,0,1,12,0
570465,Calgary,Alberta,52 Cedargrove Way Southwest,50.9515171,-114.1258183,basement,1700.0,2.0,1.0,800.0,0,0,1,0,12,0
568163,Calgary,Alberta,82 Cambrian Drive,51.0814934,-114.0895943,house,2450.0,3.0,1.0,1070.0,0,0,0,0,12,0
565759,Calgary,Alberta,Wolf Crk Pk SE,50.872684,-114.0072122,basement,1450.0,1.0,1.0,600.0,0,0,1,1,12,0
553830,Calgary,Alberta,591 Cornerstone Avenue,51.1610631,-113.9329377,basement,1450.0,2.0,1.0,700.0,1,0,0,0,12,0
569780,Calgary,Alberta,416 15 Avenue Northeast,51.0661658,-114.0551937,apartment,2900.0,2.0,1.0,804.0,1,0,1,1,3,0
548058,Calgary,Alberta,135 Lynnview Road Southeast,50.9958818,-114.0219994,apartment,1695.0,2.0,1.0,850.0,0,0,1,1,12,0
559705,Calgary,Alberta,505 4 Street Southeast,51.0478893,-114.0532344,apartment,3995.0,2.0,2.0,1271.0,0,0,1,1,12,0
501185,Calgary,Alberta,202 14 Ave SW,51.03973,-114.06647,apartment,3750.0,1.0,1.0,498.0,1,0,0,0,3,0
450116,Calgary,Alberta,Edgemont,51.1227054,-114.1607132,apartment,900.0,4.0,1.0,2400.0,1,0,0,0,6,0
566110,Calgary,Alberta,616 33 Avenue Northeast,51.0825445,-114.0499183,house,2250.0,3.0,2.0,1000.0,0,0,0,0,12,0
570141,Calgary,Alberta,Livingston,51.1899946,-114.0791592,basement,1800.0,2.0,1.0,900.0,1,0,0,0,6,0
570435,Calgary,Alberta,Cornerstone,51.1472088,-113.933283,basement,1650.0,2.0,1.0,1000.0,0,0,0,0,6,0
139067,Calgary,Alberta,Huntington Hills,51.119575077351,-114.084227989502,basement,1550.0,2.0,1.0,1300.0,0,0,1,0,12,0
408649,Calgary,Alberta,604 14 Ave SW,51.040073,-114.074693,apartment,1739.0,1.0,1.0,599.0,0,0,1,1,12,0
540818,Calgary,Alberta,Ambleton,51.183157182225,-114.111157842328,basement,1350.0,1.0,1.0,725.0,0,0,0,0,12,0
507118,Calgary,Alberta,330 3 Avenue Northeast,51.0554461,-114.0559666,apartment,1595.0,1.0,1.0,700.0,0,0,0,0,12,0
570026,Calgary,Alberta,491 Savanna Boulevard Northeast,51.134716,-113.9559925,house,2895.0,3.0,2.5,1591.0,0,0,1,1,12,0
406586,Calgary,Alberta,1816 16A St SW,51.0373177,-114.1000179,apartment,1864.0,1.0,1.0,600.0,1,0,1,1,12,0
570243,Calgary,Alberta,1221 Macleod Trail Southeast,51.0409932,-114.0588502,apartment,2731.0,2.0,2.0,939.0,2,0,1,1,12,0
565408,Calgary,Alberta,Collingwood,51.0875867,-114.1010919,house,2450.0,3.0,1.0,1190.0,0,0,0,1,12,0
370774,Calgary,Alberta,Evergreen,51.107294436957,-114.065502299048,house,2490.0,3.0,1.0,1200.0,1,0,0,0,12,0
534933,Calgary,Alberta,635 68 Avenue Southwest,50.9921118,-114.0759731,house,2295.0,3.0,1.0,1100.0,0,0,1,1,12,0
568789,Calgary,Alberta,224 Rundlewood Close Northeast,51.0719955,-113.9669827,house,2150.0,3.0,1.5,1300.0,0,0,1,1,12,0
570262,Calgary,Alberta,20 Finch Commons SE ,50.916984578096,-113.946108976385,basement,1800.0,1.0,1.0,654.0,0,0,0,1,12,0
563750,Calgary,Alberta,131 FINCH GDNS SE CALGARY AB  T3S 0J1,50.8679149,-113.9459147,house,2000.0,3.0,2.5,1600.0,0,0,0,0,12,0
570564,Calgary,Alberta,251 Queen Alexandra Road Southeast,50.9375165,-114.0312805,house,2350.0,3.0,2.0,1263.0,0,0,0,0,12,0
443280,Calgary,Alberta,1188 3 St SE,51.0415203,-114.055738,apartment,3350.0,2.0,2.0,893.0,1,0,0,0,12,0
327506,Calgary,Alberta,10197 Hamptons Boulevard Northwest,51.144775,-114.156684,house,3300.0,4.0,3.5,18911100.0,0,0,0,0,12,0
546934,Calgary,Alberta,3239 Signal Hill Drive,51.0274383,-114.1806502,basement,2500.0,2.0,1.0,1400.0,0,0,0,0,12,0
569796,Calgary,Alberta,Skyview,51.1643667,-113.9485729,apartment,2100.0,2.0,1.0,887.0,0,0,0,0,12,0
83670,Calgary,Alberta,211 New Brighton Row SE,50.9255113,-113.9564601,townhouse,2200.0,2.0,2.5,1145.0,0,0,0,0,12,0
509504,Calgary,Alberta,17 Hidden Creek Rise Northwest,51.160581,-114.100372,duplex,2250.0,3.0,2.5,1269.0,0,0,0,0,12,0
569710,Calgary,Alberta,4404 Centre a Street Northeast,51.091612,-114.0608277,house,2295.0,1.0,2.0,950.0,1,0,0,1,3,0
555871,Calgary,Alberta,210 Pantego Terrace Northwest,51.1649671,-114.0969337,house,3400.0,4.0,3.5,2369.0,0,0,0,0,6,0
569762,Calgary,Alberta,Whitehorn,51.0934422,-113.980086,house,2150.0,3.0,1.0,950.0,0,0,0,0,12,0
569390,Calgary,Alberta,616 33 Avenue Northeast,51.0825445,-114.0499183,basement,1250.0,1.0,1.0,500.0,0,0,0,0,12,0
561856,Calgary,Alberta,Vermillon Hill,50.919446,-114.1542659,basement,1700.0,2.0,1.0,635.0,0,0,0,0,12,0
570222,Calgary,Alberta,Banff Trail,51.080333,-114.1182553,basement,2450.0,2.0,1.0,1000.0,0,0,0,1,12,0
358676,Calgary,Alberta,108 25 Ave SW,51.0304801,-114.0645232,apartment,2895.0,2.0,2.0,1200.0,2,0,0,0,12,0
568635,Calgary,Alberta,Sunalta,51.0422057,-114.0990726,house,2900.0,3.0,1.5,964.0,0,0,1,1,12,0
570149,Calgary,Alberta,251 Creekstone Row,50.8616253,-114.0665271,basement,1600.0,2.0,1.0,800.0,0,0,0,0,12,0
570393,Calgary,Alberta,96 Homestead Close Northeast,51.1142097,-113.9129931,basement,1550.0,2.0,1.0,650.0,0,0,0,0,12,0
524138,Calgary,Alberta,1805 26 AVE SW,51.030329,-114.1024909,apartment,2200.0,2.0,1.0,850.0,0,0,0,0,12,0
569327,Calgary,Alberta,738 3 Ave SW,51.0508547,-114.077663,apartment,3500.0,2.0,1.0,780.0,1,0,0,0,3,0
88209,Calgary,Alberta,34 Cranberry place SE,50.8846986,-113.9725028,basement,1479.0,1.0,1.0,700.0,0,0,1,1,12,0
570203,Calgary,Alberta,4641 128 Avenue Northeast,51.1645274,-113.9559571,apartment,2095.0,2.0,2.0,835.0,2,0,1,0,12,0
491734,Calgary,Alberta,84 Prestwick Manor Southeast (Carriage House 84-G),50.9240055,-113.9703405,apartment,1600.0,1.0,1.0,530.0,0,0,0,0,12,0
568440,Calgary,Alberta,1122 3 Street Southeast,51.0418958,-114.0554583,apartment,2650.0,1.0,1.0,500.0,1,0,0,0,6,0
475031,Calgary,Alberta,720 2 Avenue Northwest,51.0579579,-114.0787662,apartment,1750.0,2.0,1.0,950.0,0,0,0,0,12,0
473054,Calgary,Alberta,5601 Dalton Dr NW,51.1024295,-114.1483396,apartment,2200.0,2.0,1.0,795.0,1,0,0,0,6,0
534439,Calgary,Alberta,Banff Trail,51.0809597,-114.1182116,apartment,1000.0,1.0,1.0,1000.0,1,0,0,0,12,0
555795,Calgary,Alberta,1433 7 Street Northwest,51.0651235,-114.0789443,house,3200.0,4.0,2.5,1800.0,0,0,0,0,12,0
569453,Calgary,Alberta,8511 47 Avenue Northwest,51.0947875,-114.2087579,house,2000.0,2.0,1.0,1008.0,0,0,1,1,12,0
295722,Calgary,Alberta,Auburn Bay Blvd SE,50.886393440613,-113.952139375024,house,2250.0,2.0,2.5,1404.0,0,0,0,0,12,0
68862,Calgary,Alberta,2701 - 16 Ave SE,51.040134552988,-113.998678539553,basement,1850.0,2.0,1.0,1100.0,0,0,1,0,12,0
80245,Calgary,Alberta,Banff Trail,51.07681,-114.11116,house,2400.0,2.0,1.0,1150.0,0,0,0,0,12,0
567455,Calgary,Alberta,1011 2 Avenue Northwest,51.0545303,-114.0835523,house,2300.0,2.0,1.0,650.0,0,0,0,0,6,0
516767,Calgary,Alberta,Sunnyside,51.0579714,-114.0798927,apartment,1600.0,1.0,1.0,570.0,0,0,1,0,3,0
568223,Calgary,Alberta,Seton,50.8705825,-113.9455668,house,2200.0,3.0,2.5,1697.0,0,0,0,0,12,0
519889,Calgary,Alberta,Redstone,51.1657884,-113.9625447,townhouse,2400.0,3.0,3.5,1070.0,0,0,0,0,12,0
566381,Calgary,Alberta,10 Dover Point Southeast,51.0174255,-113.9981144,apartment,1300.0,1.0,1.0,1041.0,0,0,1,1,6,0
565067,Calgary,Alberta,Cityscape,51.1441246,-113.9479259,duplex,2500.0,3.0,2.5,1731.0,0,0,0,0,12,0
568985,Calgary,Alberta,Richmond/Knob Hill,51.0351555,-114.1101074,basement,2200.0,2.0,1.0,740.0,1,0,1,1,3,0
493274,Calgary,Alberta,McKenzie Lake,50.9309271,-113.9811459,house,2225.0,4.0,2.0,1300.0,0,0,1,0,12,0
570140,Calgary,Alberta,335 Creekside Boulevard,50.8592575,-114.0636635,townhouse,2595.0,3.0,2.5,1600.0,0,0,1,1,12,0
502285,Calgary,Alberta,1138 20 Ave NW,51.0706865,-114.0869566,duplex,1850.0,2.0,1.0,1000.0,0,0,0,0,12,0
333129,Calgary,Alberta,290 Shawville Way Southeast,50.9006863,-114.0683866,apartment,2100.0,2.0,2.0,890.0,0,0,1,0,12,0
568596,Calgary,Alberta,170 Haskayne Drive Northwest,51.1094333,-114.273962,basement,1500.0,1.0,1.0,632.0,0,0,0,0,12,0
527321,Calgary,Alberta,Dover,51.0269787,-113.9698015,duplex,1990.0,4.0,2.0,996.0,0,0,1,0,12,0
520121,Calgary,Alberta,100 Cranfield Common Southeast,50.886048,-113.9797612,apartment,2000.0,2.0,2.0,918.6,0,0,0,0,12,0
400897,Calgary,Alberta,Mahogany,50.89159,-113.9075,basement,1300.0,1.0,1.0,650.0,0,0,0,0,12,0
567093,Calgary,Alberta,86 Magnolia View Southeast,50.886584,-113.90825,basement,1800.0,2.0,1.0,605.0,0,0,1,1,12,0
570065,Calgary,Alberta,322 6 Avenue Northeast,51.0582183,-114.0562727,apartment,1650.0,1.0,1.0,500.0,0,0,0,0,12,0
570102,Calgary,Alberta,Haskayne Dr NW,51.1092966,-114.2724929,basement,1500.0,1.0,1.0,700.0,0,0,0,0,12,0
553790,Calgary,Alberta,1033 12 Avenue Southwest,51.0418346,-114.0860262,apartment,2050.0,2.0,1.0,750.0,0,0,0,0,12,0
570100,Calgary,Alberta,Haskayne Dr NW,51.1092966,-114.2724929,duplex,2500.0,3.0,2.5,1580.0,0,0,0,0,12,0
568280,Calgary,Alberta,2908 Rundlelawn Road Northeast,51.0795173,-113.9755632,house,2995.0,4.0,2.0,2200.0,0,0,0,0,12,0
562064,Calgary,Alberta,305 Herron Mews NE,51.1882363,-114.0498986,basement,1400.0,1.0,1.0,657.0,0,0,0,0,12,0
562421,Calgary,Alberta,Kingsland,50.9830966,-114.0763381,house,2650.0,6.0,2.0,991.0,0,0,0,0,12,0
570022,Calgary,Alberta,Cornerstone Way NE,51.1506471,-113.9345731,house,2800.0,3.0,2.5,1650.0,1,0,0,0,12,0
569297,Calgary,Alberta,Nolan Hill,51.1755799,-114.159085364418,house,2400.0,3.0,2.5,1600.0,0,0,0,0,12,0
569125,Calgary,Alberta,913 Auburn Bay Square SE,50.8847372,-113.9551941,townhouse,2100.0,2.0,1.0,720.0,0,0,1,1,12,0
559723,Calgary,Alberta,Creekside Blvd SW,50.859199017784,-114.063452656622,townhouse,2650.0,4.0,2.5,1570.0,0,0,0,0,12,0
534747,Calgary,Alberta,1188 3 Street Southeast,51.0415203,-114.055738,apartment,7000.0,2.0,2.5,2619.0,1,0,0,0,12,0
565191,Calgary,Alberta,3130 Thirsk Street NW,51.0793391,-114.1467996,apartment,2600.0,2.0,2.5,1100.0,0,0,0,0,12,0
536596,Calgary,Alberta,20913 Main Street Southeast,50.8742928,-113.9516713,house,2400.0,3.0,2.5,1640.0,0,0,0,0,12,0
569442,Calgary,Alberta,100 Cranfield Common Southeast,50.8857069,-113.979649,apartment,2350.0,2.0,2.0,919.0,0,0,1,1,12,0
568834,Calgary,Alberta,222 11 Avenue Northeast,51.062647,-114.0587253,house,2400.0,3.0,1.0,1120.0,0,0,1,0,12,0
548518,Calgary,Alberta,255 Lucas Terrace Northwest,51.190550209987,-114.080942342992,apartment,800.0,1.0,1.5,2700.0,1,0,0,0,6,0
569559,Calgary,Alberta,47 Beddington Rise Northeast,51.1306683,-114.0668589,house,2700.0,3.0,1.5,1262.0,0,0,0,1,12,0
38743,Calgary,Alberta,1088 6th Ave SW,51.048390074316,-114.08564635893,apartment,2900.0,2.0,2.0,1160.0,0,0,1,1,12,0
298547,Calgary,Alberta,55 Spruce Place SW,51.0431391,-114.1374006,apartment,3000.0,2.0,2.0,1300.0,1,0,0,0,12,0
567854,Calgary,Alberta,Penbrooke Meadows,51.0514063,-113.9383355,basement,1300.0,2.0,1.0,700.0,0,0,0,0,6,0
569858,Calgary,Alberta,550 Riverfront Ave SE,51.0473453,-114.0502366,apartment,1700.0,0.0,1.0,415.0,0,0,0,0,12,0
548368,Calgary,Alberta,Belmont,50.8701133,-114.0659844,basement,1750.0,2.0,1.0,805.0,1,0,0,0,12,0
529380,Calgary,Alberta,Beltline,51.0396159,-114.0744958,apartment,1400.0,1.0,1.0,500.0,0,0,0,0,12,0
566293,Calgary,Alberta,70 Panamount Drive Northwest,51.1580637,-114.072198,apartment,2600.0,2.0,2.0,840.0,0,0,0,0,12,0
569267,Calgary,Alberta,30 Hidden Creek Manor Northwest,51.1612571,-114.1063239,basement,1600.0,1.0,1.0,970.0,2,0,0,0,12,0
569821,Calgary,Alberta,Mahogany,50.8889018,-113.9103481,basement,1500.0,2.0,1.0,615.0,0,0,0,0,3,0
480307,Calgary,Alberta,Point McKay Crescent NW,51.0618763,-114.1471911,apartment,2600.0,2.0,1.5,990.0,0,0,1,1,12,0
569857,Calgary,Alberta,740 Legacy Village Road Southeast,50.8599955,-114.0278348,apartment,2400.0,3.0,2.0,883.0,0,0,0,0,12,0
368538,Calgary,Alberta,1008 14 Ave SW,51.0403577,-114.0845724,apartment,1840.0,1.0,1.0,378.0,0,0,1,1,12,0
569990,Calgary,Alberta,46 Mountain Park Drive Southeast,50.9127893,-113.9918596,house,4500.0,5.0,3.5,26001200.0,0,0,0,0,12,0
567670,Calgary,Alberta,Discovery Ridge,51.0158471,-114.214474,apartment,880.0,2.0,1.0,750.0,2,0,0,0,3,0
558034,Calgary,Alberta,151 Legacy Main Street Southeast,50.8605576,-114.0235659,apartment,2200.0,2.0,2.0,893.0,0,0,1,1,12,0
132956,Calgary,Alberta,2224 32 Ave SW,51.0251204,-114.1132533,basement,1100.0,1.0,1.0,750.0,0,0,1,0,12,0
552808,Calgary,Alberta,1451 2 Street Northeast,51.06472,-114.05779,basement,1675.0,1.0,1.0,600.0,0,0,0,1,12,0
524777,Calgary,Alberta,4641 128 Ave NE,51.1651584,-113.9567176,apartment,1650.0,1.0,1.0,520.0,0,0,1,1,12,0
561928,Calgary,Alberta,1119 Seton Circle Southeast,50.8771134,-113.9599869,duplex,2250.0,3.0,2.5,1500.0,0,0,0,0,12,0
555510,Calgary,Alberta,609 24 Avenue Northwest,51.074063,-114.0744358,house,2200.0,2.0,1.0,1400.0,0,0,0,0,12,0
338557,Calgary,Alberta,1543 34 Ave SW,51.0230615,-114.0970589,apartment,1800.0,2.0,1.0,850.0,0,0,0,0,12,0
502709,Calgary,Alberta,706 15th Ave SW,51.0392516,-114.0772623,apartment,1900.0,1.0,1.0,450.0,1,0,0,0,12,0
569757,Calgary,Alberta,Belmont,50.8741643,-114.0643873,duplex,2600.0,3.0,2.5,1400.0,0,0,0,0,12,0
567554,Calgary,Alberta,Carrington,51.1776001,-114.0874035,basement,1700.0,2.0,1.0,950.0,0,0,0,0,12,0
569690,Calgary,Alberta,3932 University Avenue Northwest,51.07855,-114.1439,apartment,1800.0,1.0,1.0,545.0,0,0,1,1,12,0
454219,Calgary,Alberta,120 23 Avenue Northeast,51.077515700639,-114.05854308728,apartment,1800.0,2.0,1.0,650.0,2,0,0,0,12,0
569738,Calgary,Alberta,Evergreen,50.916091694074,-114.108616583606,basement,1100.0,1.0,1.0,800.0,1,0,0,0,6,0
567296,Calgary,Alberta,21 Herron Mews NE,51.189408,-114.0498012,basement,1300.0,1.0,1.0,500.0,0,0,0,0,12,0
501629,Calgary,Alberta,1309B 18AVe NW,51.0685786,-114.0904628,apartment,700.0,1.0,1.0,800.0,1,0,0,0,12,0
569718,Calgary,Alberta,Brightoncrest Green SE,50.9247909,-113.9414345,basement,1500.0,2.0,1.0,900.0,0,0,0,0,12,0
291331,Calgary,Alberta,210 15 Ave SE,51.0386245,-114.0603557,apartment,5000.0,2.0,2.5,2200.0,1,0,0,0,6,0
399448,Calgary,Alberta,217 Kincora Heights Northwest,51.1572947,-114.1316951,house,2850.0,3.0,2.5,1850.0,0,0,0,0,12,0
555146,Calgary,Alberta,1320 1 St SE,51.039752494,-114.060494628,apartment,2600.0,2.0,2.0,870.0,0,0,1,1,12,0
98281,Calgary,Alberta,2304 2 Avenue NW,51.0546398,-114.1132385,basement,1400.0,1.0,1.0,750.0,0,0,0,0,12,0
569470,Calgary,Alberta,Redstone,51.169712231746,-113.966984830688,basement,1600.0,2.0,1.0,780.0,0,0,0,0,12,0
556755,Calgary,Alberta,Citadel,51.142571,-114.1689978,apartment,780.0,1.0,1.0,1200.0,1,0,0,0,3,0
569500,Calgary,Alberta,Harvest Hills Way NE,51.149902,-114.0459373,apartment,2190.0,2.0,2.0,855.0,0,0,0,0,12,0
532581,Calgary,Alberta,3815 Vancouver Crescent Northwest,51.0909799,-114.143214,house,2700.0,3.0,1.0,1200.0,0,0,0,0,12,0
567671,Calgary,Alberta,16720 24 Street Southwest,50.9027022,-114.1166653,house,4000.0,3.0,2.5,2460.0,0,0,1,1,12,0
501799,Calgary,Alberta,305 Sage Meadows Park NW,51.180506990391,-114.13187209303,basement,1599.0,2.0,1.0,1000.0,0,0,0,0,12,0
568133,Calgary,Alberta,Legacy,50.8524414,-114.002021,house,2475.0,4.0,3.0,1800.0,0,0,0,1,3,0
569451,Calgary,Alberta,131 Woodglen Road Southwest,50.946394987429,-114.121114084656,house,3200.0,4.0,3.0,1254.0,0,0,0,0,12,0
566003,Calgary,Alberta,333 Garry Crescent NE,51.096421,-114.0572119,apartment,2350.0,2.0,2.0,1100.0,0,0,0,0,12,0
569605,Calgary,Alberta,200 Seton Circle Southeast,50.8705656,-113.9568435,apartment,1945.0,2.0,1.0,630.0,0,0,0,0,12,0
358752,Calgary,Alberta,450 8 Ave SE,51.0454105,-114.053745,apartment,1950.0,2.0,1.0,426.0,1,0,0,0,12,0
561041,Calgary,Alberta,8445 Broadcast Avenue Southwest,51.0645355,-114.2088829,apartment,2900.0,2.0,2.0,1030.0,0,0,0,0,6,0
567362,Calgary,Alberta,39 Hidden Creek Place Northwest,51.1557043,-114.1057115,townhouse,2190.0,2.0,2.0,1065.0,0,0,0,0,6,0
569639,Calgary,Alberta,1122 3 Street  SE,51.0418958,-114.0554583,apartment,2500.0,1.0,1.0,500.0,1,0,0,0,12,0
566870,Calgary,Alberta,814 Memorial Drive Northwest,51.055631,-114.0786236,townhouse,5995.0,3.0,3.5,3000.0,1,0,0,0,3,0
569675,Calgary,Alberta,1719 11 Avenue Southwest,51.0431857,-114.1005262,apartment,2100.0,2.0,1.0,1050.0,0,0,1,1,12,0
498362,Calgary,Alberta,1313 20 Avenue Northwest,51.0703414,-114.0906644,basement,1400.0,1.0,1.0,500.0,0,0,0,0,12,0
521083,Calgary,Alberta,11001 Sacramento Drive Southwest,50.9551386,-114.079349,house,2300.0,3.0,1.0,1126.0,0,0,0,0,12,0
484607,Calgary,Alberta,Briar Hill,51.0656351,-114.1074878,house,3000.0,3.0,2.0,11001100.0,0,0,1,0,12,0
564631,Calgary,Alberta,271 Seton Villas SE,50.8636912,-113.9492969,house,2000.0,2.0,1.5,1000.0,0,0,0,0,12,0
118434,Calgary,Alberta,502 58 Ave SW,51.0015146,-114.0738689,apartment,1680.0,2.0,1.0,907.0,0,0,0,0,12,0
458343,Calgary,Alberta,103 Chapalina Crescent Southeast,50.8869432,-114.0492321,apartment,700.0,5.0,3.0,1777.0,1,0,0,0,12,0
535779,Calgary,Alberta,120 18 Ave SW,51.0371998,-114.0641308,apartment,3200.0,1.0,1.0,650.0,1,0,1,1,6,0
525100,Calgary,Alberta,McKenzie Lake,50.9044529,-113.979562,house,1900.0,3.0,1.5,1100.0,1,2,0,0,12,0
567712,Calgary,Alberta,107 Ranchero Place Northwest,51.1226457,-114.1892366,house,2349.0,3.0,2.0,1400.0,0,0,1,1,12,0
566565,Calgary,Alberta,Sage Hill,51.1752629,-114.1465922,house,3600.0,4.0,3.5,2700.0,1,0,0,0,6,0
569545,Calgary,Alberta,Carrington,51.1789693,-114.0885777,basement,1500.0,2.0,1.0,700.0,0,0,0,0,12,0
540353,Calgary,Alberta,Citadel,51.147667288227,-114.186164407935,apartment,775.0,1.0,1.0,1500.0,2,2,0,0,6,0
490755,Calgary,Alberta,Springbank Hill,51.0280957,-114.1950801,house,26500.0,8.0,7.5,11700.0,0,0,1,1,6,0
569509,Calgary,Alberta,430 Tuscany Ridge Heights Northwest,51.1285504,-114.2554484,house,3200.0,3.0,3.5,1700.0,0,0,0,0,12,0
541789,Calgary,Alberta,51 Waterfront Mews SW,51.0530356,-114.0661001,apartment,3400.0,2.0,2.0,923.0,0,0,1,1,12,0
535948,Calgary,Alberta,42 Cranbrook Gardens Southeast,50.8623447,-113.971482,apartment,1850.0,1.0,1.0,628.0,0,0,0,0,12,0
561784,Calgary,Alberta,West Springs,51.054383704619,-114.191854707576,apartment,1300.0,2.0,1.5,2400.0,1,0,0,0,12,0
569434,Calgary,Alberta,3109 42 Street Southwest,51.0266137,-114.1485453,duplex,2000.0,2.0,1.0,850.0,0,0,1,1,12,0
111185,Calgary,Alberta,"102, 814 Memorial Drive NW",51.055595,-114.0785907,townhouse,5750.0,3.0,3.5,3000.0,1,0,0,0,6,0
507376,Calgary,Alberta,4641 128 Ave NE,51.1651584,-113.9567176,apartment,2250.0,2.0,2.0,1000.0,2,0,0,0,12,0
555177,Calgary,Alberta,Ambleton Dr NW,51.1861233,-114.1126203,house,2500.0,3.0,2.5,1717.0,0,0,0,0,12,0
568731,Calgary,Alberta,81 Legacy Boulevard Southeast,50.8621378,-114.0232746,apartment,2090.0,2.0,2.0,690.0,0,2,1,1,6,0
569314,Calgary,Alberta,404 Copperpond Landing,50.9254687,-113.9299873,townhouse,2500.0,3.0,2.5,1453.0,1,0,1,1,12,0
462009,Calgary,Alberta,Parkhill-Stanley Park,51.0188179,-114.0667682,house,2500.0,2.0,1.0,2000.0,2,0,0,0,6,0
568965,Calgary,Alberta,Coventry Hills,51.1732872,-114.0509618,basement,1600.0,2.0,1.0,2150.0,0,0,0,0,12,0
568132,Calgary,Alberta,1403 20 Avenue Northwest,51.0703943,-114.0926652,duplex,2250.0,3.0,1.5,1400.0,0,0,0,0,12,0
513987,Calgary,Alberta,12 Edgevalley Way Northwest,51.1320817,-114.1471864,house,3200.0,3.0,3.0,2600.0,0,0,1,1,12,0
518429,Calgary,Alberta,Millrise,50.9157473,-114.0761678,apartment,800.0,2.0,2.0,1400.0,1,0,0,0,3,0
516518,Calgary,Alberta,2624 Exshaw Road Northwest,51.0759032,-114.1104024,house,2590.0,3.0,2.0,1118.0,0,0,0,0,12,0
569129,Calgary,Alberta,380 Seton Villas Southeast,50.8653306,-113.9502655,townhouse,2400.0,2.0,2.5,1050.0,0,0,1,1,12,0
557849,Calgary,Alberta,3218 21 Street Southwest,51.025568224955,-114.111654506745,basement,1575.0,1.0,1.0,500.0,0,0,1,1,12,0
567953,Calgary,Alberta,681 Savanna Boulevard Northeast,51.1347216,-113.9496947,apartment,2100.0,2.0,2.0,920.0,0,0,0,0,12,0
325629,Calgary,Alberta,Auburn Bay,50.893144398406,-113.945586605682,apartment,1850.0,1.0,1.0,661.0,0,0,1,1,12,0
564626,Calgary,Alberta,140 - 380 Seton Villas SE,50.8653306,-113.9502655,townhouse,2250.0,2.0,2.5,904.0,0,0,1,1,12,0
567672,Calgary,Alberta,442 Nolan Hill Boulevard Northwest,51.172601951815,-114.169942430689,townhouse,2450.0,2.0,2.5,1320.0,0,0,1,1,12,0
515791,Calgary,Alberta,9620 Assiniboine Road Southeast,50.9670987,-114.049394,house,4000.0,3.0,1.5,1165.0,1,0,0,1,3,0
398980,Calgary,Alberta,Arbour Lake,51.1330937,-114.2203204,house,2000.0,2.0,1.0,1666.0,0,0,0,0,12,0
566695,Calgary,Alberta,21 Lucas Heights Northwest,51.1861821,-114.0779735,basement,1500.0,1.0,1.0,981.0,0,0,0,0,12,0
493237,Calgary,Alberta,7830 Hunterview Drive Northwest,51.1234046,-114.0850513,house,1990.0,3.0,1.5,1182.0,0,0,0,0,12,0
531235,Calgary,Alberta,Belmont,50.872038054501,-114.065652865112,house,2750.0,3.0,2.5,1400.0,0,0,1,1,12,0
567353,Calgary,Alberta,Glacier Ridge,51.1849959,-114.17328,house,2550.0,3.0,2.5,1500.0,0,0,1,0,12,0
536969,Calgary,Alberta,Seton Row SE,50.8643175,-113.9479771,house,2695.0,3.0,2.5,1800.0,0,0,0,1,12,0
350482,Calgary,Alberta,Cliff Bungalow,51.0358284,-114.072638,apartment,2100.0,2.0,2.0,1735.0,0,0,1,1,12,0
355713,Calgary,Alberta,2619 17A St SW,51.0306332,-114.1038036,apartment,1325.0,0.0,1.0,397.0,0,0,1,1,12,0
520668,Calgary,Alberta,2034 6 Street Northeast,51.070539,-114.048084,basement,1800.0,2.0,1.0,809.0,0,0,0,1,12,0
292418,Calgary,Alberta,121 29 ave nw calgary,51.0785768,-114.0639597,townhouse,2450.0,3.0,2.0,1300.0,0,0,1,1,12,0
50229,Calgary,Alberta,72 COSTA MESA CLOSE,51.085952274446,-113.933349361377,house,3200.0,5.0,2.0,1065.0,0,0,0,0,12,0
459602,Calgary,Alberta,531 19 Avenue Southwest,51.036249011077,-114.072547054492,apartment,1625.0,1.0,1.0,700.0,1,0,0,0,6,0
567551,Calgary,Alberta,87 Coville Circle Northeast,51.1723365,-114.0411065,house,2500.0,3.0,2.0,1100.0,0,0,0,0,12,0
568790,Calgary,Alberta,Seton,50.8702808,-113.9440931,basement,1600.0,2.0,1.0,650.0,1,0,0,0,12,0
411915,Calgary,Alberta,222 Riverfront Avenue Southwest,51.0524308,-114.0668026,apartment,2400.0,1.0,1.0,549.0,1,0,0,0,12,0
351053,Calgary,Alberta,256 Kincora Glen Rise Northwest,51.1642127,-114.1402282,house,2850.0,3.0,2.5,1930.0,0,0,0,0,12,0
481846,Calgary,Alberta,515 23 Avenue SW,51.0322881,-114.0727083,apartment,1650.0,1.0,1.0,587.0,0,0,1,0,12,0
96663,Calgary,Alberta,30 Richard Court SW,51.0075442,-114.1324368,apartment,1740.0,1.0,1.0,624.0,0,0,0,0,12,0
436021,Calgary,Alberta,315 Heritage Drive SE,50.9793329,-114.064209,apartment,1400.0,1.0,1.0,900.0,2,0,0,0,12,0
567826,Calgary,Alberta,3236 New Brighton Gardens Southeast,50.9140877,-113.9527268,townhouse,2300.0,2.0,3.0,1109.0,0,0,0,0,12,0
568266,Calgary,Alberta,681 Savanna Boulevard Northeast,51.1347216,-113.9496947,apartment,2250.0,2.0,2.0,1100.0,0,0,0,0,12,0
63630,Calgary,Alberta,411 Huntsville Crescent NW,51.1145161,-114.0688325,duplex,1800.0,3.0,1.0,1000.0,0,0,0,0,12,0
48025,Calgary,Alberta,92 saddletree court,51.1295556,-113.9540149,apartment,2400.0,2.0,2.0,1000.0,0,0,1,1,12,0
40508,Calgary,Alberta,1920 14th Ave NE,51.065969,-114.014869,apartment,1950.0,2.0,2.0,860.0,0,0,0,0,12,0
559660,Calgary,Alberta,505 4 Street Southeast,51.0478893,-114.0532344,apartment,2995.0,2.0,2.0,1183.0,0,0,1,1,12,0
553846,Calgary,Alberta,Livingston,51.1900394,-114.0525025,basement,1500.0,2.0,2.0,650.0,0,2,0,0,12,0
90623,Calgary,Alberta,1103 44th Street SE,51.0438941,-113.9704775,townhouse,1850.0,2.0,1.5,1000.0,0,0,0,0,12,0
565152,Calgary,Alberta,34 Dieppe Lane SW,51.0179738,-114.1251256,townhouse,3495.0,4.0,2.5,1416.0,0,0,0,0,12,0
557813,Calgary,Alberta,965 Legacy Circle Southeast,50.8560795,-113.9981909,basement,1600.0,1.0,1.0,586.0,0,0,0,0,12,0
346291,Calgary,Alberta,3125 39 Street NW,51.0809766,-114.1448983,townhouse,2600.0,2.0,2.5,1279.0,1,0,0,0,3,0
542093,Calgary,Alberta,121 24 Avenue Southwest,51.0311141,-114.0654671,apartment,1800.0,1.0,1.0,598.0,0,0,1,1,12,0
523618,Calgary,Alberta,95 Arbour Lake Heights Northwest,51.131913,-114.2126996,basement,1500.0,2.0,1.0,625.0,0,0,0,0,12,0
546221,Calgary,Alberta,Belmont Drive SW,50.868805,-114.0656089,house,2335.0,3.0,2.5,1600.0,0,0,0,0,12,0
568544,Calgary,Alberta,Cornerstone,51.1534536,-113.933038,townhouse,3400.0,4.0,3.0,1800.0,1,0,0,0,3,0
568665,Calgary,Alberta,Belmont Drive SW,50.8688049,-114.0656072,house,2285.0,3.0,2.5,1485.0,0,0,0,0,12,0
407705,Calgary,Alberta,109 Village Heights Southwest,51.0576065,-114.1689591,apartment,2400.0,2.0,2.0,900.0,0,0,1,1,12,0
478863,Calgary,Alberta,Midnapore,50.9079266,-114.0479897,basement,1500.0,2.0,1.0,915.0,0,0,1,0,12,0
544332,Calgary,Alberta,Brentwood,51.090981,-114.1344649,apartment,875.0,3.0,1.5,1150.0,1,0,0,0,12,0
567913,Calgary,Alberta,3340 41 Street Southwest,51.0240598,-114.1464426,house,2200.0,3.0,1.5,1400.0,0,0,0,0,12,0
498953,Calgary,Alberta,101 Panora RD NW,51.175834729306,-114.094869683207,house,2495.0,4.0,2.5,2200.0,0,0,1,1,12,0
568780,Calgary,Alberta,88 9 Street  NE,51.0520916,-114.0395075,apartment,2400.0,2.0,2.0,668.0,0,0,0,0,12,0
85360,Calgary,Alberta,Garrison Woods,51.018188461942,-114.113794746033,house,6000.0,5.0,3.5,2150.0,0,0,0,0,12,0
126864,Calgary,Alberta,1122 3 Street Southeast,51.0418015,-114.0555208,apartment,2100.0,1.0,1.0,644.0,0,0,1,0,12,0
568112,Calgary,Alberta,11 Royal Birch Street Northwest,51.1443109,-114.2198686,basement,1400.0,1.0,1.0,550.0,0,0,0,0,12,0
567197,Calgary,Alberta,Sherwood,51.1613579,-114.1496958,townhouse,2500.0,3.0,2.5,1406.0,0,0,0,0,12,0
559473,Calgary,Alberta,Alpine Park,50.919531936513,-114.141602138623,basement,2000.0,2.0,1.0,1000.0,0,0,0,0,12,0
568558,Calgary,Alberta,173 Haskayne Drive Northwest,51.1093163,-114.2749653,basement,1500.0,1.0,1.0,662.0,0,0,0,0,12,0
451430,Calgary,Alberta,4907 Dalham Crescent Northwest,51.107177454942,-114.158539115345,basement,1500.0,2.0,1.0,500.0,0,0,1,0,12,0
488892,Calgary,Alberta,59 West Coach Manor Southwest,51.065122664644,-114.216352836304,apartment,2500.0,2.0,3.0,1179.0,0,0,0,0,12,0
568430,Calgary,Alberta,Aquila Way NW,51.1845739,-114.1717166,basement,1700.0,2.0,1.0,600.0,0,0,0,0,12,0
553609,Calgary,Alberta,Mahogany Blvd SE,50.9019672,-113.9242496,house,2550.0,3.0,2.5,1682.0,0,0,1,1,12,0
565712,Calgary,Alberta,Kincora,51.1558207,-114.1345751,basement,1500.0,1.0,1.0,1250.0,0,0,0,0,12,0
568631,Calgary,Alberta,63 Inglewood Park SE,51.0385614,-114.0165703,apartment,2200.0,1.0,1.0,772.0,0,0,1,1,12,0
291551,Calgary,Alberta,1111 10 St SW,51.0423275,-114.0866178,apartment,2300.0,2.0,2.0,899.0,0,0,0,1,12,0
7630,Calgary,Alberta,110 24 Ave SW,51.031564,-114.064759,apartment,1550.0,1.0,1.0,600.0,0,0,0,0,6,0
314900,Calgary,Alberta,120 18 Ave SW,51.037263,-114.064799,apartment,2200.0,1.0,1.0,735.0,0,0,1,1,12,0
527624,Calgary,Alberta,Albert Park,51.0439876,-114.0010732,apartment,600.0,3.0,2.0,1200.0,1,2,0,0,6,0
568575,Calgary,Alberta,Belmont Drive SW,50.8688049,-114.0656072,basement,1485.0,1.0,1.0,750.0,0,0,0,0,12,0
67129,Calgary,Alberta,2021 28 AVE NW,51.0789658,-114.1139276,apartment,1200.0,0.0,1.0,470.0,0,0,0,0,12,0
567343,Calgary,Alberta,681 Savanna Boulevard Northeast,51.1347934,-113.9497081,apartment,2150.0,2.0,2.0,980.0,0,0,0,0,12,0
566315,Calgary,Alberta,390 Spring Creek Circle Southwest,51.031643,-114.2086191,basement,2000.0,2.0,1.0,899.0,0,0,0,0,12,0
567529,Calgary,Alberta,60 Panatella Street Northwest,51.1649833,-114.0909521,apartment,2100.0,2.0,2.0,840.0,0,0,0,0,12,0
110282,Calgary,Alberta,1004 16A ST NE,51.0607863,-114.0203841,house,1900.0,3.0,1.0,1130.0,0,0,0,0,12,0
568117,Calgary,Alberta,Chaparral,50.8878899,-114.0143663,basement,1500.0,1.0,1.0,979.0,2,0,0,0,12,0
568011,Calgary,Alberta,Silverado,50.8817904,-114.0844457,basement,1800.0,2.0,1.0,1100.0,0,0,0,0,6,0
568303,Calgary,Alberta,Edith Vw NW,51.1876575,-114.1692062,duplex,3000.0,3.0,2.5,1785.0,0,0,1,1,6,0
416844,Calgary,Alberta,Thorncliffe,51.106406651168,-114.066068222168,apartment,700.0,1.0,1.0,1300.0,1,0,0,0,12,0
567357,Calgary,Alberta,106 Creekside Way Southwest,50.8628218,-114.0755131,basement,1780.0,2.0,1.0,1200.0,0,0,0,0,12,0
483039,Calgary,Alberta,1320 12 Ave SW,51.0425214,-114.0927816,apartment,1800.0,1.0,1.0,723.0,1,0,0,0,6,0
82606,Calgary,Alberta,1107 17 Avenue S.W.,51.0376845,-114.0875562,apartment,2100.0,1.0,1.5,1034.0,0,0,0,0,12,0
471695,Calgary,Alberta,5731 Dalcastle Crescent Northwest,51.1163928,-114.1653952,basement,1350.0,2.0,1.0,1200.0,0,0,0,0,12,0
567853,Calgary,Alberta,2400 15 St SW,51.0502,-114.0468984,townhouse,2300.0,2.0,1.0,996.0,0,0,1,1,12,0
567594,Calgary,Alberta,1078 6th Avenue Southwest,51.0482801,-114.0848585,apartment,1799.0,2.0,2.0,1800.0,1,0,0,0,12,0
105313,Calgary,Alberta,55 Collingwood Place NW,51.0870172,-114.1037408,townhouse,1950.0,2.0,1.0,900.0,0,0,0,0,12,0
45393,Calgary,Alberta,Albert Park,51.055136600972,-113.997384458117,duplex,1600.0,2.0,1.5,1020.0,1,0,0,0,12,0
568210,Calgary,Alberta,619 67 Avenue Southwest,50.9929985,-114.0757231,apartment,1680.0,0.0,1.0,700.0,1,0,0,0,3,0
2248,Calgary,Alberta,360 Falshire Drive NE,51.108143,-113.936489,apartment,1450.0,1.0,1.0,500.0,0,0,1,1,12,0
440279,Calgary,Alberta,339 13 Ave SW,51.040578,-114.070712,apartment,3000.0,1.0,1.0,490.0,1,0,0,0,6,0
566862,Calgary,Alberta,33 Carringham Gate Northwest,51.18536,-114.09107,apartment,2045.0,2.0,2.0,838.0,0,0,0,0,12,0
462306,Calgary,Alberta,3730 50 Street Northwest,51.0856681,-114.1602927,apartment,1950.0,2.0,1.0,1030.0,2,0,0,0,12,0
423961,Calgary,Alberta,25 Sienna Park Link Southwest,51.0286936,-114.1854088,house,4400.0,4.0,3.5,2334.0,2,0,1,1,12,0
565844,Calgary,Alberta,Magnolia Pl SE,50.8904579,-113.9190883,house,2980.0,3.0,3.0,2390.0,0,0,0,0,12,0
492127,Calgary,Alberta,6024 12 Avenue Southeast,51.0421637,-113.9492477,basement,1450.0,2.0,1.0,900.0,0,0,0,0,12,0
548385,Calgary,Alberta,171 Bermuda Drive Northwest,51.1322149,-114.0763828,basement,1800.0,2.0,1.0,1300.0,1,2,1,1,12,0
431508,Calgary,Alberta,25 COPPERPOND AVE SE,50.9165173,-113.9169055,house,2700.0,3.0,2.5,1700.0,0,0,0,0,12,0
81148,Calgary,Alberta,Auburn Crest Place,50.8872192,-113.9479257,house,2650.0,3.0,2.5,1450.0,0,0,0,0,12,0
552136,Calgary,Alberta,54 Mallard Heath Southeast,50.871815,-113.9241578,basement,1600.0,2.0,1.0,605.0,0,0,0,0,12,0
568119,Calgary,Alberta,639 Malvern Way Northeast,51.05703,-113.93809,house,2350.0,3.0,1.5,1123.0,0,1,1,1,12,0
509239,Calgary,Alberta,"2007 PINEPOINT ROAD, NE CALGARY",51.0703379,-113.9503219,basement,1795.0,2.0,2.0,900.0,1,0,0,0,12,0
437149,Calgary,Alberta,Ramsay,51.0329787,-114.0480521,duplex,2500.0,2.0,2.5,1300.0,0,0,0,0,12,0
566803,Calgary,Alberta,1721 2 Avenue NW,51.0542206,-114.0991316,house,5000.0,5.0,4.5,2578.0,0,0,0,0,12,0
524814,Calgary,Alberta,723 57 Ave SW,51.008443885851,-114.076747272461,apartment,1450.0,1.0,1.0,790.0,0,0,0,0,3,0
535326,Calgary,Alberta,79 Bel-Aire Place SW,50.9987934,-114.093004,house,14995.0,3.0,3.5,7000.0,0,0,0,0,12,0
567859,Calgary,Alberta,Pineridge,51.0684306,-113.9480156,house,2100.0,3.0,1.5,1200.0,0,0,0,0,12,0
487383,Calgary,Alberta,Chaparral,50.887265158648,-114.047036264276,basement,1700.0,2.0,2.0,1004.0,0,0,1,0,6,0
121694,Calgary,Alberta,1317-27 Street SE,51.0419412,-113.9955723,apartment,2050.0,2.0,2.0,812.0,0,0,0,0,12,0
99078,Calgary,Alberta,1513 26 Ave SW,51.030189,-114.095598,apartment,1850.0,1.0,1.0,715.0,0,0,0,0,12,0
565630,Calgary,Alberta,3820 Brentwood Road Northwest,51.086643,-114.1290658,apartment,2400.0,1.0,1.0,553.0,1,0,1,1,6,0
566131,Calgary,Alberta,Fairview,50.9798337,-114.05477,apartment,850.0,1.0,2.0,1300.0,1,0,0,0,12,0
488086,Calgary,Alberta,1190 Ranchview Road Northwest,51.117927,-114.1839147,apartment,1200.0,1.0,1.0,1300.0,1,0,1,1,6,0
296195,Calgary,Alberta,710-720 13th Ave SW,51.0411643,-114.0778227,apartment,4750.0,2.0,2.0,1580.0,1,0,1,1,12,0
426975,Calgary,Alberta,21 Sherwood View Northwest,51.1570709,-114.14725,apartment,700.0,1.0,1.0,2500.0,1,0,1,0,12,0
323206,Calgary,Alberta,115 Savanna Parade NE,51.1330873,-113.9569092,basement,1650.0,2.0,1.0,1200.0,0,0,0,0,12,0
567673,Calgary,Alberta,271 Saint Moritz Terrace Southwest,51.0342146,-114.2128673,house,3500.0,3.0,2.5,2200.0,0,0,0,0,12,0
31104,Calgary,Alberta,6140 Beaver Dam Way Northeast,51.1071899,-114.058007,house,2095.0,2.0,1.0,850.0,1,0,0,0,12,0
567825,Calgary,Alberta,1819 27 Avenue Southwest,51.0293928,-114.1032438,apartment,2100.0,2.0,2.0,870.0,0,0,1,0,12,0
562781,Calgary,Alberta,2320 23 Street Northwest,51.0704988,-114.1129293,apartment,850.0,5.0,2.0,1036.0,1,0,0,0,12,0
567388,Calgary,Alberta,4612 73 Street Northwest,51.092428,-114.197018,townhouse,1775.0,2.0,1.0,1000.0,0,0,0,0,12,0
567802,Calgary,Alberta,1604 Chester Place Northwest,51.0804877,-114.096968,house,3350.0,3.0,3.0,1233.0,0,0,0,0,12,0
538141,Calgary,Alberta,3517 2 Street Northwest,51.0837138,-114.067137,duplex,2300.0,2.0,1.0,800.0,1,0,0,0,3,0
138090,Calgary,Alberta,2801-14 Avenue S.E.,51.0403688,-113.9950818,townhouse,1795.0,2.0,1.0,1000.0,0,0,0,0,12,0
552692,Calgary,Alberta,Huntington Hills,51.1242712,-114.0647867,house,2500.0,3.0,1.0,1300.0,2,0,0,0,6,0
567318,Calgary,Alberta,930 6 Avenue SW,51.0482556,-114.0824597,apartment,2100.0,1.0,1.0,714.0,0,0,0,0,12,0
558553,Calgary,Alberta,907 Harvest Hills Drive Northeast,51.1438164,-114.0528539,house,2900.0,3.0,3.5,1753.0,0,0,1,1,6,0
566014,Calgary,Alberta,550 Riverfront Ave SE,51.0473453,-114.0502366,apartment,2500.0,2.0,1.0,556.0,0,0,1,1,6,0
567505,Calgary,Alberta,Livingston,51.1890436,-114.0792559,basement,1500.0,2.0,1.0,750.0,0,0,0,0,6,0
567544,Calgary,Alberta,Fonda,51.0521892,-113.9725324,basement,975.0,0.0,1.0,750.0,0,0,0,0,12,0
350687,Calgary,Alberta,35 Nolan Hill Blvd NW,51.1722069,-114.1563373,townhouse,2680.0,3.0,2.5,1400.0,0,0,0,0,6,0
526432,Calgary,Alberta,1122 3 St SE,51.0418015,-114.0555208,apartment,2300.0,1.0,1.0,400.0,2,0,1,1,6,0
567549,Calgary,Alberta,43 Covepark Drive Northeast,51.1665223,-114.0528701,house,1950.0,2.0,1.0,1100.0,0,0,1,1,12,0
566446,Calgary,Alberta,90 Silverado Bank Circle Southwest,50.8847162,-114.0844835,basement,1850.0,2.0,1.0,1000.0,0,0,1,0,6,0
527966,Calgary,Alberta,1245 Regal Crescent Northeast,51.0630607,-114.0453802,basement,2000.0,1.0,1.0,830.0,0,0,0,0,12,0
549669,Calgary,Alberta,5200 53 Avenue Northwest,51.049138496324,-114.035651595279,townhouse,2125.0,3.0,1.5,1075.0,0,0,1,1,12,0
567401,Calgary,Alberta,Collingwood,51.0875843,-114.1007439,basement,1500.0,2.0,1.0,1000.0,0,0,0,0,12,0
453614,Calgary,Alberta,1540 17th Ave SW,51.038037,-114.096917,apartment,3950.0,3.0,2.5,1400.0,2,0,1,1,12,0
537048,Calgary,Alberta,Charleswood,51.0939659,-114.1160564,apartment,680.0,6.0,4.0,3000.0,0,0,0,0,12,0
323993,Calgary,Alberta,612 Memorial Drive Northwest,51.0572554,-114.0755123,house,2095.0,2.0,1.0,1200.0,0,0,1,1,3,0
567295,Calgary,Alberta,3932 University Avenue Northwest,51.07855,-114.1439,apartment,3100.0,2.0,1.0,699.0,1,0,0,0,6,0
567027,Calgary,Alberta,331 Madeira Close Northeast,51.0621362,-113.9472277,house,2150.0,3.0,1.0,1150.0,0,0,0,0,12,0
337684,Calgary,Alberta,930 6 Avenue SW,51.0482556,-114.0824597,apartment,3400.0,2.0,2.0,1060.0,1,0,0,0,12,0
566445,Calgary,Alberta,Saddle Ridge,51.1267638,-113.943316,house,2200.0,3.0,2.0,1100.0,0,0,0,0,12,0
497394,Calgary,Alberta,7714 Bowness Road Northwest,51.0891914,-114.1972262,townhouse,2100.0,2.0,1.5,1000.0,0,0,0,1,12,0
117199,Calgary,Alberta,Richmond/Knob Hill,51.03139,-114.11333,duplex,1800.0,1.0,1.0,1200.0,0,0,1,0,12,0
500757,Calgary,Alberta,1903 5A Street Southwest,51.0361682,-114.075884,apartment,1995.0,2.0,1.0,960.0,1,0,0,0,3,0
566944,Calgary,Alberta,219 29 Avenue Northwest,51.0785142,-114.0661772,house,3800.0,5.0,3.5,2200.0,0,0,0,0,12,0
128903,Calgary,Alberta,1122 3rd Street SE,51.0418015,-114.0555208,apartment,1850.0,1.0,1.0,545.0,0,0,0,0,12,0
543362,Calgary,Alberta,Capitol Hill,51.0698556,-114.08759,basement,1500.0,1.0,1.0,600.0,0,0,1,1,12,0
566927,Calgary,Alberta,1110 Cornerstone Boulevard Northeast,51.1550706,-113.9380742,townhouse,2650.0,3.0,2.5,1355.0,0,0,0,0,12,0
565244,Calgary,Alberta,Livingston Way NE,51.1848338,-114.057734,duplex,2600.0,3.0,2.5,1664.0,0,0,0,0,12,0
320188,Calgary,Alberta,Sunalta,51.043321,-114.1069033,townhouse,3350.0,3.0,3.5,1700.0,1,0,0,0,12,0
26765,Calgary,Alberta,814 4a street n.e,51.0592362,-114.0511682,apartment,2350.0,2.0,1.5,950.0,0,0,1,1,12,0
506000,Calgary,Alberta,West Springs,51.0590038,-114.1959217,apartment,950.0,1.0,1.5,600.0,1,0,0,0,6,0
565478,Calgary,Alberta,3689 Cornerstone Boulevard Northeast,51.1579332,-113.9266462,house,2700.0,3.0,2.5,1640.0,0,0,0,0,12,0
543302,Calgary,Alberta,128 26 Avenue Northeast,51.0762696,-114.0608085,basement,2250.0,1.0,1.0,800.0,1,0,0,0,6,0
564779,Calgary,Alberta,Belmont Mnr SW,50.8720742,-114.0640499,basement,1700.0,2.0,1.0,900.0,0,0,0,0,12,0
566022,Calgary,Alberta,540 Penworth Way Southeast,51.0491342,-113.949399,house,2150.0,3.0,1.0,1100.0,1,0,0,0,6,0
559152,Calgary,Alberta,Mayland Heights,51.054961714081,-114.003757858428,basement,1650.0,2.0,1.0,900.0,0,0,0,0,12,0
436826,Calgary,Alberta,89 Citadel Hills Circle Northwest,51.1374909,-114.1689803,basement,1495.0,2.0,1.0,900.0,0,0,0,0,6,0
120735,Calgary,Alberta,Evanston,51.1806742,-114.1189366,basement,1400.0,1.0,1.0,1000.0,2,0,0,0,12,0
566627,Calgary,Alberta,Whitehorn,51.0944529,-113.9593696,apartment,2500.0,2.0,1.0,850.0,0,0,0,0,6,0
331340,Calgary,Alberta,4637 Macleod Trail Southwest,51.0119875,-114.0671679,apartment,920.0,1.0,1.0,960.0,1,0,0,0,6,0
409355,Calgary,Alberta,Killarney,51.041284,-114.1254687,apartment,800.0,1.0,1.0,2500.0,1,0,0,0,6,0
553020,Calgary,Alberta,14540 1 Street Northwest,51.1838734,-114.0719602,apartment,875.0,2.0,2.0,902.0,1,0,0,0,12,0
508325,Calgary,Alberta,3650 Cornerstone Boulevard Northeast,51.1590325,-113.9251374,basement,1500.0,2.0,1.0,750.0,0,0,0,0,12,0
434719,Calgary,Alberta,Glenbrook,51.0214302,-114.1550948,basement,1700.0,2.0,1.0,650.0,0,0,0,1,6,0
566407,Calgary,Alberta,Everoak Cir SW,50.916627,-114.1128287,basement,1450.0,1.0,1.0,744.0,0,0,0,0,12,0
555131,Calgary,Alberta,649 Marsh Road Northeast,51.0525856,-114.0490769,apartment,3500.0,2.0,2.0,1795.0,2,0,0,0,12,0
565641,Calgary,Alberta,Mission,51.031377198294,-114.071279107935,apartment,1750.0,1.0,1.0,1000.0,1,0,0,0,6,0
544827,Calgary,Alberta,4637 Macleod Trail,51.0118582,-114.0667799,apartment,920.0,1.0,2.0,900.0,1,0,0,0,6,0
514186,Calgary,Alberta,Pine Creek,50.8597988,-114.0617028,basement,1350.0,1.0,1.0,580.0,0,0,1,0,12,0
566194,Calgary,Alberta,307 Wolf Creek Way Southeast,50.8756893,-114.0112456,basement,1800.0,2.0,1.0,850.0,0,0,0,0,12,0
566165,Calgary,Alberta,Seton,50.8652244,-113.954639,basement,1500.0,1.0,1.0,650.0,1,0,0,0,3,61
557714,Calgary,Alberta,2801 29 Street Southwest,51.029869,-114.130073,apartment,1950.0,1.0,1.0,680.0,0,0,0,0,12,0
566206,Calgary,Alberta,86 Mallard Heath Southeast,50.8723504,-113.9239434,basement,1600.0,2.0,1.0,605.0,0,0,0,0,12,0
514918,Calgary,Alberta,310 12 Avenue SW,51.0418991,-114.0689231,apartment,5280.0,3.0,3.0,1547.0,0,0,0,0,12,0
566202,Calgary,Alberta,86 Mallard Heath Southeast,50.8723504,-113.9239434,house,2750.0,4.0,3.0,1794.0,0,0,0,0,12,0
537666,Calgary,Alberta,101 Tarington Park Northeast,51.111882,-113.9295706,basement,1450.0,1.0,1.0,700.0,0,0,0,0,12,0
528107,Calgary,Alberta,Cranston,50.8705863,-113.9711305,basement,1500.0,2.0,1.0,936.0,0,0,0,0,12,0
566047,Calgary,Alberta,Rock Lake View NW,51.1479685,-114.2374733,apartment,2100.0,2.0,1.0,762.0,0,0,0,0,12,0
563616,Calgary,Alberta,Copperfield,50.9129918,-113.9245644,house,3500.0,5.0,3.5,2600.0,0,0,1,0,12,0
541786,Calgary,Alberta,Glacier Ridge,51.185818402483,-114.168961433344,basement,1800.0,1.0,1.0,1000.0,1,0,1,1,6,0
565940,Calgary,Alberta,Cranbrook Square SE,50.8644942,-113.9751055,townhouse,2550.0,3.0,2.5,1660.0,0,0,1,1,6,0
562372,Calgary,Alberta,3820 Brentwood Road Northwest,51.086643,-114.1290658,apartment,1000.0,1.0,1.0,516.0,1,0,0,0,6,0
488918,Calgary,Alberta,218 AUBURN MEADOWS PL SE,50.907942569559,-113.942373838904,apartment,1000.0,3.0,2.5,1600.0,1,0,0,0,6,0
541382,Calgary,Alberta,759 New Brighton Drive Southeast,50.9237773,-113.9401859,basement,1600.0,2.0,1.0,750.0,1,0,0,0,12,0
543094,Calgary,Alberta,253 Aquila Drive,51.188508357739,-114.171366429137,house,2700.0,3.0,2.5,1750.0,0,0,0,0,12,0
565754,Calgary,Alberta,850 11 St SW,51.04562,-114.08824,apartment,2967.0,2.0,2.0,1015.0,0,0,1,1,12,0
126392,Calgary,Alberta,Evanston,51.1772302,-114.1196946,apartment,900.0,1.0,1.5,1700.0,2,0,0,0,6,0
565170,Calgary,Alberta,Cityscape,51.1531704,-113.9599798,townhouse,2390.0,3.0,1.5,1290.0,0,0,0,0,12,0
502081,Calgary,Alberta,1205 Cameron Avenue Southwest,51.0361098,-114.0888674,townhouse,3700.0,2.0,2.5,1600.0,1,0,0,0,12,0
144899,Calgary,Alberta,Lynnwood,50.98993,-114.01542,basement,1400.0,1.0,1.0,800.0,2,0,0,0,12,0
565697,Calgary,Alberta,40 Cornerbrook Way Northeast,51.15646,-113.9327,house,2850.0,3.0,2.5,1800.0,1,0,0,0,12,0
504111,Calgary,Alberta,108 9 Avenue SW,51.0447499,-114.0637426,apartment,9500.0,2.0,2.5,2284.0,2,0,0,0,12,0
415843,Calgary,Alberta,176 Harvest Rose Circle Northeast,51.1415384,-114.0594756,house,2095.0,2.0,2.0,1082.0,0,0,0,0,12,0
313343,Calgary,Alberta,Killarney,51.0355474,-114.1263352,house,6500.0,4.0,3.5,3340.0,0,0,1,1,6,0
511787,Calgary,Alberta,88 - 9 Street Northeast,51.0521115,-114.0399465,apartment,2300.0,2.0,2.0,699.0,0,0,1,1,6,0
565719,Calgary,Alberta,29 Collingwood Place Northwest,51.0868872,-114.1029043,basement,1150.0,1.0,1.0,850.0,0,0,0,0,6,0
538239,Calgary,Alberta,3603 20 Street Southwest,51.0220058,-114.1095499,apartment,1999.0,2.0,1.0,1000.0,0,0,1,1,12,0
7887,Calgary,Alberta,Southwood,50.9549093,-114.0757131,basement,1350.0,1.0,1.0,900.0,0,0,1,0,12,0
565301,Calgary,Alberta,5720 2 Street Southwest,51.0031679,-114.0684141,apartment,900.0,1.0,1.0,120.0,1,0,0,0,6,0
565418,Calgary,Alberta,Carrington,51.1787788,-114.0830572,basement,1800.0,2.0,1.0,1000.0,0,0,0,0,12,0
123488,Calgary,Alberta,Bridgeland,51.05715634122,-114.039827161979,basement,1550.0,2.0,1.0,1000.0,0,0,0,0,6,0
565492,Calgary,Alberta,2143 50 Avenue Southwest,51.0084815,-114.1116537,house,2800.0,3.0,1.0,1400.0,0,2,0,0,12,0
565447,Calgary,Alberta,Corner Meadows Way NE,51.1506796,-113.927423,basement,1450.0,1.0,1.0,800.0,0,0,0,0,6,0
312798,Calgary,Alberta,373 Nolancrest Heights Northwest,51.173940949519,-114.167909747082,townhouse,2650.0,3.0,2.5,1575.0,0,0,0,0,12,0
565162,Calgary,Alberta,7 Herron Rise Northeast,51.1883388,-114.0519384,basement,1400.0,1.0,1.0,800.0,0,0,0,0,12,0
100864,Calgary,Alberta,Mission,51.0305533,-114.0644772,apartment,2550.0,2.0,2.0,1020.0,0,0,0,0,12,0
77601,Calgary,Alberta,West Hillhurst,51.0522426,-114.1073343,basement,1380.0,2.0,1.0,800.0,0,0,0,0,12,0
520005,Calgary,Alberta,2809 11 Avenue Southeast,51.0426539,-113.994861,house,2500.0,3.0,1.5,1600.0,0,0,1,1,6,0
565019,Calgary,Alberta,924 14 Ave SW,51.0404464,-114.082959,apartment,2600.0,2.0,1.0,900.0,0,0,0,0,6,0
381218,Calgary,Alberta,2412 31 Street Southwest,51.03848586973,-114.132974014819,apartment,3100.0,3.0,1.0,1200.0,1,0,0,0,6,0
381396,Calgary,Alberta,McKenzie Lake,50.9251804,-113.9774376,apartment,1000.0,1.0,2.5,1600.0,1,0,0,0,12,0
437737,Calgary,Alberta,Rutland Park,51.0149423,-114.1394741,apartment,1000.0,1.0,1.5,1300.0,1,0,0,0,6,0
562673,Calgary,Alberta,Braeside,50.954341084553,-114.103075228589,house,2100.0,3.0,1.0,1200.0,0,0,0,0,6,0
383638,Calgary,Alberta,Chaparral,50.879375288728,-114.038158363229,apartment,950.0,3.0,2.5,1400.0,2,0,1,1,6,0
545961,Calgary,Alberta,618 5th Avenue SW,51.0489806,-114.0741117,apartment,1765.0,1.0,1.0,637.0,0,0,1,0,12,0
553412,Calgary,Alberta,N Haven Dr,51.0978541,-114.0872196,apartment,950.0,3.0,2.0,1600.0,1,0,0,0,3,0
534385,Calgary,Alberta,81 Legacy Boulevard Southeast,50.8621378,-114.0232746,apartment,975.0,2.0,2.0,850.0,0,0,0,0,12,0
138983,Calgary,Alberta,Hamptons,51.1445339,-114.1303901,apartment,900.0,3.0,2.5,1980.0,1,0,0,0,6,0
555636,Calgary,Alberta,Carrington Blvd,51.1787788,-114.0830572,apartment,700.0,1.0,1.5,1435.0,0,0,0,0,12,0
528645,Calgary,Alberta,Hawkwood,51.1305005,-114.1836072,apartment,850.0,4.0,2.5,2500.0,1,0,0,0,12,0
386718,Calgary,Alberta,Mckenzie Towne,50.9283525,-113.9742858,apartment,1100.0,4.0,3.5,2700.0,0,0,0,0,6,0
562411,Calgary,Alberta,Rockland Park,51.1092966,-114.274123683081,apartment,700.0,2.0,1.0,703.0,2,0,0,0,12,0
148987,Calgary,Alberta,Renfrew,51.065274,-114.0539,apartment,650.0,1.0,1.0,1100.0,1,0,0,0,6,0
462786,Calgary,Alberta,Elbow Park,51.0171505,-114.0866684,apartment,1300.0,1.0,1.0,3750.0,1,0,0,0,6,0
549889,Calgary,Alberta,135 Lynnview Road Southeast,50.9958818,-114.0219994,apartment,1450.0,1.0,1.0,650.0,0,0,1,1,12,0
479609,Calgary,Alberta,1019 17th Ave SW,51.037553950372,-114.08528381847,apartment,1971.0,1.0,1.0,775.0,0,0,1,1,12,0
146362,Calgary,Alberta,6651 Ranchview Dr NW,51.1167363,-114.1768329,apartment,1450.0,1.0,1.0,695.0,0,0,0,0,12,0
479453,Calgary,Alberta,1620 70th Street SE,51.03922335501,-113.92842587564,apartment,1670.0,1.0,1.0,576.0,0,0,1,1,12,24
318402,Calgary,Alberta,121 13 Avenue SW,51.0403911,-114.064858,apartment,1600.0,1.0,1.0,500.0,0,0,1,1,12,31
487683,Calgary,Alberta,60 Sage Hill Road,51.17376,-114.14353,apartment,1890.0,2.0,2.0,852.0,0,0,1,1,12,30
31264,Calgary,Alberta,4515 Varsity Dr. NW,51.0926693,-114.1512527,apartment,1679.0,1.0,1.0,580.0,0,0,1,1,12,14
20548,Calgary,Alberta,L208-1919 University Dr. NW,51.0702357,-114.1252561,apartment,1739.0,1.0,1.0,650.0,0,0,1,1,12,0
453887,Calgary,Alberta,2110 Centre St N,51.071003,-114.062093,apartment,1825.0,1.0,1.0,563.0,0,0,1,1,12,30
342417,Calgary,Alberta,2315 16A Street Southwest,51.0335943,-114.1007674,apartment,1725.0,1.0,1.0,600.0,0,0,0,0,12,30
439362,Calgary,Alberta,171 Skyview Bay NE,51.157401589806,-113.95748697249,apartment,1695.0,1.0,1.0,681.0,0,0,1,1,12,30
482796,Calgary,Alberta,25 Masters DR SE,50.894226994473,-113.91024964816,apartment,1758.0,1.0,1.0,638.0,0,0,1,1,12,30
453885,Calgary,Alberta,1528 16 Avenue NW,51.0672244,-114.0965029,apartment,1930.0,2.0,1.0,593.0,0,0,1,1,12,30
22009,Calgary,Alberta,2905 Unwin Rd. NW,51.0717464,-114.1271966,apartment,1579.0,1.0,1.0,675.0,0,0,1,1,12,44
400117,Calgary,Alberta,1802 12 Avenue Southwest,51.0427933,-114.1022214,apartment,1550.0,1.0,1.0,493.0,0,0,0,0,12,30
560480,Calgary,Alberta,"1631 4 St NW, Calgary, AB, Canada",51.066573,-114.0719117,apartment,1629.0,1.0,1.0,595.0,0,0,0,0,12,30
19662,Calgary,Alberta,349 14 Ave. SW,51.0394624,-114.0705531,apartment,1739.0,1.0,1.0,550.0,0,0,1,1,12,14
344812,Calgary,Alberta,851 17 Ave NW,51.0676898,-114.0810832,apartment,1797.0,1.0,1.0,556.0,0,0,1,1,12,30
347131,Calgary,Alberta,605 17 Avenue Northwest,51.067664,-114.074466,apartment,2300.0,2.0,2.0,900.0,0,0,1,1,12,30
115477,Calgary,Alberta,Millrise,50.917711942177,-114.073344699631,basement,1650.0,2.0,1.0,750.0,0,0,0,0,12,14
488380,Calgary,Alberta,2200 Marda Link SW,51.021769702588,-114.111696149182,apartment,2600.0,1.0,1.5,1030.0,1,0,1,1,6,14
570716,Calgary,Alberta,910 18 Ave SW,51.0371173,-114.0824587,apartment,1995.0,1.0,1.0,690.0,0,0,1,1,12,14
524485,Calgary,Alberta,628 18 Avenue Northwest,51.0689454,-114.0756794,house,2900.0,3.0,2.0,2209.0,0,0,0,0,12,14
548556,Calgary,Alberta,19671 40 St SE,50.8746871,-113.9510574,apartment,1740.0,1.0,1.0,574.0,0,0,1,1,12,14
569918,Calgary,Alberta,Coventry Hills,51.1719027,-114.0380517,basement,1450.0,1.0,1.0,1000.0,0,0,1,0,12,14
19955,Calgary,Alberta,1312 12 Ave. SW,51.0423222,-114.0915126,apartment,1629.0,1.0,1.0,496.0,0,0,1,1,12,44
568502,Calgary,Alberta,Sage Hill,51.1787465,-114.1532361,basement,1700.0,2.0,1.0,750.0,0,0,0,0,12,14
571345,Calgary,Alberta,Rangeview,50.8698367,-113.9395519,duplex,2400.0,3.0,2.5,1600.0,0,0,0,1,12,14
22012,Calgary,Alberta,1030 16 Ave. SW,51.038478,-114.08591,apartment,1859.0,1.0,1.0,600.0,0,0,1,1,12,44
566972,Calgary,Alberta,Coventry Hills,51.1719027,-114.0380517,house,1880.0,2.0,1.0,990.0,0,0,1,1,12,14
529618,Calgary,Alberta,523 15 Avenue Southwest,51.0385548,-114.0728952,apartment,2100.0,2.0,1.0,850.0,0,0,1,1,12,14
572258,Calgary,Alberta,2732 6 Avenue Northwest,51.0580183,-114.1247129,basement,1950.0,2.0,1.0,800.0,0,0,0,1,12,14
365084,Calgary,Alberta,226 Village Terrace SW,51.057956,-114.166211,apartment,3200.0,2.0,2.0,1200.0,1,0,0,1,6,14
572273,Calgary,Alberta,318 Creekside Boulevard,50.8595068,-114.062295,duplex,2500.0,3.0,2.5,1650.0,0,0,0,1,12,14
569974,Calgary,Alberta,Banff Trail,51.07245634681,-114.106331908897,townhouse,3100.0,3.0,2.5,1504.0,0,0,1,1,12,14
569820,Calgary,Alberta,4410 17 Avenue Northwest,51.0688903,-114.1570816,basement,1800.0,2.0,1.0,899.0,0,0,0,0,12,14
572278,Calgary,Alberta,Mahogany,50.8894027,-113.9170593,basement,1950.0,2.0,2.0,850.0,0,0,0,0,6,14
509560,Calgary,Alberta,23 Cougar Ridge Link SW,51.068407325751,-114.203369538623,house,4000.0,4.0,3.5,2700.0,0,0,1,1,12,14
571872,Calgary,Alberta,6 Varcrest Place Northwest,51.0874937,-114.1427622,house,2900.0,4.0,3.0,1260.0,0,0,0,0,12,14
567434,Calgary,Alberta,820 Canfield Way Southwest,50.9489091,-114.0769925,duplex,2750.0,3.0,2.0,1600.0,0,0,1,1,12,14
342418,Calgary,Alberta,10 Prestwick Bay SE,50.92759,-113.960394,apartment,2200.0,2.0,2.0,900.0,0,0,1,0,12,14
572148,Calgary,Alberta,152 Evansborough Way Northwest,51.1828763,-114.120099,house,3300.0,3.0,2.5,2500.0,0,0,0,0,12,14
564165,Calgary,Alberta,27 Hidden Crescent Northwest,51.145723,-114.1198291,basement,1050.0,1.0,1.0,600.0,0,0,0,0,12,14
567885,Calgary,Alberta,204 78 Avenue Southeast,50.9835266,-114.0627992,basement,1750.0,2.0,1.0,1000.0,0,0,0,0,12,14
420348,Calgary,Alberta,2169 19 Street Northwest,51.0714946,-114.1063351,basement,1650.0,1.0,1.0,500.0,0,0,0,1,12,14
294662,Calgary,Alberta,1441 23 Avenue Southwest,51.033008,-114.09547,apartment,2500.0,2.0,2.0,1100.0,0,0,1,1,12,14
571988,Calgary,Alberta,Queensland,50.9329679,-114.0267336,duplex,1750.0,2.0,1.0,850.0,0,0,0,0,12,14
571471,Calgary,Alberta,15 Walden Terrace Southeast,50.8739326,-114.0359202,townhouse,2500.0,3.0,2.5,1150.0,1,0,0,0,12,14
572047,Calgary,Alberta,141 Savanna Passage Northeast,51.1374105,-113.9549143,basement,1550.0,2.0,1.0,1300.0,1,0,0,0,12,14
567519,Calgary,Alberta,370 Harvest Hills Common Northeast,51.15368,-114.04664,apartment,1790.0,1.0,1.0,571.0,0,0,0,0,12,14
544350,Calgary,Alberta,15320 1 Street Southeast,50.9158352,-114.0646956,house,2050.0,3.0,1.0,1153.9,0,0,0,0,12,14
313092,Calgary,Alberta,Bridgeland,51.051316,-114.0473615,apartment,3050.0,2.0,1.0,1100.0,1,0,1,1,6,14
571012,Calgary,Alberta,Mahogany,50.8891145,-113.9086279,house,2500.0,4.0,3.0,1717.0,0,0,0,0,12,14
570391,Calgary,Alberta,20708 Main Street Southeast,50.8667594,-113.945542,basement,1400.0,1.0,1.0,674.0,0,0,1,1,12,14
571669,Calgary,Alberta,174 Kincora Park Northwest,51.155905,-114.1267859,house,2900.0,3.0,2.5,1672.0,0,0,0,0,12,14
569980,Calgary,Alberta,30 Brentwood Common Northwest,51.0872584,-114.1286527,apartment,1900.0,2.0,1.0,602.0,0,0,0,0,12,14
493826,Calgary,Alberta,233 Creekside Blvd SW,50.859946,-114.0612973,duplex,2400.0,3.0,2.5,1402.0,0,0,1,1,12,14
571703,Calgary,Alberta,85 Cornerbrook Road Northeast,51.1585455,-113.9239947,house,2900.0,5.0,3.0,1802.0,0,0,0,0,12,14
19664,Calgary,Alberta,5325 26 Ave. SW,51.030344,-114.163134,apartment,1749.0,1.0,1.0,600.0,0,0,1,1,12,14
571752,Calgary,Alberta,22 Rocky Ridge Drive Northwest,51.1443286,-114.237777,house,3500.0,4.0,3.5,2266.0,0,0,0,0,12,14
343772,Calgary,Alberta,262 Redstone Blvd Northeast,51.1702717,-113.9509875,townhouse,2500.0,3.0,2.5,1454.0,0,0,0,0,12,14
571429,Calgary,Alberta,62 Bridleridge Way Southwest,50.9048974,-114.1100673,house,2600.0,3.0,3.0,1900.0,0,0,0,0,12,14
571373,Calgary,Alberta,215 Legacy Boulevard Southeast,50.8605576,-114.0235659,apartment,1650.0,1.0,1.0,500.0,0,0,0,0,12,14
561960,Calgary,Alberta,2200 Woodview Dr. SW,50.9427975,-114.1107478,townhouse,1850.0,2.0,1.0,900.0,0,0,1,1,12,14
568427,Calgary,Alberta,Springbank Hill,51.0348046,-114.2172294,house,4880.0,4.0,3.5,3500.0,1,0,0,0,12,14
571014,Calgary,Alberta,4216 Dalhousie Drive Northwest,51.1037156,-114.1487606,duplex,2200.0,3.0,1.0,900.0,1,0,0,0,12,14
569412,Calgary,Alberta,Ambleton,51.189686969595,-114.111526461135,house,2599.0,3.0,2.5,1500.0,0,0,0,0,12,14
571593,Calgary,Alberta,Westgate,51.0468328,-114.147381,townhouse,3200.0,3.0,2.5,1457.0,0,0,1,1,12,14
442808,Calgary,Alberta,35 Inglewood Park SE,51.0385625,-114.0165895,apartment,2000.0,1.0,1.0,670.0,0,0,0,0,12,14
567990,Calgary,Alberta,Rosscarrock Gate SW,51.0469522,-114.1469907,townhouse,3000.0,2.0,3.0,1383.0,0,0,1,1,12,14
571514,Calgary,Alberta,1525 41 Street Southeast,51.0399128,-113.9745735,duplex,1600.0,2.0,1.0,900.0,0,0,0,0,12,14
403415,Calgary,Alberta,50 Brentwood Common NW,51.0868171,-114.1280086,apartment,2580.0,2.0,2.0,894.0,0,0,1,1,12,30
570127,Calgary,Alberta,Altadore,51.0229666,-114.1042693,apartment,2950.0,2.0,2.0,1125.0,0,0,1,1,12,14
569193,Calgary,Alberta,312 Calhoun Crescent Northeast,51.1889618,-114.0581882,basement,1600.0,2.0,1.0,643.0,0,0,0,0,12,14
14303,Calgary,Alberta,1819 - 41 st. S.E,51.0371395,-113.974785,duplex,1895.0,3.0,1.0,1000.0,0,0,1,0,6,14
570536,Calgary,Alberta,Mahogany,50.8878784,-113.9156023,duplex,2500.0,3.0,2.5,1700.0,0,2,1,1,12,14
525812,Calgary,Alberta,Somerset,50.8982094,-114.0889982,house,3358.0,4.0,3.5,2188.0,2,0,1,0,12,14
556387,Calgary,Alberta,1130 Seton Circle SE,50.8708374,-113.9596481,apartment,1990.0,2.0,2.0,802.0,0,0,1,1,12,14
491866,Calgary,Alberta,272 Mount Brewster Circle Southeast,50.9210963,-113.983695,house,3000.0,3.0,2.5,1550.0,0,0,1,1,12,14
409641,Calgary,Alberta,191 Howse Dr. NE,51.1900592,-114.066858,house,3450.0,4.0,3.0,1800.0,1,0,0,0,12,14
374973,Calgary,Alberta,2256 Capitol Hill Crescent NW,51.069199,-114.1134529,house,2990.0,4.0,1.5,1350.0,2,0,0,0,12,14
32729,Calgary,Alberta,2430 - 35 street S.E,51.0327561,-113.9829994,basement,1795.0,2.0,1.0,900.0,0,0,1,0,12,14
479712,Calgary,Alberta,385 Killarney Glen Court Southwest,51.0251176,-114.1349233,townhouse,2200.0,2.0,1.5,1000.0,0,0,0,0,12,14
567560,Calgary,Alberta,780 Northmount Drive Northwest,51.0833521,-114.0956626,basement,1425.0,1.0,1.0,520.0,0,0,0,0,12,30
14147,Calgary,Alberta,Scenic Acres,51.11852,-114.21695,house,2995.0,3.0,2.5,1700.0,0,0,0,0,12,14
571031,Calgary,Alberta,3520 Centre B Street Northwest,51.083929,-114.0635482,basement,1750.0,1.0,1.0,850.0,1,0,0,0,12,14
19126,Calgary,Alberta,1735 - 49th ave SW,51.009697,-114.1026055,basement,1500.0,2.0,1.0,1000.0,0,0,0,0,12,14
568589,Calgary,Alberta,487 Panatella Square Northwest,51.1689422,-114.0760293,house,3500.0,5.0,4.5,2490.0,1,0,0,0,12,14
570578,Calgary,Alberta,Mahogany,50.8890345,-113.914369,house,2700.0,3.0,2.5,1750.0,0,0,1,1,6,14
118324,Calgary,Alberta,Connaught,51.040860664187,-114.090323851929,apartment,1750.0,1.0,1.0,670.0,0,0,1,1,12,14
569507,Calgary,Alberta,437 Cranbrook Square Southeast,50.8646952,-113.9750342,townhouse,2500.0,2.0,1.0,885.0,1,0,1,1,12,14
570457,Calgary,Alberta,631 34 Avenue Northeast,51.0830777,-114.0490319,house,2900.0,4.0,1.0,916.0,0,0,1,1,3,14
565533,Calgary,Alberta,2212 34 Avenue Southwest,51.0233975,-114.1124827,apartment,2800.0,2.0,2.0,1115.0,2,0,1,1,12,14
445168,Calgary,Alberta,3820 Brentwood Road NW,51.086565,-114.128886,apartment,1850.0,1.0,1.0,515.0,0,0,1,1,12,14
569697,Calgary,Alberta,7063 Huntford Hill Northeast,51.1160523,-114.0653633,house,2080.0,3.0,1.0,1190.0,0,0,0,0,12,14
417680,Calgary,Alberta,7130 80 Avenue NE,51.125477,-113.933629,apartment,2000.0,2.0,2.0,818.0,0,0,0,0,12,14
497495,Calgary,Alberta,333 2 Avenue Northeast,51.054156,-114.0549646,apartment,3350.0,3.0,2.5,1370.0,0,0,1,1,6,14
550683,Calgary,Alberta,1802 92 Avenue SW,50.9706275,-114.1032623,townhouse,2225.0,2.0,1.5,1150.0,0,0,1,1,12,14
497081,Calgary,Alberta,Royal Oak,51.1446761,-114.2201014,basement,1450.0,1.0,1.0,850.0,0,0,0,0,12,14
568791,Calgary,Alberta,151 Legacy Main Street Southeast,50.8605576,-114.0235659,apartment,1850.0,2.0,2.0,700.0,0,0,0,0,12,14
543246,Calgary,Alberta,Ranchlands,51.125275,-114.1907212,apartment,750.0,3.0,1.5,1200.0,1,0,0,0,6,15
571192,Calgary,Alberta,215 Aquila Way NW,51.1841824,-114.1727802,basement,1450.0,1.0,1.0,700.0,0,0,0,0,12,15
572069,Calgary,Alberta,Mahogany,50.889141068398,-113.907382,house,2700.0,3.0,2.5,1713.0,0,0,1,1,12,15
570977,Calgary,Alberta,8 New Brighton Point Southeast,50.92742,-113.95557,townhouse,2200.0,2.0,2.5,1300.0,0,0,0,0,12,15
539992,Calgary,Alberta,7015 Hunterwood Road Northwest,51.1145487,-114.0738177,house,2200.0,3.0,1.5,1235.7,0,0,0,0,12,15
539650,Calgary,Alberta,70 Cranwell Link Southeast,50.887156,-113.9829292,house,2500.0,3.0,2.5,1890.0,0,0,0,0,12,15
10572,Calgary,Alberta,11 Millrise Drive SW,50.9162321,-114.0726418,apartment,2150.0,2.0,2.0,980.0,0,0,0,0,12,15
567975,Calgary,Alberta,1111 15 Avenue Southwest,51.0390327,-114.087468,apartment,2300.0,2.0,1.0,870.0,0,0,0,0,12,15
374547,Calgary,Alberta,200 Seton Circle SE,50.8705687,-113.9568465,apartment,1850.0,2.0,1.0,630.0,0,0,0,0,12,16
571311,Calgary,Alberta,Amblefield View NW,51.1876103,-114.1131241,house,3300.0,5.0,3.0,2391.0,2,0,1,1,12,16
484967,Calgary,Alberta,71 Shawnee Common Southwest,50.92375,-114.07832,apartment,2100.0,2.0,2.0,958.0,0,0,0,0,12,16
389627,Calgary,Alberta,80 Seton Park Southeast,50.8789357,-113.9491656,apartment,1700.0,1.0,1.0,540.0,0,0,1,1,12,16
569105,Calgary,Alberta,3830 Brentwood Road NW,51.086132,-114.1289996,apartment,1550.0,1.0,1.0,431.0,0,0,0,0,12,17
571986,Calgary,Alberta,681 Savanna Boulevard Northeast,51.1347734,-113.9496885,apartment,2200.0,2.0,2.0,950.0,0,0,1,1,12,17
572214,Calgary,Alberta,111 23 Avenue NW,51.0731882,-114.0634066,apartment,1495.0,1.0,1.0,500.0,0,0,1,0,12,17
546018,Calgary,Alberta,128 2 Ave SE,51.0513551,-114.061455,apartment,2250.0,2.0,2.0,800.0,1,0,1,1,12,17
563354,Calgary,Alberta,Amblefield Terr NW,51.188177216286,-114.110249271411,house,2990.0,3.0,2.5,2015.0,0,0,0,0,12,17
555149,Calgary,Alberta,Sunnyside,51.0552605,-114.0793294,apartment,3500.0,1.0,1.0,970.0,1,0,0,0,3,17
572100,Calgary,Alberta,2022 Kensington Road Northwest,51.0527009,-114.106747,apartment,1700.0,2.0,1.0,875.0,0,0,1,1,12,19
568601,Calgary,Alberta,Sage Hill,51.1722523,-114.1349677,townhouse,2700.0,2.0,3.0,1257.0,0,0,1,1,12,19
548455,Calgary,Alberta,2320 5 Street Southwest,51.0317079,-114.0730935,apartment,2500.0,2.0,1.0,770.0,0,0,1,1,12,19
570766,Calgary,Alberta,1818 Simcoe Boulevard Southwest,51.0351437,-114.1781013,apartment,2500.0,2.0,2.0,1050.0,0,0,0,0,12,19
570812,Calgary,Alberta,Wolf Hollow Cres SE,50.874712,-114.0022346,apartment,2100.0,2.0,1.0,734.0,0,0,0,0,12,19
541251,Calgary,Alberta,Setonstone Passage SE,50.8675494,-113.9435133,basement,1500.0,1.0,1.0,850.0,0,0,0,0,12,19
521124,Calgary,Alberta,220 Ambleside Crescent Northwest,51.184905453465,-114.106895015869,house,2950.0,3.0,2.5,1935.0,0,0,0,0,12,19
494488,Calgary,Alberta,462 Queensland Place SE,50.935308316149,-114.018757828836,house,2200.0,3.0,1.0,1200.0,0,0,0,0,12,19
572252,Calgary,Alberta,1521 14 Avenue Southwest,51.0402336,-114.0961718,house,1900.0,1.0,1.0,569.0,1,0,1,0,6,30
571183,Calgary,Alberta,1521 14 Avenue Southwest,51.0402336,-114.0961718,house,2000.0,1.0,1.0,650.0,1,0,1,0,6,30
567827,Calgary,Alberta,138 Legacy Glen Court Southeast,50.8523438,-113.9970825,duplex,2600.0,4.0,3.0,1802.0,0,0,1,1,12,21
567829,Calgary,Alberta,142 Legacy Glen Court Southeast,50.8522883,-113.9971391,duplex,2600.0,4.0,3.0,1802.0,0,0,1,1,12,21
567852,Calgary,Alberta,142 Legacy Glen Court Southeast,50.8522883,-113.9971391,basement,1600.0,2.0,1.0,638.0,0,0,1,1,12,21
567851,Calgary,Alberta,138 Legacy Glen Court Southeast,50.8523438,-113.9970825,basement,1600.0,2.0,1.0,638.0,0,0,0,0,12,21
40341,Calgary,Alberta,Taradale,51.11833,-113.93667,apartment,750.0,1.0,1.5,1150.0,0,0,0,0,6,21
571116,Calgary,Alberta,Fonda Ct SE,51.0477569,-113.9746265,basement,1145.0,1.0,1.0,550.0,0,0,1,0,12,22
570721,Calgary,Alberta,56 Deerfield Circle Southeast,50.92238,-114.0228985,basement,1550.0,2.0,1.0,900.0,0,0,1,0,12,22
569716,Calgary,Alberta,23 Aspen Stone Terrace Southwest,51.0417655,-114.2129754,house,3550.0,3.0,2.5,2017.0,0,0,0,0,6,23
571823,Calgary,Alberta,310 Evansridge Common Northwest,51.1718844,-114.1208328,townhouse,2600.0,3.0,2.5,1622.0,0,0,0,0,6,0
544425,Calgary,Alberta,69 Silverado Skies Drive Southwest,50.8876853,-114.0824939,house,3650.0,4.0,3.5,2140.0,0,0,0,0,6,23
571913,Calgary,Alberta,34 Point McKay Crescent Northwest,51.06201,-114.148559,townhouse,3450.0,2.0,1.5,1500.0,0,0,1,1,12,24
350535,Calgary,Alberta,4944 Dalton Dr NW,51.1024536,-114.1543803,duplex,2675.0,1.0,1.5,900.0,1,0,0,0,6,66
475957,Calgary,Alberta,323 13 Ave SW,51.0404371,-114.069855,apartment,1800.0,1.0,1.0,650.0,1,0,1,0,6,24
570308,Calgary,Alberta,325 Magnolia Way Southeast,50.8863566,-113.9097905,basement,1790.0,2.0,1.0,650.0,0,0,0,0,12,24
570289,Calgary,Alberta,325 Magnolia Way Southeast,50.8863566,-113.9097905,house,2790.0,3.0,2.5,1795.0,0,0,0,0,12,24
538515,Calgary,Alberta,930 6 Avenue SW,51.0482556,-114.0824597,apartment,2150.0,1.0,1.0,500.0,0,0,0,0,12,25
568175,Calgary,Alberta,Panorama Hills,51.1679547,-114.1000142,house,5000.0,5.0,3.5,3500.0,1,0,0,0,3,25
511366,Calgary,Alberta,7172 Coach Hill Road Southwest,51.0612378,-114.1838502,townhouse,2399.0,3.0,2.5,1150.0,0,0,0,0,12,27
572333,Calgary,Alberta,96 Hamptons Link Northwest,51.1453518,-114.1416058,townhouse,2500.0,2.0,3.5,1454.0,0,0,0,0,12,28
537040,Calgary,Alberta,64 Citadel Park Northwest,51.1426205,-114.1730634,house,3000.0,4.0,3.0,13711141.0,0,0,0,0,12,28
568593,Calgary,Alberta,2830 41 Street Southwest,51.0275268,-114.1465719,house,2200.0,3.0,1.0,960.0,0,0,0,1,12,29
571897,Calgary,Alberta,705 - 118 Waterfront Court SW,51.0447331,-114.0718831,apartment,2500.0,1.0,1.0,600.0,0,0,0,0,12,29
19655,Calgary,Alberta,3524 31 St. NW,51.084466,-114.12868,apartment,2139.0,2.0,1.0,657.0,0,0,1,1,12,29
560860,Calgary,Alberta,617 15th Ave. SW,51.0386123,-114.0758303,apartment,1845.0,2.0,1.0,819.0,0,0,0,0,12,29
572250,Calgary,Alberta,Castleridge,51.1058084,-113.9655534,house,2100.0,2.0,1.0,1000.0,0,0,0,0,12,29
307429,Calgary,Alberta,77 Spruce Place SW,51.0426342,-114.1367612,apartment,2600.0,2.0,2.0,911.0,0,0,0,0,12,29
571569,Calgary,Alberta,195 Kincora Glen Road Northwest,51.165587,-114.1404747,apartment,1950.0,2.0,2.0,990.0,1,0,0,0,3,29
571306,Calgary,Alberta,550 Riverfront Ave SE,51.0473453,-114.0502366,apartment,2000.0,1.0,1.5,675.0,0,0,0,0,12,29
570330,Calgary,Alberta,Royal Oak,51.1446971,-114.2200842,house,2300.0,3.0,2.5,1800.0,1,0,0,0,12,29
570743,Calgary,Alberta,614 25 Avenue Northeast,51.0753908,-114.0496866,house,4370.0,4.0,3.5,2458.0,0,0,1,1,12,29
559139,Calgary,Alberta,201 Penbrooke Close Southeast,51.0452636,-113.9395766,house,1900.0,3.0,1.0,956.0,0,0,1,1,12,29
565832,Calgary,Alberta,55 Lucas Way Northwest,51.1837424,-114.080213,apartment,1650.0,1.0,1.0,543.0,0,0,0,0,12,29
547227,Calgary,Alberta,124 Savanna Passage Northeast,51.137215,-113.9543257,house,2800.0,4.0,3.0,1800.0,0,0,1,1,12,29
572360,Calgary,Alberta,Greenbriar Common NW,51.0883327,-114.2159954,townhouse,3150.0,2.0,3.5,1618.0,0,0,1,1,12,30
344533,Calgary,Alberta,3500 Varsity Dr NW,51.08848,-114.13701,apartment,2000.0,2.0,1.0,900.0,0,0,0,0,12,30
569863,Calgary,Alberta,7403 202 Avenue Southeast,50.8702935,-113.9279666,townhouse,2475.0,3.0,2.5,1500.0,0,0,1,1,12,30
86704,Calgary,Alberta,35 Beacham Way NW,51.1294374,-114.0952122,house,2690.0,3.0,2.0,1248.0,0,0,0,0,12,30
473319,Calgary,Alberta,Nolan Hill,51.1755536,-114.1597204,house,2500.0,3.0,2.5,1624.0,0,0,0,0,12,30
142108,Calgary,Alberta,424-10 Street N.W.,51.0564614,-114.0856152,apartment,1895.0,1.0,1.0,625.0,0,0,1,1,12,30
492336,Calgary,Alberta,72 Berkley Close Northwest,51.1270947,-114.0800549,apartment,800.0,4.0,2.0,1000.0,1,1,0,0,6,30
358462,Calgary,Alberta,77 Spruce Place SW,51.0426342,-114.1367611,apartment,2700.0,2.0,2.0,1100.0,0,0,0,0,12,30
497555,Calgary,Alberta,1707 17 Ave NW,51.0675938,-114.1001965,apartment,850.0,2.0,1.5,1850.0,1,0,0,0,3,30
572068,Calgary,Alberta,15 Taraglen Road Northeast,51.1130765,-113.9394778,house,2600.0,3.0,1.0,1100.0,0,0,0,0,6,30
409617,Calgary,Alberta,1723 10A Street Southwest,51.0368775,-114.0888133,apartment,1400.0,1.0,1.0,500.0,0,0,1,1,12,30
564561,Calgary,Alberta,7554 202 Avenue Southeast,50.8704972,-113.9254452,house,2250.0,3.0,2.5,1700.0,0,0,1,1,12,30
472666,Calgary,Alberta,14540 1st Street NW,51.184118227946,-114.07281422356,apartment,1648.0,1.0,1.0,641.0,0,0,1,1,12,61
562140,Calgary,Alberta,Coral Springs,51.1041728,-113.9313501,apartment,700.0,1.0,1.0,1000.0,1,0,0,0,12,30
40590,Calgary,Alberta,"101, 323-13th Ave. SW",51.0404371,-114.0698551,apartment,1750.0,1.0,1.0,700.0,0,0,0,0,6,30
361876,Calgary,Alberta,100 Bedford Drive N.E.,51.1281843,-114.0585905,house,1800.0,3.0,1.0,1100.0,0,0,1,0,6,30
466595,Calgary,Alberta,80 Point McKay Crescent NW,51.062625,-114.148185,apartment,2850.0,2.0,1.5,1000.0,0,0,0,0,12,30
572289,Calgary,Alberta,Les Jardins Pk SE,50.956600587299,-114.003784213106,townhouse,3200.0,3.0,2.5,1605.0,0,0,0,0,12,30
550414,Calgary,Alberta,730 5 St NE,51.063772075463,-114.041886361841,apartment,2700.0,1.0,1.5,645.0,1,0,0,0,12,30
21922,Calgary,Alberta,Mission,51.035235777768,-114.069968500983,apartment,1500.0,1.0,1.0,500.0,0,0,0,0,12,30
570417,Calgary,Alberta,1503 683 10 St Sw,51.0473651,-114.0862571,apartment,2700.0,2.0,2.0,947.0,1,0,0,0,12,30
359254,Calgary,Alberta,116 38 Avenue Northeast,51.0872555,-114.0601362,townhouse,2750.0,3.0,3.5,2000.0,0,0,1,1,12,30
551933,Calgary,Alberta,Southwood,50.9623366,-114.0831482,basement,1499.0,2.0,1.0,1300.0,0,0,0,0,12,30
571053,Calgary,Alberta,Copperfield,50.9241178,-113.9214089,townhouse,2250.0,2.0,2.5,1179.0,0,0,0,0,6,30
337513,Calgary,Alberta,4935 Dalton Dr NW,51.1003763,-114.1509482,apartment,850.0,3.0,2.5,1680.0,1,0,0,0,12,30
571228,Calgary,Alberta,4831 40 Avenue Southwest,51.0166683,-114.1568641,house,2050.0,3.0,1.0,950.0,2,0,0,0,6,30
557191,Calgary,Alberta,1047 16A Street Northeast,51.0623177,-114.0207183,house,2150.0,3.0,2.0,1000.0,0,0,1,1,12,30
569922,Calgary,Alberta,1011 12 Avenue Southwest,51.0417961,-114.0850174,apartment,1800.0,2.0,1.0,830.0,0,0,0,0,12,30
305820,Calgary,Alberta,216 Skyview Ranch Rd NE,51.1631271,-113.9578191,apartment,2048.0,2.0,2.0,945.0,0,0,1,1,12,61
572572,Calgary,Alberta,Patterson Hill SW,51.0632255,-114.1820584,basement,1600.0,1.0,1.0,1000.0,0,0,0,0,12,30
493955,Calgary,Alberta,55 Erin Ridge Road Southeast,51.0170189,-113.9768928,house,1790.0,3.0,1.0,1000.0,0,0,1,1,12,30
489360,Calgary,Alberta,2719 17 Avenue SW,51.0375913,-114.1255954,apartment,1550.0,1.0,1.0,650.0,0,0,1,1,12,30
528036,Calgary,Alberta,6148 Bowness Road Northwest,51.088504870206,-114.173992124854,apartment,2150.0,2.0,2.0,825.0,0,0,0,0,12,30
558234,Calgary,Alberta,3560 28 Avenue Southwest,51.0287497,-114.1379955,townhouse,1599.0,1.0,1.0,500.0,0,0,1,1,12,30
468230,Calgary,Alberta,Livingston,51.186981629138,-114.079528736771,basement,1525.0,1.0,1.0,725.0,0,0,0,0,12,30
545593,Calgary,Alberta,680 Belmont Street SW,50.86607,-114.06098,apartment,2068.0,2.0,1.0,820.0,0,0,1,1,12,30
540008,Calgary,Alberta,90 Ambleside Park Northwest,51.1861157,-114.1098215,apartment,1750.0,1.0,1.0,645.0,0,0,1,1,12,30
498310,Calgary,Alberta,Bowness,51.0843183,-114.18794,townhouse,2450.0,3.0,2.5,1250.0,0,0,1,1,12,30
572388,Calgary,Alberta,923 17 Street Northeast,51.0604304,-114.0192861,house,2200.0,3.0,2.0,1100.0,0,2,1,1,6,30
571714,Calgary,Alberta,28 Auburn Bay Link Southeast,50.8845298,-113.9525059,apartment,2400.0,2.0,2.0,946.0,0,0,0,0,12,30
86817,Calgary,Alberta,Westgate,51.0429532,-114.1356815,townhouse,3000.0,2.0,3.0,1434.0,0,0,1,1,6,30
571163,Calgary,Alberta,Seton,50.8651583,-113.9543283,basement,1450.0,1.0,1.0,700.0,0,0,0,0,12,30
21218,Calgary,Alberta,314 14th St NW,51.0535992,-114.0944538,apartment,1600.0,1.0,1.0,560.0,0,0,1,1,12,30
571647,Calgary,Alberta,28 Red Sky Green Northeast,51.1722663,-113.9582718,basement,1700.0,2.0,2.0,1100.0,0,0,0,0,12,30
38493,Calgary,Alberta,Sunnyside,51.05852,-114.07705,apartment,1800.0,2.0,1.0,950.0,0,0,0,0,12,30
526955,Calgary,Alberta,30 Sierra Morena Landing Southwest,51.0155716,-114.1891792,apartment,2800.0,2.0,2.0,1200.0,1,0,0,0,3,30
457280,Calgary,Alberta,30 Brentwood Common Northwest,51.0872517,-114.1285679,apartment,1900.0,2.0,1.0,563.0,2,0,0,0,12,30
482092,Calgary,Alberta,Cedardale Rd SW,50.9535501,-114.1384014,duplex,2650.0,3.0,2.0,1500.0,0,0,0,0,6,30
572436,Calgary,Alberta,129 Westminster Drive Southwest,51.0453037,-114.1597189,duplex,1850.0,2.0,2.0,900.0,0,0,0,0,12,30
571410,Calgary,Alberta,Varsity,51.0897829,-114.1380963,townhouse,1995.0,2.0,1.0,1250.0,0,0,0,0,12,30
526555,Calgary,Alberta,64 Douglas Park Boulevard Southeast,50.9401558,-113.9997222,house,2900.0,3.0,3.5,1950.0,0,0,1,1,12,30
508553,Calgary,Alberta,8 Sunmount Gardens Southeast,50.9085742,-114.044629,basement,1675.0,2.0,1.0,1000.0,0,0,0,0,12,30
75598,Calgary,Alberta,125 Cranwell Common,50.8843628,-113.9802253,house,2650.0,3.0,2.5,1918.0,0,0,0,0,12,30
364222,Calgary,Alberta,111 Tarawood Lane Northeast,51.123054982974,-113.943987253967,townhouse,2300.0,2.0,3.5,1035455.0,0,0,0,0,12,30
485627,Calgary,Alberta,58 Wolf Hollow Way Southeast,50.870973838886,-114.006883902908,house,2599.0,3.0,2.5,1837.0,0,0,0,0,12,30
539930,Calgary,Alberta,2310 17A Street Southwest,51.0338624,-114.1031011,apartment,1545.0,0.0,1.0,502.0,0,0,1,0,12,30
572028,Calgary,Alberta,4401 Greenview Drive Northeast,51.0911389,-114.0551925,house,2250.0,3.0,1.0,1043.0,0,0,1,1,12,30
524302,Calgary,Alberta,25 Walgrove Walk Southeast,50.866287925867,-114.027467673819,apartment,1600.0,1.0,1.0,597.0,0,0,0,0,12,30
572511,Calgary,Alberta,850 Belmont Drive Southwest,50.863674,-114.0645162,townhouse,2600.0,3.0,2.5,1400.0,0,0,1,1,12,30
509374,Calgary,Alberta,176 Everoak Close Southwest,50.9142416,-114.1130621,house,2600.0,3.0,2.5,2500.0,0,0,0,0,12,30
463309,Calgary,Alberta,222 Riverfront Avenue Southwest,51.052468,-114.0667876,apartment,2600.0,1.0,1.0,650.0,1,0,0,0,12,30
571298,Calgary,Alberta,210 Cranberry Park SE,50.8818094,-113.9765532,townhouse,2395.0,3.0,2.5,1268.0,0,0,0,0,12,30
26870,Calgary,Alberta,Vista Heights,51.0734427,-114.0185904,house,2200.0,3.0,1.0,1201.0,0,0,0,0,12,30
512495,Calgary,Alberta,42 Evanscrest Court Northwest,51.182127,-114.1009089,townhouse,2700.0,3.0,2.5,1540.0,0,0,0,0,12,30
17636,Calgary,Alberta,4455 Greenview Dr NE,51.0919964,-114.0580475,apartment,1900.0,2.0,1.0,980.0,0,0,1,1,12,30
564455,Calgary,Alberta,517 15 Avenue Southwest,51.0385938,-114.0726177,apartment,1699.0,1.0,1.0,550.0,2,0,1,0,6,30
570530,Calgary,Alberta,550 Riverfront Ave SE,51.0473453,-114.0502366,apartment,2095.0,1.0,1.0,625.0,1,0,0,0,12,30
445964,Calgary,Alberta,56 Elgin Meadows Manor SE,50.9076305,-113.9559955,house,2600.0,4.0,2.5,1700.0,0,0,1,1,12,30
572374,Calgary,Alberta,Bridgeland,51.0511954,-114.0486083,apartment,2750.0,2.0,2.0,1252.0,0,0,1,0,6,30
312151,Calgary,Alberta,4935 Dalton Drive Northwest,51.1003763,-114.1509482,townhouse,2695.0,3.0,2.5,1571.0,1,0,0,0,12,30
85096,Calgary,Alberta,3228 - 27 st sw,51.0256937,-114.126511,house,3000.0,3.0,2.0,1100.0,0,0,1,1,6,30
572247,Calgary,Alberta,121 Mahogany Centre SE,50.897184591044,-113.935015238623,apartment,2300.0,1.0,1.0,585.0,0,0,0,0,12,30
533423,Calgary,Alberta,2516 17 St SW,51.0318633,-114.1015465,apartment,1995.0,2.0,1.0,853.0,0,0,1,0,12,30
302085,Calgary,Alberta,10 Brentwood Common NW,51.0870733,-114.1280856,apartment,2390.0,2.0,2.0,800.0,1,0,0,0,12,30
571722,Calgary,Alberta,33 Setonstone Green Southeast,50.8686871,-113.9457758,basement,1550.0,2.0,1.0,700.0,0,0,0,0,12,30
572510,Calgary,Alberta,406 Blackthorn Road Northeast,51.1090348,-114.0578999,townhouse,2200.0,3.0,1.5,1100.0,0,0,1,1,12,30
126545,Calgary,Alberta,Banff Trail,51.07681,-114.11116,basement,1550.0,2.0,1.0,1200.0,0,0,0,0,12,30
572202,Calgary,Alberta,Coventry Hills,51.1644002,-114.0570281,house,1825.0,2.0,1.0,925.0,0,0,1,0,6,30
572440,Calgary,Alberta,130 12 Avenue Northwest,51.0635517,-114.0643463,apartment,1975.0,2.0,1.5,1032.0,0,0,0,0,12,30
533128,Calgary,Alberta,Glenbrook,51.026271,-114.141536,house,1800.0,3.0,1.0,1900.0,0,0,0,1,12,30
59378,Calgary,Alberta,624 - 1 Avenue NW,51.05852,-114.07705,apartment,1595.0,1.0,1.0,950.0,0,0,0,0,12,30
488553,Calgary,Alberta,937 Arbour Lake Road Northwest,51.1339002,-114.2151244,house,2750.0,3.0,2.5,1547.0,0,0,0,0,12,30
497981,Calgary,Alberta,Greenview,51.0939608,-114.0568809,basement,1550.0,1.0,1.0,800.0,1,0,0,0,6,30
557684,Calgary,Alberta,447 Livingston Way Northeast,51.1868265,-114.0500598,townhouse,2500.0,3.0,2.5,1253.0,0,0,1,1,12,30
572490,Calgary,Alberta,Livingston,51.189669191602,-114.0518959,basement,1600.0,2.0,2.0,650.0,0,0,0,0,12,30
139573,Calgary,Alberta,1115 9 St SW,51.0422674,-114.0845042,apartment,2635.0,2.0,2.0,1150.0,0,0,1,1,12,30
519837,Calgary,Alberta,207 25 Avenue Southwest,51.0302863,-114.0670743,apartment,1800.0,1.0,1.0,600.0,0,0,0,0,12,30
548103,Calgary,Alberta,Riverbend,50.9696125,-114.0162058,basement,1750.0,1.0,1.0,700.0,1,0,0,0,3,30
571733,Calgary,Alberta,421 31 Avenue Northwest,51.0803456,-114.0687305,apartment,2400.0,2.0,2.0,1000.0,0,0,1,1,12,30
487299,Calgary,Alberta,222 Riverfront Avenue Southwest,51.0524639,-114.0667871,apartment,4500.0,2.0,2.0,1100.0,1,0,0,0,12,30
390670,Calgary,Alberta,55b Lynndale Road Southeast,50.9916185,-114.0077759,basement,1295.0,1.0,1.0,750.0,0,0,1,1,12,30
520604,Calgary,Alberta,360 Harvest Hills Way NE,51.15329,-114.0422,apartment,2595.0,3.0,2.0,1383.0,0,0,0,0,12,30
463751,Calgary,Alberta,114 Village Heights SW,51.057456,-114.167943,apartment,2550.0,2.0,2.5,1040.0,2,0,1,1,6,30
508393,Calgary,Alberta,3123 49 Street Southwest,51.025852,-114.1585412,duplex,2200.0,3.0,2.0,1500.0,0,0,0,0,12,30
129993,Calgary,Alberta,22 Auburn Bay Link,50.8844215,-113.9540159,apartment,2250.0,3.0,2.0,935.0,0,0,0,0,12,30
572182,Calgary,Alberta,303 19th Ave SW,51.0359821,-114.0690371,apartment,2700.0,2.0,2.0,795.0,0,0,0,0,12,30
467438,Calgary,Alberta,436 Thorndale Road Northwest,51.1039923,-114.0702287,basement,1720.0,2.0,1.0,1000.0,0,0,0,0,12,30
572509,Calgary,Alberta,930 16 Avenue Southwest,51.0382326,-114.0836706,apartment,2100.0,1.0,1.0,650.0,0,0,0,0,12,30
402342,Calgary,Alberta,1500 7 St SW,51.0387688,-114.0790789,apartment,3000.0,2.0,2.0,805.0,0,0,1,1,12,30
289896,Calgary,Alberta,Hanson Ranch,51.1608575,-114.1019114,basement,1650.0,2.0,1.0,1150.0,0,0,1,1,12,30
91688,Calgary,Alberta,26 Val Gardena View SW,51.0325436,-114.213086,apartment,1800.0,1.0,1.0,700.0,0,0,0,0,12,30
457318,Calgary,Alberta,904 Evansridge Common Northwest,51.172495,-114.1205668,apartment,2200.0,2.0,2.0,1090.0,0,0,0,0,12,30
571193,Calgary,Alberta,37 Everwillow Park Southwest,50.916934,-114.101176,house,3250.0,4.0,3.5,2347.0,0,0,0,0,12,30
491601,Calgary,Alberta,11268 6 Street Southwest,50.9516285,-114.078679,townhouse,1850.0,2.0,1.0,990.0,0,0,0,0,12,30
523769,Calgary,Alberta,Kingsland,50.9906854,-114.0756205,basement,1850.0,2.0,1.0,770.0,0,0,1,0,12,30
58929,Calgary,Alberta,5809 Dalcastle Cres.,51.1169043,-114.1652362,house,2900.0,4.0,2.5,1200.0,0,0,1,1,12,30
95262,Calgary,Alberta,Panorama Hills,51.1685026,-114.0979563,house,2575.0,3.0,2.5,1980.0,0,0,0,0,12,30
571603,Calgary,Alberta,Ogden,50.985120227739,-113.99863209043,house,1725.0,2.0,1.0,900.0,0,0,1,0,12,30
131607,Calgary,Alberta,88 SUNLAKE GDNS SE,50.896183,-114.039886,townhouse,2750.0,4.0,3.5,1800.0,0,0,1,1,12,30
477696,Calgary,Alberta,9940 Fairmount Dr SE,50.962396,-114.058199,apartment,1849.0,2.0,1.0,870.0,0,0,0,0,12,61
529759,Calgary,Alberta,Altadore,51.0229386,-114.1021679,townhouse,3100.0,2.0,2.5,1850.0,2,0,1,0,12,30
539961,Calgary,Alberta,1512 35 Street Southeast,51.04035284704,-113.982945377588,duplex,2400.0,3.0,2.5,1700.0,0,0,0,0,12,30
572086,Calgary,Alberta,103 Tarington Way Northeast,51.1159916,-113.9261092,basement,1650.0,2.0,1.0,900.0,0,0,0,0,12,30
567446,Calgary,Alberta,276 Legacy Circle Southeast,50.8546083,-114.0128957,duplex,2750.0,3.0,2.5,1393.0,0,0,0,0,12,30
570520,Calgary,Alberta,804 3 Ave SW,51.050999949544,-114.079303816189,apartment,2500.0,2.0,2.0,1050.0,0,0,0,0,12,30
487155,Calgary,Alberta,1835 39 Street Southeast,51.0365829,-113.9775151,house,1875.0,2.0,1.0,1000.0,0,2,1,1,12,30
570784,Calgary,Alberta,111 Tarawood Lane Northeast,51.1220478,-113.9430958,townhouse,2450.0,3.0,2.5,1175.0,0,0,1,1,12,30
567469,Calgary,Alberta,268 Legacy Circle Southeast,50.8546869,-114.0131406,duplex,2650.0,3.0,2.5,1237.0,0,0,0,0,12,30
123164,Calgary,Alberta,Varsity,51.08818,-114.14726,house,2850.0,4.0,2.5,2000.0,2,0,0,1,12,30
529235,Calgary,Alberta,1916 32 St SW,51.0372419,-114.1338084,townhouse,4000.0,3.0,2.5,2400.0,1,0,0,0,12,30
446410,Calgary,Alberta,804 3rd Ave. S.W.,51.0510641,-114.0794273,apartment,2900.0,2.0,2.0,1200.0,1,0,1,1,12,30
338214,Calgary,Alberta,Panorama Hills,51.1697871,-114.0849945,apartment,790.0,1.0,1.5,140.0,1,0,0,0,12,30
137419,Calgary,Alberta,127 11 Ave NW,51.0622433,-114.0641954,apartment,1595.0,1.0,1.0,600.0,0,0,0,0,12,30
381491,Calgary,Alberta,312 Silverado Dr SW,50.880064,-114.078183,house,2200.0,2.0,2.0,1200.0,0,0,1,1,12,30
572387,Calgary,Alberta,72 Panamount Terrace Northwest,51.15608,-114.09187,house,3450.0,5.0,3.5,2800.0,0,0,0,0,12,30
572409,Calgary,Alberta,Royal Oak,51.143885536865,-114.215685726953,house,3300.0,3.0,2.5,2146.44,0,0,0,0,12,30
571736,Calgary,Alberta,626 14 Ave SW,51.0398704,-114.076018,apartment,2095.0,1.0,1.0,555.0,1,0,0,0,12,19
51718,Calgary,Alberta,735 56 Ave SW,51.003163,-114.0809659,apartment,2200.0,2.0,2.0,904.0,2,0,0,0,12,30
426843,Calgary,Alberta,Southwood,50.964855114439,-114.088650326215,basement,1350.0,1.0,1.0,900.0,0,0,0,0,6,30
572395,Calgary,Alberta,342 Panamount Boulevard Northwest,51.1586887,-114.0789686,basement,1995.0,2.0,1.0,970.0,0,0,0,0,6,30
489964,Calgary,Alberta,1727 54 St SE,51.0383598,-113.9558853,apartment,1350.0,0.0,1.0,550.0,0,0,0,0,12,30
134405,Calgary,Alberta,140 Redstone View NE,51.1716168,-113.935855,townhouse,1995.0,2.0,2.5,1214.0,0,0,0,0,12,30
505668,Calgary,Alberta,8604 48 Ave NW,51.0963351,-114.2114743,apartment,1700.0,1.0,1.0,764.0,0,0,1,1,12,30
389947,Calgary,Alberta,Thorncliffe,51.109024163477,-114.055204837928,apartment,780.0,4.0,3.0,1050.0,1,0,0,0,6,30
527430,Calgary,Alberta,"79 Cranford Gdns, Calgary, AB T3M, Canada",50.8770805,-113.9680592,basement,1350.0,1.0,1.0,900.0,0,0,0,0,12,30
532634,Calgary,Alberta,60 Woodview Court Southwest,50.9422855,-114.1156825,house,3300.0,4.0,2.5,1774.0,0,0,1,1,12,30
572358,Calgary,Alberta,Lake Bonavista,50.934519,-114.0423405,house,5200.0,4.0,3.0,2287.0,1,0,0,0,6,30
31091,Calgary,Alberta,228 McKenzie Towne Lane,50.9153955,-113.9630574,townhouse,2000.0,2.0,2.0,1100.0,0,0,0,0,12,30
486013,Calgary,Alberta,2705 15 Avenue Southeast,51.0393738,-113.9976284,house,3500.0,4.0,4.0,2600.0,0,0,1,1,12,30
572265,Calgary,Alberta,Highwood,51.0918181,-114.0757603,basement,1250.0,1.0,1.0,600.0,0,0,0,0,12,30
354379,Calgary,Alberta,4740 Dalton Drive Northwest,51.1040243,-114.1547992,townhouse,2400.0,2.0,1.0,1250.0,0,0,1,0,12,30
66889,Calgary,Alberta,Sundance,50.901449728196,-114.025661558075,house,3499.0,5.0,3.5,2450.0,0,0,0,0,12,30
572338,Calgary,Alberta,50 Carringwood Street Northwest,51.188593,-114.0929534,basement,1475.0,1.0,1.0,800.0,0,0,0,0,12,30
548753,Calgary,Alberta,132 Scenic Cove Circle Northwest,51.1200047,-114.2047894,apartment,750.0,5.0,2.5,2152.0,1,0,0,0,6,30
510343,Calgary,Alberta,9287 14 Ave Sw,51.0449905,-114.2195704,house,3300.0,4.0,3.5,2500.0,0,0,0,0,12,30
572244,Calgary,Alberta,519 23 Avenue Northeast,51.0731494,-114.0513579,basement,2350.0,2.0,1.0,1000.0,0,0,0,1,12,30
398405,Calgary,Alberta,Country Hills,51.1363143,-114.1133448,house,2200.0,3.0,2.0,1700.0,0,0,0,1,12,30
572020,Calgary,Alberta,717 4A Street Northeast,51.0579254,-114.0522489,apartment,1350.0,2.0,2.0,1400.0,0,0,1,1,12,30
570058,Calgary,Alberta,3106 39 Street Southwest,51.026688,-114.143635,house,2050.0,2.0,1.0,850.0,0,0,0,0,12,30
571481,Calgary,Alberta,53 Edith Crescent Northwest,51.1878163,-114.1650612,house,3200.0,5.0,3.0,2300.0,0,0,0,1,12,30
451310,Calgary,Alberta,4740 Dalton Drive NW,51.1040389,-114.1548054,townhouse,2000.0,3.0,1.0,928.0,0,0,1,1,12,30
569808,Calgary,Alberta,89 Citadel Close Northwest,51.1424457,-114.1689543,house,3000.0,4.0,3.5,2235.0,0,0,0,0,12,30
570708,Calgary,Alberta,Rutland Park,51.0225637,-114.137311,house,4000.0,5.0,2.0,2300.0,0,0,0,0,6,30
488814,Calgary,Alberta,5407 Ladbrooke Drive Southwest,51.00524,-114.1357521,house,3500.0,3.0,2.0,1139.0,0,2,1,1,6,30
372584,Calgary,Alberta,2505 17 Avenue Southwest,51.0375917,-114.1182825,apartment,2800.0,2.0,2.0,1186.0,0,0,0,0,12,30
572305,Calgary,Alberta,1808 18 Street Southwest,51.0374876,-114.1039467,apartment,2000.0,2.0,1.0,700.0,0,0,1,1,12,30
536683,Calgary,Alberta,200 Seton Circle Southeast,50.8705508,-113.9569022,apartment,2150.0,2.0,2.0,750.0,0,0,1,1,12,30
500243,Calgary,Alberta,6400 Coach Hill Road SW,51.057930470723,-114.179909479508,apartment,2000.0,2.0,1.0,860.0,0,0,1,1,12,30
572292,Calgary,Alberta,1228 24 Street Northwest,51.063396953105,-114.117546373016,house,3500.0,3.0,2.0,1150.0,0,0,0,0,12,30
526069,Calgary,Alberta,313 Scandia Bay Northwest,51.1134802,-114.2196642,house,3950.0,4.0,3.5,2530.0,0,0,0,0,12,30
308444,Calgary,Alberta,721 2nd Ave NW,51.0574744,-114.0786027,apartment,1575.0,1.0,1.0,550.0,0,0,0,0,12,30
523763,Calgary,Alberta,Kingsland,50.9907768,-114.0753704,basement,1850.0,2.0,1.0,770.0,0,0,1,0,12,30
569520,Calgary,Alberta,1122 3 St SE,51.0418015,-114.0555208,apartment,2000.0,1.0,1.0,528.0,0,0,0,0,12,30
121753,Calgary,Alberta,412 Hawkstone Dr NW,51.1355343,-114.1798445,house,2900.0,3.0,2.5,1862.0,0,0,0,0,12,30
445989,Calgary,Alberta,27a Tamarac Crescent Southwest,51.0466608,-114.1379118,house,4500.0,4.0,4.0,2200.0,0,0,1,1,12,30
572157,Calgary,Alberta,60 Hidden Vale Close Northwest,51.1448607,-114.1064688,house,2900.0,5.0,3.0,1290.0,0,0,1,1,12,30
567888,Calgary,Alberta,46 Mahogany Passage Southeast,50.890346306452,-113.938808611639,house,4000.0,4.0,3.5,3200.0,0,0,0,0,12,30
571154,Calgary,Alberta,1142 43 Street Southwest,51.0418177,-114.1494284,house,2050.0,2.0,1.0,1000.0,0,0,1,1,12,30
571951,Calgary,Alberta,Chaparral,50.8788268,-114.0415569,house,3900.0,3.0,3.5,2092.0,0,0,0,0,12,30
571870,Calgary,Alberta,2833 15 Avenue Southeast,51.0393871,-113.9935829,house,1850.0,2.0,1.0,1000.0,0,0,1,0,12,30
366685,Calgary,Alberta,1535 36 Street Southeast,51.0396366,-113.9819607,basement,1590.0,3.0,1.0,800.0,0,0,1,1,12,30
547139,Calgary,Alberta,1040 19 Avenue Southeast,51.03638578698,-114.037423935582,house,2300.0,1.0,1.5,789.0,1,0,0,0,12,30
82707,Calgary,Alberta,Auburn Bay,50.88528,-113.96389,townhouse,2400.0,2.0,2.5,1125.0,0,0,0,0,3,30
559590,Calgary,Alberta,16320 24 Street Southwest,50.9064292,-114.1160906,apartment,1600.0,1.0,1.0,625.2,0,0,0,0,12,30
570560,Calgary,Alberta,519 Riverfront Avenue,51.0476883,-114.0508723,apartment,2750.0,2.0,2.0,1000.0,0,0,0,0,12,30
299338,Calgary,Alberta,1602 42 Street Southwest,51.0395331,-114.1481022,basement,1225.0,2.0,1.0,987.0,0,0,1,1,12,30
531174,Calgary,Alberta,3420 50 Street Northwest,51.0834294,-114.1589773,apartment,1850.0,2.0,1.0,830.0,0,0,0,0,12,30
65694,Calgary,Alberta,6440 - 4 Street NW,51.110312137461,-114.069027900696,townhouse,2255.0,3.0,1.5,1000.0,0,0,0,0,12,30
433518,Calgary,Alberta,1300 8 Avenue Southeast,51.0421593,-114.0330243,apartment,1317.0,1.0,1.0,527.75,0,0,0,0,12,30
52092,Calgary,Alberta,1900 25A St SW,51.037641872275,-114.122096244983,apartment,2225.0,2.0,1.5,1100.0,0,0,0,0,12,30
561864,Calgary,Alberta,Saddle Ridge,51.131872989739,-113.956886331152,townhouse,2350.0,3.0,3.0,1600.0,0,0,0,0,12,30
572036,Calgary,Alberta,415 Tache Avenue Northwest,51.1078945,-114.0690681,house,2100.0,3.0,1.0,1060.0,0,0,0,0,12,30
457413,Calgary,Alberta,Shawnee Slopes,50.924336,-114.0787453,basement,1375.0,2.0,1.0,748.0,0,0,0,0,12,30
571663,Calgary,Alberta,Woodlands,50.9387471,-114.1166379,house,2300.0,2.0,1.0,1050.0,0,0,1,1,12,30
571990,Calgary,Alberta,77 Spruce Place SW,51.0426342,-114.1367611,apartment,2700.0,2.0,2.0,1080.0,0,0,0,0,12,30
544321,Calgary,Alberta,138 10 Avenue Northwest,51.0618133,-114.0647774,apartment,2350.0,2.0,2.0,1256.0,1,0,1,1,12,30
52803,Calgary,Alberta,1620 20th Ave NW,51.07049943635,-114.098630561377,basement,1500.0,1.0,1.0,800.0,0,0,1,0,12,30
572178,Calgary,Alberta,60 Glacier Drive Southwest,51.0100219,-114.1454037,basement,1500.0,2.0,1.0,900.0,0,0,0,0,12,30
410166,Calgary,Alberta,Mahogany,50.8922901,-113.9132031,house,3150.0,4.0,2.5,1800.0,1,0,1,1,12,30
571766,Calgary,Alberta,5610 3 Street Southwest,51.0038465,-114.0699268,apartment,1300.0,1.0,1.0,875.0,2,0,1,1,12,30
291810,Calgary,Alberta,1735 11 Ave SW,51.043134,-114.101102,apartment,2150.0,2.0,1.0,800.0,0,0,1,1,12,30
571932,Calgary,Alberta,Whitehorn,51.0922987,-113.9602802,apartment,2200.0,2.0,2.0,890.0,0,0,0,0,12,30
433057,Calgary,Alberta,South Calgary,51.029245,-114.100731,townhouse,3600.0,3.0,2.5,1810.0,0,0,1,1,12,30
570638,Calgary,Alberta,47 Cityscape Row Northeast,51.15305,-113.96101,townhouse,1900.0,2.0,2.5,2514.0,0,0,1,1,12,30
572201,Calgary,Alberta,44 Wolf Creek Gardens Southeast,50.8742519,-114.0064371,basement,1650.0,2.0,1.0,650.0,0,0,0,0,12,30
315728,Calgary,Alberta,205 Riverfront Ave SW,51.0521774,-114.0653412,apartment,2590.0,2.0,1.0,900.0,1,0,0,0,12,30
571181,Calgary,Alberta,Downtown,51.0459954,-114.0497472,apartment,2640.0,2.0,2.0,904.0,0,0,1,1,12,30
571899,Calgary,Alberta,804 - 118 Waterfront Court SW,51.0447331,-114.0718831,apartment,3200.0,2.0,2.0,900.0,0,0,0,0,12,30
571974,Calgary,Alberta,727 Madeira Drive Northeast,51.0601551,-113.949006,house,3100.0,4.0,2.5,1168.0,0,0,1,0,12,30
570363,Calgary,Alberta,Glenbrook,51.0263107,-114.1414705,basement,1500.0,3.0,1.0,1900.0,0,0,0,1,12,30
527695,Calgary,Alberta,76B Magnolia Grove Southeast,50.8889033,-113.9106019,basement,1475.0,2.0,1.0,680.0,0,0,0,0,12,30
572055,Calgary,Alberta,280 Hotchkiss Way SE,50.919217732087,-113.900500835474,house,2300.0,3.0,2.5,1497.0,0,0,0,0,12,30
328029,Calgary,Alberta,1218 19 Street Northwest,51.062502,-114.105834,basement,1500.0,1.0,1.0,680.0,0,0,0,0,12,30
559904,Calgary,Alberta,Rosscarrock,51.0469026,-114.1477577,apartment,1750.0,2.0,1.0,850.0,0,0,1,0,12,30
410041,Calgary,Alberta,63 Inglewood Park Southeast,51.0388491,-114.0161165,apartment,1900.0,1.0,1.0,700.0,0,0,0,0,6,30
305714,Calgary,Alberta,255 Pinemill Mews Northeast,51.072988,-113.950449,house,1900.0,3.0,1.0,1200.0,0,0,1,1,12,30
569759,Calgary,Alberta,8880 Horton Road SW,50.9746499,-114.07466,apartment,1700.0,1.0,1.0,702.0,0,0,0,0,12,30
525929,Calgary,Alberta,8355 19 Avenue Southwest,51.0357032,-114.2091106,apartment,1899.0,1.0,1.0,551.0,0,0,1,1,6,30
572257,Calgary,Alberta,1521 26 Avenue Southwest,51.0302847,-114.0960032,apartment,2150.0,2.0,1.0,600.0,0,0,1,1,12,30
572199,Calgary,Alberta,2320 Erlton St SW,51.032612509428,-114.062190078574,apartment,2150.0,1.0,1.0,763.0,0,0,0,0,12,30
572271,Calgary,Alberta,118 Sage Bank Grove Northwest,51.1769677,-114.157199,house,2600.0,3.0,2.5,1842.0,0,0,0,0,12,30
560795,Calgary,Alberta,106 10 Street Northeast,51.0527155,-114.0373882,duplex,2350.0,3.0,1.5,1400.0,0,0,0,0,12,30
564939,Calgary,Alberta,311 42 Street Southeast,51.0498539,-113.9727102,apartment,650.0,4.0,3.0,1100.0,1,0,0,0,12,30
124935,Calgary,Alberta,58 Cranleigh Terrace,50.8862466,-113.992509,basement,1800.0,1.0,1.0,1300.0,0,0,1,0,6,30
567873,Calgary,Alberta,101 Panatella Square Northwest,51.169495,-114.0708119,townhouse,2000.0,2.0,2.5,1200.0,0,0,0,0,12,30
572225,Calgary,Alberta,Amblefield Ave NW,51.1865421,-114.1130386,house,2500.0,3.0,2.5,1700.0,0,0,0,0,12,30
61966,Calgary,Alberta,162 Prestwick Circle,50.9216926,-113.9611188,house,2095.0,2.0,1.5,1000.0,0,0,1,1,12,30
147547,Calgary,Alberta,46 9 Street NE,51.0499059,-114.0403413,apartment,2550.0,2.0,2.0,900.0,0,0,0,0,12,30
541168,Calgary,Alberta,379 Copperhead Way Southeast,50.91272,-113.92471,house,2900.0,3.0,2.5,2100.0,0,0,1,1,12,30
478895,Calgary,Alberta,East Village,51.0427391,-113.9062809,basement,1500.0,2.0,1.0,800.0,1,0,0,0,12,30
526673,Calgary,Alberta,2505 17 Avenue Southwest,51.0375166,-114.1183468,apartment,2550.0,2.0,2.0,1069.0,0,0,0,0,12,30
343151,Calgary,Alberta,Evanston,51.181983,-114.0999126,townhouse,2400.0,3.0,2.5,1200.0,0,0,1,1,12,30
486058,Calgary,Alberta,Haysboro,50.975720890219,-114.07398641468,apartment,1950.0,1.0,1.0,716.0,0,0,1,1,12,30
450812,Calgary,Alberta,2520 16A Street Southwest,51.031716,-114.099804,house,2400.0,3.0,1.0,1100.0,0,0,1,1,12,30
572044,Calgary,Alberta,2439 45 Street Southeast,51.0317998,-113.9689069,basement,1450.0,2.0,1.0,850.0,0,0,1,1,12,30
572073,Calgary,Alberta,Seton VI SE,50.8645158,-113.9502302,townhouse,2300.0,2.0,2.5,1032.0,0,0,0,0,12,30
332336,Calgary,Alberta,Albert Park,51.0389102,-113.9964478,house,1699.0,2.0,1.0,900.0,0,0,1,0,12,30
335148,Calgary,Alberta,214 Schubert Place Northwest,51.1276948,-114.2228993,house,2800.0,3.0,2.0,1425.0,0,0,0,0,12,30
572038,Calgary,Alberta,10 Sierra Morena Mews Southwest,51.0158293,-114.1748166,apartment,2400.0,2.0,2.0,800.0,1,0,0,0,12,30
570115,Calgary,Alberta,Acadia,50.9754284,-114.0617203,house,2500.0,3.0,2.0,1020.0,0,0,1,1,12,30
381562,Calgary,Alberta,63 CornerBrook Gate Northeast,51.155399400153,-113.933696730688,townhouse,2250.0,3.0,2.5,1500.0,0,0,0,1,6,30
572079,Calgary,Alberta,108 Riverfront Court SW,51.0521727,-114.0628732,apartment,1950.0,1.0,1.0,558.0,0,0,0,0,12,30
571384,Calgary,Alberta,188 Hamptons Terrace Northwest,51.1465771,-114.1463093,house,3500.0,5.0,3.5,2250.0,0,0,0,0,12,30
571180,Calgary,Alberta,Evergreen,50.908791362604,-114.105719794599,house,3250.0,4.0,3.0,1084.0,2,0,0,0,12,30
571851,Calgary,Alberta,1919 University Drive Northwest,51.0692167,-114.1268733,apartment,830.0,1.0,1.0,825.0,1,0,0,0,12,30
368317,Calgary,Alberta,1410 1 St SE,51.03924,-114.06089,apartment,2150.0,2.0,2.0,900.0,0,0,0,1,12,30
572104,Calgary,Alberta,85 Cougartown Circle Southwest,51.0680685,-114.2105085,house,2800.0,3.0,2.5,1800.0,0,0,0,0,12,30
569984,Calgary,Alberta,Eversyde Gardens SW,50.9154865,-114.1087578,house,3450.0,4.0,3.5,2835.0,1,0,0,1,12,30
572046,Calgary,Alberta,216 Discovery Drive Southwest,51.0091438,-114.1914656,house,7450.0,5.0,3.5,4000.0,1,0,0,0,12,30
519368,Calgary,Alberta,Kincora,51.1642283,-114.134535,apartment,850.0,3.0,2.5,1900.0,0,0,0,1,12,30
572032,Calgary,Alberta,142 Haskayne Drive Northwest,51.1095457,-114.2723291,duplex,2450.0,3.0,3.0,1700.0,0,0,0,0,12,30
572040,Calgary,Alberta,1424 44 Street Southwest,51.0406748,-114.1509252,house,1850.0,2.0,1.0,1000.0,0,0,1,1,12,30
327339,Calgary,Alberta,519 Riverfront Ave SE,51.0476241,-114.0509814,apartment,3200.0,2.0,2.0,1000.0,1,0,0,0,12,30
24663,Calgary,Alberta,Albert Park,51.0412915,-113.994723,house,1675.0,2.0,1.0,1050.0,0,0,1,0,12,30
483090,Calgary,Alberta,Haysboro,50.9767435,-114.080888,house,2350.0,2.0,1.0,860.0,0,0,1,0,12,30
531906,Calgary,Alberta,Rangeview,50.8841956,-113.9127407,basement,1500.0,1.0,1.0,600.0,1,0,1,0,12,30
572085,Calgary,Alberta,Haysboro,50.9725411,-114.0909673,basement,1700.0,2.0,1.0,1100.0,0,0,1,0,12,30
79222,Calgary,Alberta,1540 29 St NW,51.06574,-114.12963,apartment,820.0,3.0,2.0,1263.0,1,0,0,0,12,30
492784,Calgary,Alberta,4641 128 Ave NE,51.1647694,-113.9568056,apartment,1850.0,2.0,1.0,700.0,0,0,0,0,12,30
122549,Calgary,Alberta,1410 1 St SE,51.0389151,-114.0605354,apartment,2750.0,2.0,2.0,1001.0,0,0,0,0,12,30
571069,Calgary,Alberta,202 Ave SE,50.8698367,-113.9395519,house,2450.0,3.0,3.0,1802.0,0,0,0,1,12,30
572010,Calgary,Alberta,2402 47 Street Southeast,51.0330185,-113.9654282,basement,1400.0,2.0,1.0,900.0,0,0,1,1,12,30
17495,Calgary,Alberta,229 Mike Ralph Way SW,51.0021462,-114.124328,apartment,750.0,1.0,1.0,1274.0,0,0,0,0,12,30
489378,Calgary,Alberta,Sherwood,51.1608909,-114.1506211,house,2700.0,3.0,2.5,1730.0,0,0,0,0,12,30
290533,Calgary,Alberta,Coventry Hills,51.1696116,-114.0649132,basement,1300.0,1.0,1.0,1600.0,0,0,0,0,12,30
370858,Calgary,Alberta,129 15 Avenue Southeast,51.0383182,-114.0618309,apartment,2200.0,2.0,1.0,850.0,0,0,1,0,12,30
571253,Calgary,Alberta,220 Seton Grove Southeast,50.8666082,-113.9527623,apartment,2200.0,2.0,2.0,900.0,0,0,0,0,12,30
570665,Calgary,Alberta,8006 Cougar Ridge Avenue Southwest,51.0700358,-114.2054065,house,4100.0,4.0,3.5,1926.0,0,0,1,1,12,30
537281,Calgary,Alberta,189 Copperstone Circle Southeast,50.9178178,-113.9323895,house,2550.0,3.0,1.5,1600.0,0,0,1,1,12,30
46499,Calgary,Alberta,Albert Park,51.0412915,-113.994723,basement,1349.0,2.0,1.0,800.0,0,0,1,0,12,30
548612,Calgary,Alberta,129 Yorkville Avenue Southwest,50.874911,-114.0740887,townhouse,2395.0,3.0,2.5,1400.0,0,0,0,0,12,30
324948,Calgary,Alberta,1720 11 Street Southwest,51.037139,-114.089662,townhouse,2000.0,2.0,1.5,1300.0,0,0,0,0,12,30
496075,Calgary,Alberta,107 Carringham Rd NW,51.18675,-114.09167,duplex,2795.0,3.0,2.5,1800.0,0,0,1,1,12,30
444178,Calgary,Alberta,3130 Thirsk St NW,51.07955,-114.14694,apartment,2800.0,2.0,2.5,1279.0,0,0,0,1,12,30
318114,Calgary,Alberta,1410 1 St SE,51.0389379,-114.0603697,apartment,2750.0,2.0,2.0,950.0,1,0,1,1,12,30
476857,Calgary,Alberta,3512 Brenner Drive Northwest,51.1049294,-114.1366532,house,3600.0,4.0,3.0,2300.0,0,0,0,0,12,30
360679,Calgary,Alberta,520 10 Avenue Northeast,51.061698,-114.052051,basement,1350.0,1.0,1.0,810.0,0,0,0,0,12,30
518714,Calgary,Alberta,4944 Dalton Dr NW,51.1025748,-114.1543246,apartment,2000.0,2.0,1.0,800.0,0,0,0,0,12,30
571649,Calgary,Alberta,Southview,51.0314877,-113.9859823,house,2350.0,3.0,1.0,1100.0,0,0,1,1,12,30
571520,Calgary,Alberta,Highwood,51.0918181,-114.0757603,house,1850.0,2.0,1.0,855.0,0,0,0,0,12,30
530998,Calgary,Alberta,Redstone,51.1710931,-113.9479562,basement,1700.0,1.0,1.0,650.0,1,0,0,0,12,30
489334,Calgary,Alberta,Seton,50.86840633043,-113.956123003071,house,2350.0,3.0,2.5,1900.0,0,0,0,0,12,30
571362,Calgary,Alberta,35 Richard Court Southwest,51.006400155292,-114.125842822168,apartment,2100.0,1.0,1.0,666.0,0,0,0,0,12,30
513137,Calgary,Alberta,157 Everoak Park Southwest,50.9168122,-114.1149274,house,3000.0,3.0,2.5,2475.0,0,0,1,1,12,30
307013,Calgary,Alberta,4012 Glenpark Crescent Southwest,51.029364,-114.1435192,apartment,1250.0,1.0,1.0,800.0,0,0,0,0,12,30
529480,Calgary,Alberta,1110 11 Street SW,51.0423912,-114.0886697,apartment,2600.0,2.0,2.0,980.0,0,0,1,1,12,30
450375,Calgary,Alberta,732 Fortalice Crescent Southeast,51.0459348,-113.9595508,house,2299.0,3.0,1.0,1150.0,0,0,0,1,12,30
567783,Calgary,Alberta,Legacy Glen Terrace SE,50.8570422,-114.0045922,house,3850.0,4.0,2.5,2700.0,0,0,1,1,12,30
411373,Calgary,Alberta,369 ROCKY VISTA PA NW,51.139269,-114.240233,apartment,2095.0,2.0,2.0,820.0,0,0,1,1,12,30
513674,Calgary,Alberta,2920 Blakiston Drive Northwest,51.0882393,-114.1276334,apartment,925.0,4.0,4.0,1036.0,1,0,0,0,12,30
149881,Calgary,Alberta,Evanston,51.1646,-114.11739,house,3850.0,4.0,3.5,2670.0,0,0,0,0,12,30
120455,Calgary,Alberta,910 5th Ave SW,51.0491977,-114.0816098,apartment,2600.0,1.0,1.0,800.0,1,0,1,1,12,30
23963,Calgary,Alberta,Taradale,51.1199447,-113.9296376,house,2200.0,3.0,2.5,1400.0,0,0,0,0,12,30
131981,Calgary,Alberta,4663 Passchendaele Rd SW,51.0126223,-114.1111756,house,3498.0,4.0,3.5,2600.0,0,0,0,0,12,30
539169,Calgary,Alberta,333 Riverfront Avenue,51.0502796,-114.0569255,apartment,1900.0,2.0,1.0,600.0,0,0,1,1,12,30
571713,Calgary,Alberta,Livingston,51.1896633,-114.0513256,basement,1500.0,1.0,1.0,637.0,0,0,0,0,12,30
139382,Calgary,Alberta,702 3 Ave SW,51.0509475,-114.0763966,apartment,1795.0,1.0,1.0,700.0,0,0,0,0,12,30
551945,Calgary,Alberta,Panorama Hills,51.1657142,-114.0890566,apartment,2300.0,2.0,2.0,1000.0,1,0,0,0,12,30
510569,Calgary,Alberta,Wentworth,51.05495,-114.2124722,house,4600.0,4.0,4.0,2382.0,0,0,1,1,6,30
54433,Calgary,Alberta,80 Millrise Blvd SW,50.925657047856,-114.070077811199,house,2455.0,3.0,1.5,1400.0,0,0,0,0,12,30
47698,Calgary,Alberta,1335-12 Ave. SW,51.04188864904,-114.093045907773,apartment,1725.0,1.0,1.0,600.0,0,0,0,0,12,30
114555,Calgary,Alberta,Panatella Walk,51.1710495,-114.0726675,townhouse,2200.0,3.0,2.5,1300.0,0,0,0,0,12,30
320600,Calgary,Alberta,315 Heritage Drive SE,50.9793329,-114.064209,apartment,1900.0,2.0,1.5,880.0,0,0,1,0,12,30
571788,Calgary,Alberta,2508 106 Avenue Southwest,50.9579408,-114.1186955,basement,1600.0,2.0,1.0,1117.0,0,0,1,1,12,30
528352,Calgary,Alberta,Temple,51.0935852,-113.9507216,house,2175.0,3.0,1.5,1181.0,0,0,0,0,12,30
461720,Calgary,Alberta,174 Livingston Avenue Northeast,51.186631,-114.0668958,basement,1400.0,1.0,1.0,650.0,0,0,0,0,12,30
39054,Calgary,Alberta,108 23rd Ave SW,51.0324849,-114.0650836,apartment,2100.0,1.0,1.0,664.0,0,0,1,1,12,30
571153,Calgary,Alberta,3211 12 Avenue Southwest,51.0412272,-114.1335209,house,2250.0,2.0,1.0,1000.0,1,0,1,1,6,30
566767,Calgary,Alberta,11 Millrise Drive SW,50.9162321,-114.0726418,apartment,2300.0,2.0,2.0,870.0,0,0,0,0,12,30
571853,Calgary,Alberta,429 Kincora Drive Northwest,51.156668,-114.1373198,house,3200.0,3.0,2.5,1800.0,1,0,0,0,12,30
571782,Calgary,Alberta,2508 106 Avenue Southwest,50.9579408,-114.1186955,house,2550.0,3.0,2.0,1120.0,0,0,1,1,12,30
303799,Calgary,Alberta,328 Country Village Cape Northeast,51.15935,-114.053226,townhouse,2100.0,3.0,1.5,1200.0,0,0,0,0,6,30
487119,Calgary,Alberta,323 20 Avenue SW,51.0350752,-114.0702449,apartment,2195.0,1.0,1.5,698.24,0,0,0,1,12,30
469320,Calgary,Alberta,722 5A Street Northwest,51.0578199,-114.0754369,apartment,1950.0,2.0,1.0,950.0,0,0,0,0,12,30
571866,Calgary,Alberta,201 Haskayne Drive Northwest,51.1092461,-114.2746881,basement,1400.0,1.0,1.0,750.0,0,0,0,0,12,30
571748,Calgary,Alberta,505 - 901 10 Avenue SW,51.0433595,-114.0718904,apartment,1850.0,1.0,1.0,646.0,0,0,0,0,12,30
526108,Calgary,Alberta,626 14 Ave SW,51.0399867,-114.07528,apartment,1995.0,1.0,1.0,492.0,0,0,1,1,12,30
124754,Calgary,Alberta,Charleswood,51.0972585,-114.1248071,basement,1600.0,3.0,1.0,1100.0,0,0,0,0,12,30
513214,Calgary,Alberta,Mission,51.0360048,-114.070642,apartment,1380.0,1.0,1.0,500.0,0,0,0,0,12,30
571661,Calgary,Alberta,Varsity,51.0963878,-114.159536,apartment,700.0,5.0,2.0,160.0,0,0,0,0,6,30
489948,Calgary,Alberta,125 Corner Meadows Gate Northeast,51.1527042,-113.934098,basement,1350.0,1.0,1.0,750.0,0,0,1,1,12,30
516598,Calgary,Alberta,20575 Seton Way Southeast,50.8690341,-113.9541478,townhouse,2250.0,2.0,2.5,1400.0,0,0,1,1,12,30
525496,Calgary,Alberta,42 Cranbrook Gardens Southeast,50.8610868,-113.9727196,apartment,2200.0,2.0,2.0,909.0,0,0,1,1,12,30
571665,Calgary,Alberta,Windsor Park,51.003576,-114.0755842,house,2500.0,2.0,2.5,1800.0,0,0,0,0,12,30
437843,Calgary,Alberta,920 67 Avenue Southwest,50.9934663,-114.0825806,apartment,1450.0,1.0,1.0,900.0,0,0,0,0,12,30
514805,Calgary,Alberta,Royal Oak,51.142763737257,-114.230356280922,basement,1250.0,1.0,1.0,500.0,1,0,0,0,6,30
74662,Calgary,Alberta,511-14 AVE N.E,51.064779,-114.052371,house,2495.0,3.0,2.0,1600.0,0,0,0,0,12,30
571769,Calgary,Alberta,1826 10 Avenue Southeast,51.0352016,-114.0214477,house,2300.0,3.0,1.0,1000.0,0,0,1,1,12,30
64246,Calgary,Alberta,3032 RUNDLESON RD,51.080200689018,-113.978690560913,townhouse,2100.0,3.0,1.5,1100.0,0,0,1,1,12,30
571698,Calgary,Alberta,916 Memorial Drive Northwest,51.0544803,-114.0806251,apartment,3500.0,2.0,1.0,768.0,1,0,0,0,6,30
101261,Calgary,Alberta,3830 Brentwood Road NW,51.0867628,-114.1295389,apartment,2650.0,2.0,2.0,705.0,1,0,1,0,12,30
484850,Calgary,Alberta,1437 39 street SW,51.040055,-114.1444688,house,3250.0,4.0,2.5,1750.0,0,0,1,1,6,30
453262,Calgary,Alberta,945 Canfield Crescent Southwest,50.949873,-114.0793495,basement,1800.0,2.0,1.0,950.0,0,0,1,1,12,30
571717,Calgary,Alberta,Royal Oak,51.1533917,-114.2313531,house,2800.0,3.0,2.5,1680.0,0,0,0,0,12,30
535314,Calgary,Alberta,Lower Mount Royal,51.0372265,-114.0837635,apartment,2100.0,1.0,1.0,650.0,1,0,1,1,12,30
511016,Calgary,Alberta,1821 17 Street Southwest,51.0370093,-114.1019715,apartment,1675.0,1.0,1.0,500.0,0,0,1,1,6,30
567600,Calgary,Alberta,Rowmont Boulevard NW,51.109280691406,-114.266150473758,basement,1450.0,1.0,1.0,600.0,0,0,1,1,12,30
406910,Calgary,Alberta,323 5 Avenue Northeast,51.0568837,-114.0563416,apartment,1550.0,1.0,1.0,578.0,0,0,0,0,12,30
535873,Calgary,Alberta,4975 130 Avenue Southeast,50.9288613,-113.9628535,apartment,2190.0,2.0,2.0,852.0,0,0,1,0,12,30
476091,Calgary,Alberta,540 18 Avenue Southwest,51.0372014,-114.0735793,apartment,2550.0,2.0,2.0,890.0,0,0,0,0,6,30
569160,Calgary,Alberta,108 Waterfront Court Southwest,51.0527266,-114.0656748,apartment,2100.0,1.0,1.0,690.0,0,0,0,0,12,30
101192,Calgary,Alberta,70-3115 Panamount Drive NW,51.1580725,-114.0722122,apartment,2000.0,2.0,2.0,850.0,0,0,0,0,12,30
523250,Calgary,Alberta,117 Everhollow Rise SW,50.9176548,-114.1191218,house,3300.0,4.0,4.0,2180.0,0,0,0,0,12,30
535633,Calgary,Alberta,8539 8A Avenue Southwest,51.0611925,-114.209027,townhouse,3800.0,3.0,2.5,1520.0,0,0,0,0,12,30
524291,Calgary,Alberta,23 Belmont Crescent Southwest,50.86865,-114.06481,house,3500.0,4.0,2.5,2380.0,0,0,1,1,6,30
87941,Calgary,Alberta,500 Rocky Vista Gardens NW,51.139561,-114.242812,apartment,1700.0,1.0,1.0,735.0,0,0,0,0,12,30
451132,Calgary,Alberta,"Mt Royal, Inner City SW.",51.034374739566,-114.083836029272,house,5950.0,4.0,2.0,3000.0,0,0,1,1,12,30
570239,Calgary,Alberta,2420 34 Ave SW,51.0233698,-114.1153723,townhouse,2700.0,2.0,1.5,1050.0,0,0,1,1,12,30
539037,Calgary,Alberta,Thorncliffe,51.1055577,-114.0753546,house,3200.0,5.0,2.0,2000.0,0,0,1,1,6,30
431892,Calgary,Alberta,1122 3 St SE,51.041891,-114.0557158,apartment,2200.0,1.0,1.0,515.0,1,0,0,0,12,30
522461,Calgary,Alberta,619 Confluence Way SE,51.0474861,-114.0497137,apartment,2950.0,2.0,2.0,900.0,1,0,0,0,12,30
568587,Calgary,Alberta,69 Springborough Crt SW,51.0346939,-114.1899401,apartment,2500.0,2.0,2.0,900.0,0,0,0,0,12,30
118783,Calgary,Alberta,2631 11 AVE NW,51.0611854,-114.1244594,house,3200.0,3.0,1.0,1275.0,0,0,1,1,12,30
123392,Calgary,Alberta,6118 80 Ave NE,51.125854624771,-113.945951219482,apartment,2200.0,2.0,2.0,959.0,0,0,0,0,12,30
571781,Calgary,Alberta,631 20 Avenue Northwest,51.070395,-114.0755281,townhouse,3200.0,3.0,2.0,1350.0,0,2,1,1,12,30
571796,Calgary,Alberta,1334 14 Avenue SW,51.0406217,-114.0936329,apartment,1575.0,1.0,1.0,610.0,0,0,1,0,12,30
524272,Calgary,Alberta,Windsor Park,51.008432373645,-114.074403853442,townhouse,2800.0,3.0,2.5,1225.0,0,0,1,1,12,30
522599,Calgary,Alberta,80 Point McKay Crescent NW,51.062623,-114.1481981,apartment,2300.0,2.0,1.5,950.0,0,0,0,0,12,30
149400,Calgary,Alberta,Auburn Bay,50.8970715,-113.9597759,townhouse,2600.0,3.0,2.5,1612.0,0,0,0,0,12,30
570491,Calgary,Alberta,211 13 Ave SE,51.0401551,-114.0601539,apartment,2100.0,1.0,1.0,570.0,0,0,1,1,12,30
550893,Calgary,Alberta,175 Panatella Hill Northwest,51.1664011,-114.0882556,apartment,1650.0,1.0,1.0,530.0,0,0,0,0,12,30
571761,Calgary,Alberta,Evergreen,50.9101493,-114.1083916,house,2800.0,4.0,2.5,1500.0,0,0,0,0,12,30
571103,Calgary,Alberta,Riverbend,50.9729178,-114.0184369,basement,1475.0,1.0,1.0,600.0,0,0,0,0,12,30
568577,Calgary,Alberta,5104 Dalham Crescent Northwest,51.1080995,-114.1581242,house,2400.0,4.0,1.5,1400.0,0,0,0,0,12,30
512533,Calgary,Alberta,702 51 Avenue Southwest,51.0080347,-114.0791497,townhouse,3700.0,3.0,3.5,1900.0,0,0,1,1,12,30
563782,Calgary,Alberta,Alpine Park,50.9177218,-114.1530077,basement,1850.0,2.0,1.0,761.0,0,0,0,0,12,30
509269,Calgary,Alberta,Morley Trail NW,51.0793589,-114.1155419,apartment,700.0,6.0,3.0,1251.0,0,0,0,0,3,30
571299,Calgary,Alberta,108 1735 11 Ave Sw,51.043157,-114.1008601,apartment,2250.0,2.0,2.0,925.0,0,0,0,0,12,30
486327,Calgary,Alberta,138 Saddlebrook Point Northeast,51.1382346,-113.9342496,townhouse,1800.0,2.0,1.0,891.0,0,0,1,1,12,30
480373,Calgary,Alberta,78 Inglewood Point SE,51.041379427918,-114.023061027497,townhouse,2600.0,2.0,3.0,1194.0,0,0,0,1,3,30
820,Calgary,Alberta,118 30 Avenue NE,51.079866,-114.061494,house,2200.0,3.0,1.0,1000.0,0,2,0,0,12,30
496935,Calgary,Alberta,2712 40 Street SW,51.0300606,-114.1450602,apartment,1899.0,2.0,1.0,950.0,0,0,0,0,6,30
58182,Calgary,Alberta,Connaught,51.0387764,-114.0736145,apartment,2095.0,2.0,1.0,740.0,0,0,0,0,12,30
571370,Calgary,Alberta,315 Heritage Drive SE,50.9793329,-114.064209,apartment,1850.0,2.0,2.0,858.0,0,0,0,0,12,30
528261,Calgary,Alberta,220 Seton Grove Southeast,50.8659966,-113.9539434,apartment,1775.0,1.0,1.0,620.0,0,0,1,1,12,30
410845,Calgary,Alberta,"113, 7885 Macleod Trail SW",50.9834541,-114.0727649,apartment,1850.0,1.0,1.0,553.0,0,0,1,1,12,30
566740,Calgary,Alberta,Arbour Lake,51.131484,-114.2082017,basement,1650.0,2.0,1.0,760.0,0,0,0,0,12,30
527423,Calgary,Alberta,2127 50 Avenue Southwest,51.0084754,-114.1107557,house,2200.0,2.0,1.0,997.0,0,0,0,0,12,30
524059,Calgary,Alberta,2422 33 St Sw,51.032363,-114.135174,duplex,3795.0,4.0,3.5,1900.0,0,0,0,0,12,30
144016,Calgary,Alberta,2371 Eversyde Ave SW,50.9075124,-114.1149458,apartment,1700.0,1.0,1.0,550.0,0,0,0,0,12,30
518387,Calgary,Alberta,1100 8 Avenue S.W.,51.0465071,-114.0868186,apartment,2450.0,1.0,1.5,1400.0,0,0,0,0,12,30
427214,Calgary,Alberta,80 Hawksley Crescent Northwest,51.1261231,-114.1776831,house,2350.0,4.0,2.5,1800.0,0,0,0,0,12,30
124699,Calgary,Alberta,"4th Flr, 38 - 9th Street NE",51.049941369124,-114.040042915344,apartment,2100.0,1.0,1.0,625.0,0,0,0,0,12,30
295516,Calgary,Alberta,836 Royal Ave SW,51.0352869,-114.081427,apartment,2200.0,1.0,1.0,600.0,1,0,0,0,12,30
125542,Calgary,Alberta,Banff Trail,51.079070849098,-114.11957047791,apartment,720.0,1.0,1.0,160.0,1,0,0,0,6,30
50682,Calgary,Alberta,4418 10 Prestwick Bay S.E.,50.9280169,-113.9601198,apartment,2200.0,2.0,2.0,900.0,0,0,0,0,12,30
568506,Calgary,Alberta,Varsity,51.0826963,-114.1623421,house,6000.0,5.0,3.0,1700.0,2,0,0,0,6,365
537094,Calgary,Alberta,408 - 836 Royal Avenue Southwest,51.0353341,-114.0814268,apartment,2600.0,2.0,2.0,1008.0,0,0,1,1,3,30
570986,Calgary,Alberta,Midnapore,50.9168892,-114.0512546,house,2800.0,4.0,2.5,1400.0,2,0,0,1,12,30
571248,Calgary,Alberta,32 Dovercroft Place Southeast,51.0189014,-113.9847931,basement,1400.0,1.0,1.0,922.94,0,0,0,0,12,30
78638,Calgary,Alberta,Ranchlands,51.119509,-114.1874363,house,2780.0,4.0,3.0,2100.0,0,0,0,0,12,30
557521,Calgary,Alberta,48 Yorkville Road Southwest,50.8744945,-114.0777643,duplex,2550.0,4.0,2.5,1699.0,0,0,0,0,6,30
446883,Calgary,Alberta,Saddle Ridge,51.1279186,-113.9269312,townhouse,2000.0,3.0,2.5,1311.0,0,0,0,0,12,30
571465,Calgary,Alberta,3932 University Avenue Northwest,51.07855,-114.1439,apartment,1800.0,1.0,1.0,545.0,0,0,0,0,12,30
140735,Calgary,Alberta,25 Richard Place SW,51.0044832,-114.1312762,apartment,1700.0,1.0,1.0,636.0,0,0,1,0,12,30
571632,Calgary,Alberta,240 Harvest Creek Court Northeast,51.145867,-114.0459174,house,3100.0,3.0,3.5,1400.0,0,0,0,0,12,30
571374,Calgary,Alberta,19665 48 Street Southeast,50.9352701,-113.9650149,townhouse,2400.0,3.0,2.5,1330.0,0,0,1,1,12,30
454164,Calgary,Alberta,510 12 Avenue Southwest,51.0418633,-114.0723707,apartment,2650.0,1.0,1.0,697.0,1,0,0,0,12,30
527254,Calgary,Alberta,7379 202 Ave SE,50.8704948,-113.9266572,townhouse,2550.0,3.0,2.5,1500.0,0,0,0,0,12,30
523651,Calgary,Alberta,350 4 Avenue Northeast,51.0564462,-114.0546863,apartment,2800.0,2.0,2.0,1200.0,0,0,0,0,12,30
540808,Calgary,Alberta,Mayland Heights,51.0595876,-114.0199583,house,2095.0,2.0,1.5,1000.0,0,0,1,1,12,30
570535,Calgary,Alberta,103 Oakfern Way Southwest,50.97397,-114.1328505,house,4500.0,5.0,3.0,2400.0,0,0,0,0,12,30
570660,Calgary,Alberta,369 Rocky Vista Park Northwest,51.1393687,-114.2404725,apartment,2100.0,2.0,2.0,840.0,0,0,0,0,12,30
92310,Calgary,Alberta,Richmond/Knob Hill,51.0310692,-114.1134946,house,2495.0,4.0,1.0,1750.0,0,0,1,1,12,30
324552,Calgary,Alberta,450 8 Ave SE,51.0454105,-114.053745,apartment,2400.0,2.0,1.0,540.0,1,0,0,0,6,30
545753,Calgary,Alberta,5720 2 Street SW,51.0031677,-114.06843,apartment,1800.0,1.0,1.0,612.0,0,0,1,1,3,30
313700,Calgary,Alberta,1010 6 St SW,51.043170544683,-114.076228527125,apartment,3500.0,2.0,2.0,1000.0,1,0,0,0,12,30
455827,Calgary,Alberta,355 5 Avenue Northeast,51.056873,-114.0547076,apartment,2200.0,2.0,1.5,920.0,0,0,1,1,12,30
571423,Calgary,Alberta,890 Bluerock Way Southwest,50.9182548,-114.1519601,house,3100.0,4.0,2.5,2500.0,0,0,1,1,12,30
571353,Calgary,Alberta,138 Skyview Springs Manor Northeast,51.1627455,-113.9639163,townhouse,2300.0,2.0,2.0,1250.0,0,0,0,0,12,30
516063,Calgary,Alberta,Canyon Meadows,50.936113,-114.0761774,apartment,850.0,2.0,1.0,828.0,0,0,0,0,6,30
530012,Calgary,Alberta,33 Livingston Gate NE,51.183975,-114.0652148,townhouse,2600.0,3.0,2.5,1327.0,0,0,0,0,12,30
315202,Calgary,Alberta,1410 1 St SE,51.03924,-114.06089,apartment,2300.0,2.0,2.0,900.0,0,0,0,0,12,30
108508,Calgary,Alberta,Cranston,50.874765183419,-113.965778787575,townhouse,2400.0,2.0,2.5,1350.0,0,0,0,0,12,30
392051,Calgary,Alberta,Greenwich,51.087823882839,-114.216861053998,apartment,1950.0,1.0,1.0,670.0,0,0,0,0,12,30
491583,Calgary,Alberta,139 Shawmeadows Close Southwest,50.9119939,-114.0712527,house,2000.0,3.0,1.0,950.0,0,0,0,0,12,30
497659,Calgary,Alberta,3108 39 St SW,51.0266546,-114.1436576,basement,1800.0,2.0,1.0,800.0,1,0,0,0,12,30
531191,Calgary,Alberta,1035 Riverbend Drive SE,50.9762693,-114.0191329,basement,1750.0,1.0,1.0,1050.0,1,0,1,1,6,30
147147,Calgary,Alberta,327 19 Ave SW,51.0360964,-114.0702265,apartment,1350.0,0.0,1.0,469.0,0,0,0,0,12,30
503021,Calgary,Alberta,Strathcona Park,51.051076402879,-114.173670861377,house,2450.0,3.0,1.5,1361.0,0,0,0,0,12,30
518874,Calgary,Alberta,406 Cranberry Park Southeast,50.8816536,-113.9763667,apartment,2100.0,2.0,2.0,950.0,0,0,0,0,12,30
408182,Calgary,Alberta,1934 26A Street Southwest,51.0362675,-114.1252484,townhouse,3000.0,2.0,2.5,1150.0,1,0,0,0,12,30
571484,Calgary,Alberta,Silverton,50.8732511,-114.0595308,townhouse,2500.0,2.0,2.5,1300.0,0,0,0,0,12,30
571292,Calgary,Alberta,1810 11 Avenue SW,51.0437247,-114.1023953,apartment,1700.0,1.0,1.0,624.0,0,0,1,1,12,30
500538,Calgary,Alberta,18 Aspen Hills Manor SW,51.043186,-114.2204921,house,3950.0,3.0,3.5,2000.0,0,0,0,0,12,30
457500,Calgary,Alberta,35 Everbrook Link Southwest,50.9198846,-114.1125314,house,2300.0,3.0,2.5,2041.0,0,0,0,0,12,30
523473,Calgary,Alberta,1101 -1111 6 Ave Sw,51.0479146,-114.086713,apartment,2250.0,2.0,1.0,700.0,0,0,1,1,12,30
439057,Calgary,Alberta,Sherwood,51.161224850653,-114.158309675463,house,2650.0,3.0,2.5,1900.0,2,0,0,0,12,30
498204,Calgary,Alberta,718 12 Ave SW,51.0421051,-114.0780607,apartment,2950.0,2.0,1.0,850.0,1,0,0,0,6,30
112271,Calgary,Alberta,Mission,51.03359002155,-114.069037469558,apartment,1750.0,1.0,1.0,450.0,0,0,0,0,12,30
74815,Calgary,Alberta,106 Auburncrest Lane SE,50.8864428,-113.9491664,duplex,2695.0,3.0,2.5,1400.0,0,0,0,0,12,30
137851,Calgary,Alberta,80 Lake Emerald Rd SE,50.947055,-114.044632,house,3500.0,3.0,3.0,2300.0,0,0,0,1,12,30
505368,Calgary,Alberta,126 Aspen Acres Manor Southwest,51.0504544,-114.2168831,house,4995.0,3.0,3.0,2550.0,0,0,0,1,12,30
516888,Calgary,Alberta,249 Walgrove Terrace Southeast,50.8634149,-114.016335,house,2450.0,3.0,2.5,2000.0,0,0,0,0,12,30
404346,Calgary,Alberta,Capitol Hill,51.07476,-114.0995094,basement,1800.0,1.0,2.0,725.0,0,0,0,0,12,30
335750,Calgary,Alberta,20 Seton Park Southeast,50.87892728846,-113.949058064527,apartment,2200.0,2.0,2.0,920.0,0,0,1,0,12,30
378753,Calgary,Alberta,81 Legacy Boulevard Southeast,50.8624017,-114.0220707,apartment,2150.0,2.0,2.0,935.0,0,0,0,0,12,30
103538,Calgary,Alberta,532 26 Ave ne,51.076000035374,-114.050008342853,basement,1349.0,2.0,1.0,950.0,0,0,0,0,12,30
484682,Calgary,Alberta,515 24 Avenue Northeast,51.074077,-114.051608,basement,725.0,1.0,1.0,600.0,0,0,0,0,12,30
526541,Calgary,Alberta,Dalhousie,51.1058219,-114.1533178,house,1750.0,2.0,1.0,1000.0,0,0,0,0,12,30
491789,Calgary,Alberta,327 9A Street Northwest,51.0550631,-114.084737,apartment,1800.0,1.0,1.0,651.0,0,0,1,1,12,30
502896,Calgary,Alberta,2371 Eversyde Ave SW,50.9073762,-114.1149377,apartment,1850.0,2.0,1.0,720.0,0,0,0,0,12,30
571167,Calgary,Alberta,Haysboro,51.0321264,-114.0911258,house,2600.0,2.0,2.0,1300.0,0,0,1,0,12,30
570991,Calgary,Alberta,99 Copperstone Park SE,50.9146675,-113.9187407,apartment,2000.0,2.0,2.0,790.0,0,0,1,0,12,30
492197,Calgary,Alberta,Redstone Park Northeast,51.170065,-113.9595279,house,2600.0,3.0,2.5,1541.0,0,0,0,0,12,30
570488,Calgary,Alberta,234 Scotia Point,51.1243756,-114.2143168,house,2950.0,4.0,2.5,1600.0,0,0,0,0,12,30
375854,Calgary,Alberta,Panorama Hills,51.171550221565,-114.087424542992,house,2600.0,3.0,2.5,1600.0,0,0,0,0,12,30
365349,Calgary,Alberta,615 6 Ave SE,51.0470923,-114.0500534,apartment,2700.0,2.0,2.0,800.0,1,0,1,1,12,30
477750,Calgary,Alberta,Mahogany,50.889244631597,-113.912161761377,basement,1600.0,2.0,1.0,630.0,0,0,0,0,12,30
555577,Calgary,Alberta,5417 5 Street Southwest,51.00533,-114.0766424,duplex,1950.0,2.0,1.0,1100.0,0,0,1,1,12,30
526823,Calgary,Alberta,88 Edith Gate NW,51.1841455,-114.1703913,house,2500.0,3.0,2.5,1624.0,0,0,0,0,12,30
571326,Calgary,Alberta,Panorama Hills,51.169492,-114.0709649,townhouse,2400.0,3.0,4.0,1500.0,0,0,0,1,12,30
571354,Calgary,Alberta,510 12 Avenue Southwest,51.041835,-114.0722421,apartment,3000.0,2.0,2.0,868.0,0,0,1,1,3,30
313247,Calgary,Alberta,518 33 St NW,51.0575953,-114.1345553,apartment,2975.0,2.0,2.0,860.0,1,0,0,0,12,30
306567,Calgary,Alberta,6712 Huntchester Road Northeast,51.1130598,-114.0580193,house,1950.0,2.0,1.0,1105.0,0,0,0,0,12,30
548426,Calgary,Alberta,233 Magnolia Way Southeast,50.8873906,-113.9083907,basement,1600.0,2.0,2.0,717.0,2,0,0,0,6,30
570800,Calgary,Alberta,327 9A Street Northwest,51.0550631,-114.084737,apartment,2850.0,2.0,2.0,879.0,0,0,1,1,12,30
497694,Calgary,Alberta,Thorncliffe,51.1066857,-114.0741548,house,2100.0,2.0,1.5,1525.0,0,0,0,0,12,30
354243,Calgary,Alberta,138 Riverfront Court SW,51.053041427845,-114.065547991016,apartment,2300.0,1.0,1.0,710.0,2,0,0,0,12,30
492303,Calgary,Alberta,338 Seton Circle SE,50.8689384,-113.9555064,townhouse,1650.0,1.0,1.0,528.0,0,0,0,0,12,30
532703,Calgary,Alberta,80 Galbraith Dr SW,51.01009259946,-114.143019057533,apartment,1950.0,2.0,1.0,852.0,0,0,1,1,12,30
526421,Calgary,Alberta,16 Evanscrest Park Northwest,51.1811521,-114.1065644,townhouse,2350.0,3.0,2.5,1300.0,0,0,0,0,6,30
533375,Calgary,Alberta,220 12th Ave SE,51.043195802558,-114.059856277246,apartment,2490.0,2.0,2.0,950.0,0,0,0,0,12,30
570167,Calgary,Alberta,113 Hamptons Link Northwest,51.1446271,-114.1418459,townhouse,2680.0,3.0,2.5,1611.0,0,0,1,0,12,30
400102,Calgary,Alberta,4641 128 Ave NE,51.1651584,-113.9567176,apartment,2000.0,2.0,1.0,681.0,0,0,0,0,12,30
501552,Calgary,Alberta,17 Everwillow Boulevard Southwest,50.9137394,-114.1013079,house,3000.0,3.0,2.5,1900.0,0,0,1,1,12,30
508262,Calgary,Alberta,12 Edgedale Way NW,51.118631,-114.1591382,house,2300.0,3.0,1.0,990.0,0,0,1,0,12,30
562439,Calgary,Alberta,136 Corner Meadows Way Northeast,51.14262602853,-113.939245314844,duplex,3000.0,3.0,2.5,1450.0,1,0,0,0,6,30
146314,Calgary,Alberta,5408 Thornbriar Rd NW,51.098996,-114.064292,house,2195.0,3.0,2.0,1900.0,0,0,0,0,12,30
515841,Calgary,Alberta,2515 1 Avenue Northwest,51.0530169,-114.1187725,apartment,2100.0,2.0,2.0,1100.0,0,0,0,0,12,30
339851,Calgary,Alberta,108 Sherwood Common Northwest,51.1585515,-114.1505465,house,2700.0,4.0,2.5,2346.0,0,0,0,1,12,30
6140,Calgary,Alberta,1410 1 St SE,51.038948,-114.060912,apartment,1995.0,1.0,1.0,729.0,2,0,0,0,12,30
453956,Calgary,Alberta,310 12th Ave SW,51.0416453,-114.0690963,apartment,2900.0,2.0,2.0,938.0,0,0,0,0,12,30
532227,Calgary,Alberta,7110 80 Avenue NE,51.125569713742,-113.93404078973,apartment,2000.0,2.0,2.0,812.0,0,0,0,0,12,30
568201,Calgary,Alberta,Parkland,50.9296395,-114.038866,apartment,700.0,1.0,1.0,170.0,0,0,0,0,6,30
481611,Calgary,Alberta,3500 Varsity Drive Northwest,51.08853,-114.13804,townhouse,2100.0,2.0,1.0,1080.0,0,0,0,0,6,30
498553,Calgary,Alberta,Bowness,51.0822081,-114.1753557,apartment,700.0,2.0,1.0,950.0,1,0,0,0,6,30
68768,Calgary,Alberta,4116  60 Panatella Street NW,51.1651245,-114.0909585,apartment,2200.0,2.0,2.0,900.0,0,0,0,0,12,30
525404,Calgary,Alberta,16 Evanscrest Park Northwest,51.1811521,-114.1065644,townhouse,2400.0,2.0,2.5,1110.0,0,0,1,1,12,30
112798,Calgary,Alberta,148 Rockyledge View NW,51.1423036,-114.2497947,apartment,1900.0,1.0,1.0,758.0,0,0,0,0,12,30
527642,Calgary,Alberta,Sage Hill,51.1821675,-114.1587719,apartment,1900.0,1.0,1.0,564.0,0,0,1,1,12,30
364583,Calgary,Alberta,524 Aboyne Crescent NE,51.061662,-113.933281,duplex,2400.0,3.0,1.5,1100.0,0,0,0,0,12,30
377056,Calgary,Alberta,"19621 40 Street SE, Calgary, AB  T3M 3B2",50.876298541143,-113.9511486,apartment,1800.0,1.0,1.0,635.0,1,0,0,0,6,30
571142,Calgary,Alberta,Mayland Heights,51.064774024553,-114.013093617969,duplex,2000.0,2.0,1.0,1000.0,0,0,0,0,12,30
530195,Calgary,Alberta,6703 Huntchester Road Northeast,51.1127013,-114.0576943,house,2250.0,3.0,1.0,1100.0,0,0,0,0,12,30
481665,Calgary,Alberta,211 Aspen Stone Blvd SW,51.0389061,-114.216173,apartment,1950.0,1.0,1.0,656.0,0,0,0,0,12,30
571195,Calgary,Alberta,123 Coach Light Bay Southwest,51.05578,-114.1782032,house,7000.0,7.0,5.0,4200.0,0,0,1,1,6,30
527698,Calgary,Alberta,836 15th Ave SW,51.0393317,-114.0812304,apartment,3000.0,2.0,2.0,880.09,1,0,0,0,12,30
308208,Calgary,Alberta,94 Everhollow Rise Southwest,50.9180255,-114.1202739,house,3750.0,4.0,3.5,3000.0,0,0,1,1,12,30
569532,Calgary,Alberta,500 Auburn Meadows Common Southeast,50.8936375,-113.9441874,apartment,2100.0,2.0,2.0,656.0,0,0,0,0,12,30
570842,Calgary,Alberta,19621 40 Street Southeast,50.8764866,-113.9517448,apartment,1900.0,1.0,1.0,578.0,1,0,0,0,12,30
107936,Calgary,Alberta,Hamptons,51.1442597,-114.1550579,house,3400.0,4.0,3.5,2130.0,0,0,1,1,12,30
73797,Calgary,Alberta,"#1305, 3500 varsity drive NW",51.08848,-114.13701,townhouse,1900.0,2.0,1.0,1100.0,0,0,0,0,12,30
571062,Calgary,Alberta,Evanston,51.1813014,-114.1190223,house,2450.0,3.0,2.5,1816.0,0,0,0,0,12,30
348784,Calgary,Alberta,10531 Cityscape Dr NE,51.1479401,-113.9660536,apartment,750.0,4.0,3.5,1470.0,1,0,0,0,12,30
550296,Calgary,Alberta,Bankview,51.0361472,-114.1012581,apartment,1600.0,1.0,1.0,580.0,0,0,1,0,12,30
82450,Calgary,Alberta,30 Falwood Crescent NE,51.0979455,-113.9458436,basement,1300.0,2.0,1.0,850.0,0,0,0,0,6,30
525247,Calgary,Alberta,61 Edith Gate Northwest,51.1844241,-114.1706627,duplex,2450.0,3.0,2.5,1576.0,0,0,1,1,12,30
51809,Calgary,Alberta,3500 Varsity Dr NW,51.0897638,-114.1382813,apartment,1890.0,2.0,1.0,877.0,0,0,0,0,12,30
455470,Calgary,Alberta,8880 Horton Road Southwest,50.9744576,-114.0746233,apartment,1750.0,0.0,1.0,543.0,0,0,1,1,12,30
97205,Calgary,Alberta,5 Auburn Bay Link SE,50.884361,-113.9559409,townhouse,2200.0,2.0,2.5,1425.0,0,0,0,0,12,30
522215,Calgary,Alberta,73 Royal Birkdale Drive Northwest,51.147209,-114.2247068,house,3000.0,3.0,2.5,2005.0,1,0,0,0,12,30
548192,Calgary,Alberta,4 Sage Hill Terrace NW,51.1701866,-114.13396,apartment,2200.0,2.0,2.0,800.0,0,0,1,1,6,30
463167,Calgary,Alberta,100 Auburn Meadows Common SE,50.893431914023,-113.944812424329,apartment,2450.0,2.0,2.0,980.0,0,0,0,0,12,30
533989,Calgary,Alberta,351 Cranbrook Square Southeast,50.8648538,-113.9754883,townhouse,2300.0,2.0,2.5,1143.0,0,0,0,0,12,30
103446,Calgary,Alberta,Cranston,50.8859513,-113.9710219,apartment,860.0,1.0,3.5,1400.0,1,0,0,0,6,30
42549,Calgary,Alberta,339 13 Ave SW,51.040413432091,-114.070363277246,apartment,1700.0,1.0,1.0,600.0,0,0,0,0,12,30
570585,Calgary,Alberta,Dover,51.0235912,-113.9942601,house,3400.0,4.0,2.5,2200.0,1,0,0,0,12,30
49026,Calgary,Alberta,Huntington Hills,51.1116563,-114.061896,house,2200.0,3.0,1.0,1200.0,0,0,0,0,12,30
332690,Calgary,Alberta,2333 16 St SE,51.0322767,-114.0225183,basement,1350.0,1.0,1.0,800.0,0,0,1,1,12,30
38685,Calgary,Alberta,Suite 218 118 8 Street NE,51.05309909054,-114.041938387558,apartment,1875.0,1.0,1.0,900.0,0,0,0,0,12,30
551622,Calgary,Alberta,Auburn Crest Green SE,50.886288,-113.9455934,basement,950.0,0.0,1.0,700.0,2,0,0,0,12,30
117783,Calgary,Alberta,"321, 10 Discovery Ridge Close SW",51.012598000962,-114.213897523804,apartment,2700.0,2.0,2.0,1100.0,0,0,0,0,12,30
570278,Calgary,Alberta,43 Kincora Crescent Northwest,51.1654262,-114.144908,house,2850.0,3.0,2.5,1460.0,1,0,1,1,12,30
137093,Calgary,Alberta,Taralake  Way NE,51.1230627,-113.9259596,townhouse,2400.0,3.0,2.0,1237.0,0,0,0,0,12,30
548524,Calgary,Alberta,921 19 Avenue Southwest,51.035781,-114.0831671,apartment,1595.0,1.0,1.0,500.0,0,0,0,1,12,30
528616,Calgary,Alberta,8355 19 Avenue Southwest,51.0357032,-114.2091106,apartment,1850.0,1.0,1.0,555.0,0,0,0,0,12,30
535073,Calgary,Alberta,1011 12 Ave SW,51.0417961,-114.0850175,apartment,2500.0,2.0,1.0,970.0,2,0,1,1,12,30
520651,Calgary,Alberta,311 34 Avenue Northeast,51.0830385,-114.0549123,house,1900.0,3.0,1.0,1075.0,0,0,1,1,12,30
74891,Calgary,Alberta,1053 10st S.W,51.0435279,-114.0866406,apartment,2500.0,1.0,1.0,1000.0,1,0,0,0,12,30
467583,Calgary,Alberta,249 Hawkstone Drive Northwest,51.134940600028,-114.173267786281,house,2950.0,4.0,3.0,2156.0,0,0,0,0,12,30
569127,Calgary,Alberta,8530 8A Ave SW,51.0621663,-114.2085277,apartment,2100.0,1.0,1.0,763.0,2,0,0,0,12,30
148407,Calgary,Alberta,2308 Centre ST,51.0733926,-114.0625777,apartment,2100.0,2.0,2.0,801.0,0,0,1,1,12,30
519132,Calgary,Alberta,132 Red Embers Gate Northeast,51.1676383,-113.9577295,townhouse,2450.0,3.0,3.0,1431.0,0,0,0,0,6,30
57203,Calgary,Alberta,1813 - 25th Ave SW,51.0314273,-114.1034013,apartment,1700.0,2.0,1.0,725.0,0,0,0,0,12,30
334100,Calgary,Alberta,Beddington,51.1282482,-114.0888549,house,2000.0,2.0,1.5,1200.0,0,0,0,0,12,30
406174,Calgary,Alberta,Douglasdale,50.944181020346,-114.00141481272,apartment,780.0,1.0,1.0,450.0,1,0,0,0,6,30
569702,Calgary,Alberta,713 Carrington Boulevard,51.1787892,-114.0803567,townhouse,2499.0,3.0,2.5,1574.0,0,0,0,0,12,30
105472,Calgary,Alberta,"843 Arbour Lake Road, NW",51.1288813,-114.214561,house,2650.0,4.0,2.5,1600.0,0,0,0,0,6,30
568986,Calgary,Alberta,Rocky Ridge,51.1463791,-114.2518702,house,3600.0,4.0,3.5,2200.0,0,0,0,0,12,30
475729,Calgary,Alberta,394 Douglas Ridge Circle SE,50.9353352,-113.9800782,house,2750.0,3.0,2.5,2000.0,0,0,0,0,12,30
496827,Calgary,Alberta,135 13 Avenue SW,51.040463,-114.065595,apartment,2300.0,2.0,2.0,875.0,0,0,1,1,12,30
548332,Calgary,Alberta,Mayland Heights,51.059811,-114.010271,basement,1800.0,2.0,1.0,900.0,0,0,0,0,6,30
376296,Calgary,Alberta,4350 Seton Drive SE,50.8768558,-113.9549403,apartment,2195.0,2.0,2.0,914.0,0,0,0,0,12,30
570383,Calgary,Alberta,1931 31 Street Southwest,51.0367079,-114.1330446,house,1850.0,3.0,1.0,1000.0,0,0,0,0,12,30
570722,Calgary,Alberta,127 Coachwood Crescent Southwest,51.0557288,-114.1804402,house,3950.0,5.0,3.5,1800.0,0,0,0,0,12,30
452426,Calgary,Alberta,Millrise,50.9180674,-114.0724968,basement,1399.0,2.0,1.0,800.0,1,0,0,0,6,30
552454,Calgary,Alberta,University District,51.0787864,-114.150393,apartment,2400.0,2.0,1.0,681.0,1,0,0,0,6,30
128502,Calgary,Alberta,817 15th Ave SW,51.0387874,-114.0801787,apartment,2080.0,1.0,1.0,730.0,0,0,0,0,6,30
125174,Calgary,Alberta,881 Sage Valley Blvd NW,51.174762828284,-114.154273926953,townhouse,2300.0,2.0,1.5,1160.0,0,0,0,0,12,30
570714,Calgary,Alberta,Quarry Park,50.9608214,-114.0187662,apartment,1995.0,1.0,1.0,760.0,0,0,0,0,12,30
470017,Calgary,Alberta,"1809 17 St SW, Calgary, AB, Canada",51.0374002,-114.1020563,apartment,1525.0,1.0,1.0,669.0,0,0,1,1,12,30
439370,Calgary,Alberta,2452 22A Street Northwest,51.0740032,-114.1141289,house,2400.0,2.0,1.0,925.0,1,0,0,0,12,30
499615,Calgary,Alberta,24 Auburn Meadows Gardens SE,50.8985366,-113.9458383,house,2800.0,4.0,3.5,2200.0,0,0,0,1,12,30
116141,Calgary,Alberta,Bowness,51.08648,-114.18464,townhouse,1848.0,2.0,1.0,1080.0,0,0,1,1,12,30
569985,Calgary,Alberta,40 Templeson Crescent Northeast,51.0885112,-113.9383329,house,1800.0,3.0,1.5,1200.0,0,0,0,0,12,30
532796,Calgary,Alberta,730 22 Avenue Northwest,51.0725393,-114.0781984,basement,1900.0,2.0,1.0,850.0,0,0,0,0,12,30
83204,Calgary,Alberta,"7210 80th Ave NE, Calgary AB",51.125613363581,-113.930411338806,apartment,1950.0,2.0,2.0,812.0,0,0,0,0,12,30
533462,Calgary,Alberta,Panorama Hills,51.1699761,-114.093397,house,2600.0,3.0,2.5,1414.0,0,0,1,1,12,30
353798,Calgary,Alberta,615 6 Ave SE,51.0470923,-114.0500534,apartment,2500.0,2.0,2.0,786260.0,0,0,0,0,12,30
525222,Calgary,Alberta,31 Sage Meadows Cir NW,51.1737608,-114.1326,apartment,2850.0,3.0,2.5,1651.0,0,0,0,1,12,30
570165,Calgary,Alberta,3727 Sage Hill Drive NW,51.171837,-114.1399356,apartment,2200.0,2.0,2.0,848.0,0,0,0,0,12,30
526354,Calgary,Alberta,200 Shawnessy Drive Southwest,50.9084509,-114.0799822,townhouse,2100.0,2.0,1.5,1230.0,0,0,1,1,12,30
147924,Calgary,Alberta,2011 Urquhart Rd NW,51.0704545,-114.1283086,basement,1600.0,2.0,1.0,950.0,0,0,0,0,12,30
500208,Calgary,Alberta,75 Woodglen Grove Southwest,50.944505,-114.1235119,house,2750.0,3.0,2.5,1800.0,0,0,1,1,12,30
324980,Calgary,Alberta,1025 5 Avenue Southwest,51.0487707,-114.0846929,apartment,2380.0,1.0,1.0,677.0,0,0,1,0,12,30
569537,Calgary,Alberta,Thorncliffe,51.1077948,-114.0725791,house,2600.0,5.0,2.0,1100.0,2,0,0,0,12,30
77329,Calgary,Alberta,2419 Centre Street Northwest,51.0740002,-114.0628254,apartment,2500.0,2.0,2.0,1150.0,0,0,1,1,12,30
306613,Calgary,Alberta,11138 Sacramento Drive Southwest,50.9530962,-114.0812646,basement,1350.0,2.0,1.0,980.0,0,0,1,1,12,30
536239,Calgary,Alberta,Chaparral,50.8860771,-114.0226621,apartment,2300.0,2.0,2.0,908.0,0,0,0,0,6,30
570439,Calgary,Alberta,52 Yorkville Avenue Southwest,50.874972,-114.0724732,townhouse,2500.0,3.0,2.5,1329.0,0,0,0,0,12,30
511484,Calgary,Alberta,1213 13 Ave SW,51.0409725,-114.0899727,apartment,2275.0,2.0,1.0,862.0,0,0,1,1,12,30
570432,Calgary,Alberta,464 Silverado Plains Circle Southwest,50.878049,-114.0800355,house,2850.0,3.0,2.5,1749.0,0,0,1,1,12,30
570348,Calgary,Alberta,56 Copperstone Landing Southeast,50.9148709,-113.9236345,house,3200.0,4.0,2.5,2568.0,0,0,0,1,12,30
524803,Calgary,Alberta,8 Prestwick Pond Terrace SE,50.9182668,-113.9705413,apartment,1875.0,2.0,1.0,745.0,0,0,1,1,12,30
527241,Calgary,Alberta,140 Aberfoyle Close Northeast,51.0600722,-113.9237002,house,2250.0,3.0,1.0,964.0,0,0,0,0,12,30
566442,Calgary,Alberta,6212 84 Street Northwest,51.1084374,-114.2102308,house,3000.0,3.0,2.0,2200.0,0,0,1,1,12,30
494062,Calgary,Alberta,5844 Dalgleish Road Northwest,51.106382,-114.152674,house,2300.0,3.0,1.0,1793.0,1,0,1,1,12,30
557144,Calgary,Alberta,19 Avenue NW,51.0696445,-114.0848918,apartment,1180.0,4.0,3.5,1900.0,1,0,0,0,6,30
345839,Calgary,Alberta,1122 3 St SE,51.0418015,-114.0555208,apartment,2100.0,1.0,1.0,550.0,2,0,1,1,12,30
570328,Calgary,Alberta,Herron Walk NE,51.1900394,-114.0525025,basement,1300.0,1.0,1.0,600.0,0,0,1,0,12,30
490362,Calgary,Alberta,166 Arbour Crest Circle Northwest,51.1350018,-114.2073825,house,2400.0,4.0,3.5,1291.0,0,0,0,0,12,30
330559,Calgary,Alberta,1444 44 Street Southwest,51.0400049,-114.1509135,house,2200.0,3.0,1.0,1300.0,0,0,1,0,12,30
337577,Calgary,Alberta,Cedarbrae,50.956257671232,-114.135220724854,apartment,750.0,4.0,2.0,2000.0,2,0,0,0,6,30
489537,Calgary,Alberta,298 Sage Meadows Park Northwest,51.1785847,-114.1324691,apartment,1650.0,1.0,1.0,518.0,0,0,0,0,12,30
144055,Calgary,Alberta,Dalhousie,51.111750992055,-114.172398582153,house,3495.0,5.0,2.5,2500.0,2,0,1,1,12,30
535825,Calgary,Alberta,Huntington Hills,51.1175652,-114.0556522,basement,1650.0,1.0,1.0,1000.0,2,0,1,1,12,30
570312,Calgary,Alberta,Rochester View NW,51.10931730712,-114.266705177493,house,2895.0,3.0,2.5,1857.0,0,0,1,1,12,30
512739,Calgary,Alberta,360 Harvest Hills Way Northeast,51.150813461391,-114.037736804199,apartment,2100.0,2.0,2.0,925.0,0,0,0,0,12,30
536765,Calgary,Alberta,261 Creekstone Path Southwest,50.860561,-114.0631261,basement,1700.0,2.0,1.0,723.0,0,0,0,0,12,30
570304,Calgary,Alberta,Huntington Hills,51.1175652,-114.0556522,house,2450.0,3.0,1.0,1050.0,0,0,1,1,12,30
569169,Calgary,Alberta,394 Douglas Ridge Circle Southeast,50.9353352,-113.9800782,basement,1450.0,2.0,1.0,810.0,0,0,0,0,12,30
80592,Calgary,Alberta,1603 26th Avenue SW,51.0303017,-114.0973338,apartment,2100.0,2.0,1.0,720.0,0,0,1,1,12,30
460182,Calgary,Alberta,211 13 Ave SE,51.0401551,-114.0601539,apartment,2500.0,2.0,2.0,823.0,0,0,1,0,12,30
109825,Calgary,Alberta,2410 8th Street SE,51.0324114,-114.0412603,house,1695.0,2.0,1.0,1000.0,0,0,0,0,12,30
447190,Calgary,Alberta,279 Copperpond Common SE,50.9261506,-113.932509,apartment,2100.0,2.0,2.0,817.0,0,0,1,1,12,30
567918,Calgary,Alberta,328 Auburn Bay Boulevard Southeast,50.8878512,-113.9655279,house,2995.0,3.0,3.0,2360.0,0,0,1,0,12,30
525505,Calgary,Alberta,"1611 21 Ave Nw Calgary, Canada AB",51.0712433,-114.0979991,duplex,3300.0,4.0,3.0,2200.0,0,0,0,0,12,30
527379,Calgary,Alberta,46 9 Street NE,51.0504134,-114.0399974,apartment,2200.0,1.0,1.0,650.0,0,0,1,1,12,30
123687,Calgary,Alberta,220 Edenwold DR,51.120437350782,-114.139525507935,apartment,925.0,1.0,1.0,2000.0,1,0,0,0,6,30
419857,Calgary,Alberta,1120 Maggie Street  SE,51.0392142,-114.0422714,house,2350.0,3.0,1.0,1080.0,0,0,0,0,12,30
143395,Calgary,Alberta,Parkdale,51.060756628788,-114.137817459525,basement,1800.0,2.0,1.0,1000.0,0,0,0,0,12,30
316447,Calgary,Alberta,Copperfield,50.913656,-113.9399924,house,2600.0,3.0,2.0,1000.0,0,0,0,0,12,30
446949,Calgary,Alberta,2211 29 St SW,51.03452133755,-114.129871469312,apartment,2600.0,2.0,2.0,1195.0,0,0,1,1,12,30
474514,Calgary,Alberta,500 Rocky Vista Gardens NW,51.1396165,-114.2428327,apartment,1800.0,1.0,1.0,750.0,1,0,0,0,12,30
567436,Calgary,Alberta,280 Legacy Circle Southeast,50.85465,-114.01261,duplex,2700.0,3.0,2.5,1257.0,0,0,0,0,12,30
84501,Calgary,Alberta,Varsity,51.0947556,-114.1532229,basement,1650.0,2.0,1.0,1050.0,0,0,0,0,6,30
567461,Calgary,Alberta,272 Legacy Circle Southeast,50.8546476,-114.0130182,duplex,2750.0,3.0,2.5,1291.0,0,0,0,0,12,30
46301,Calgary,Alberta,New Brighton,50.9147371,-113.9482737,house,2500.0,2.0,2.5,1452.0,0,0,0,0,6,30
58396,Calgary,Alberta,"232, 46 Glamis Green SW",51.01147,-114.15298,townhouse,2200.0,2.0,1.5,1200.0,0,0,0,0,12,30
505067,Calgary,Alberta,1485 148 Avenue Northwest,51.18719,-114.09414,townhouse,2500.0,3.0,2.5,1400.0,0,0,0,0,12,30
569636,Calgary,Alberta,Strathcona Park,51.0510547,-114.1756138,house,3000.0,3.0,1.5,1272.0,0,0,0,1,12,30
569836,Calgary,Alberta,Kincora,51.1654259,-114.1348581,house,3150.0,3.0,3.0,2200.0,0,0,1,1,12,30
569753,Calgary,Alberta,Auburn Bay,50.8853051,-113.9511941,townhouse,2500.0,2.0,2.5,1320.0,1,0,0,0,12,30
564955,Calgary,Alberta,1119 7 Street Southwest,51.0420201,-114.0793402,duplex,2625.0,2.0,1.0,975.0,0,0,0,0,6,30
569572,Calgary,Alberta,2518 Fish Creek Boulevard,50.9218964,-114.1188905,apartment,2000.0,2.0,1.0,800.0,0,0,1,0,12,30
569506,Calgary,Alberta,Evanston,51.1658325,-114.1222999,house,3200.0,3.0,3.5,1700.0,0,0,1,1,12,30
567090,Calgary,Alberta,2602 14A Street Southwest,51.031577670523,-114.095933780426,apartment,2395.0,2.0,1.0,900.0,1,0,0,0,6,30
569411,Calgary,Alberta,1110 11 Street SW,51.0423912,-114.0886697,apartment,2800.0,2.0,2.0,914.0,0,0,0,0,12,30
569302,Calgary,Alberta,36 Ventura Road Northeast,51.0720088,-114.010673,apartment,700.0,1.0,1.0,700.0,1,0,0,0,12,30
552781,Calgary,Alberta,Lucas Blvd NW,51.1858684,-114.075799,basement,1600.0,1.0,1.0,800.0,1,0,0,0,12,30
529117,Calgary,Alberta,6036 4 Street Northeast,51.1051626,-114.0558915,basement,1800.0,2.0,1.0,960.0,0,0,1,0,12,30
126230,Calgary,Alberta,Ogden,50.9868,-114.01147,house,1995.0,2.0,1.0,1163.0,0,0,1,1,12,30
449194,Calgary,Alberta,36 Everridge Gardens Southwest,50.9096217,-114.1220597,townhouse,2300.0,3.0,2.5,1233.0,0,0,0,0,12,30
440856,Calgary,Alberta,1540 29 St NW,51.06574,-114.12963,apartment,1900.0,2.0,1.0,950.0,0,0,0,0,6,30
547535,Calgary,Alberta,149 Springbank Place Southwest,51.0182139,-114.2019912,house,3800.0,5.0,4.0,1961.0,1,0,0,0,6,30
568191,Calgary,Alberta,Highland Park,51.0875139,-114.0663891,house,2150.0,2.0,1.0,750.0,0,0,0,0,12,30
542896,Calgary,Alberta,Mahogany,50.892618,-113.9072704,basement,1600.0,2.0,1.0,750.0,0,0,1,1,12,30
485372,Calgary,Alberta,59 West Coach Manor Southwest,51.0653753,-114.215547,townhouse,2250.0,2.0,2.0,840.0,0,0,0,1,12,30
306855,Calgary,Alberta,Kingsland,50.989656968656,-114.074925283051,apartment,875.0,4.0,1.5,1564.0,1,0,0,0,6,30
408913,Calgary,Alberta,1424 8 Avenue SE,51.040342,-114.02824,basement,2000.0,2.0,1.0,1000.0,0,0,1,1,12,30
133593,Calgary,Alberta,Saddle Ridge,51.12943,-113.9468,apartment,2000.0,2.0,2.0,822.0,0,0,0,0,12,30
545384,Calgary,Alberta,516 Whitehill Place Northeast,51.098083015273,-113.963879217688,house,2450.0,3.0,1.0,1000.0,0,2,1,1,12,30
136233,Calgary,Alberta,63 Inglewood Park SE,51.0387396,-114.016594,apartment,2500.0,1.0,2.0,1000.0,0,0,0,0,12,30
569053,Calgary,Alberta,203 1728 35 Ave Sw,51.0227454,-114.1024247,apartment,2600.0,2.0,2.0,1325.0,0,0,0,0,12,30
99276,Calgary,Alberta,"Sherwood, Calgary AB T3R 0G5",51.160932547608,-114.157815637518,house,2990.0,3.0,2.5,2200.0,0,0,0,0,12,30
494064,Calgary,Alberta,8445 Broadcast Avenue Southwest,51.0645726,-114.2088317,apartment,2150.0,2.0,2.0,635.0,0,0,0,0,12,30
381336,Calgary,Alberta,108 2nd Street SW,51.0524124,-114.0650561,apartment,2100.0,1.0,1.0,603.0,0,0,0,0,12,30
568779,Calgary,Alberta,"508 ,901 10 Avenue SW C",51.0434343,-114.0825137,apartment,2500.0,2.0,2.0,797.0,0,0,0,0,12,30
569022,Calgary,Alberta,Cranston,50.8704718,-113.9819395,house,4500.0,4.0,4.5,2500.0,0,0,0,0,12,30
528207,Calgary,Alberta,1201 11811 Lake Fraser Drive SE,50.9475262,-114.0687868,apartment,1800.0,1.0,1.0,502.0,0,0,1,0,12,30
21446,Calgary,Alberta,Silverado,50.8817882,-114.074446,house,2400.0,3.0,2.5,1450.0,0,0,0,0,12,30
109855,Calgary,Alberta,215 13 Ave SW,51.0403067,-114.0661983,apartment,2000.0,1.0,1.0,650.0,0,0,0,0,12,30
566769,Calgary,Alberta,1105 1 Street Northeast,51.0617459,-114.0603296,apartment,1500.0,1.0,1.0,500.0,0,0,1,0,12,30
568416,Calgary,Alberta,609 Mahogany Road Southeast,50.8946277,-113.9329041,townhouse,2950.0,2.0,2.0,1490.0,0,0,0,0,12,30
111670,Calgary,Alberta,11 Millrise Drive SW,50.9162321,-114.0726418,apartment,2300.0,2.0,2.0,950.0,0,0,1,0,6,30
535794,Calgary,Alberta,Rangeview,50.8713346,-113.9272197,basement,1350.0,1.0,1.0,508.0,0,0,0,0,12,30
546542,Calgary,Alberta,1320 12 Avenue Southwest,51.0424915,-114.0927525,apartment,2000.0,2.0,1.0,876.13,0,0,1,0,12,30
521774,Calgary,Alberta,97 Auburn Crest Lane Southeast,50.8858101,-113.9482418,duplex,2250.0,2.0,2.5,1121.0,0,0,1,1,6,30
505210,Calgary,Alberta,2404B 42 Street Southeast,51.0156767,-114.0193177,basement,1500.0,2.0,1.0,1050.0,0,0,1,1,12,30
101149,Calgary,Alberta,"3820 Brentwood Rd NW, Calgary, AB, Canada",51.086565,-114.128886,apartment,2600.0,2.0,2.0,718.0,0,0,1,0,12,30
5492,Calgary,Alberta,5605 Henwood Street,51.002971,-114.1288679,apartment,2250.0,2.0,2.0,935.0,0,0,0,0,12,30
568541,Calgary,Alberta,Hidden Valley,51.1484674,-114.1061133,house,3500.0,4.0,3.0,3000.0,0,0,0,0,12,30
568436,Calgary,Alberta,7180 80 Avenue NE,51.1254977,-113.9327931,apartment,2000.0,2.0,2.0,968.0,0,0,0,1,12,30
492214,Calgary,Alberta,8004 Huntington Road Northeast,51.1231182,-114.0589824,house,2100.0,3.0,1.5,1008.0,0,0,1,1,12,30
149182,Calgary,Alberta,510 6th Ave SE,51.0472686,-114.0522484,apartment,2875.0,2.0,2.0,1000.0,0,0,1,1,6,30
541659,Calgary,Alberta,3519 49 St NW,51.084601139,-114.161167145,apartment,2250.0,2.0,1.0,896.0,0,0,1,1,12,30
133761,Calgary,Alberta,Mission,51.03320206823,-114.070947202377,apartment,1990.0,1.0,1.0,760.0,1,0,0,0,12,30
547487,Calgary,Alberta,5 Eversyde Street Southwest,50.912659977125,-114.109064276652,house,2850.0,3.0,2.5,1700.0,0,0,1,1,12,30
102441,Calgary,Alberta,1110 3 Ave NW,51.0556018,-114.0866768,apartment,2950.0,2.0,2.0,950.0,0,0,0,1,6,30
520028,Calgary,Alberta,1330 15th Avenue Southwest,51.0396774,-114.0935223,apartment,1850.0,1.0,1.0,630.0,0,0,0,0,12,30
541928,Calgary,Alberta,Whitehaven Rd NE,51.0947216,-113.9754988,house,2500.0,3.0,2.5,1835.0,0,0,1,0,12,30
337929,Calgary,Alberta,3820 Brentwood Road NW,51.086565,-114.128886,apartment,1750.0,0.0,1.0,350.0,1,0,0,0,12,30
567989,Calgary,Alberta,Walden,50.874188100297,-114.035640367737,basement,1450.0,1.0,1.0,750.0,0,0,0,0,12,30
542289,Calgary,Alberta,200 Seton Circle Southeast,50.8705687,-113.9568465,apartment,1850.0,2.0,1.0,600.0,0,0,0,0,12,30
567836,Calgary,Alberta,Evanston,51.1819219,-114.1003132,townhouse,1900.0,2.0,1.0,740.0,0,0,0,0,12,30
483836,Calgary,Alberta,1132 Cornerstone Street Northeast,51.1636571,-113.9421016,house,3250.0,5.0,4.0,1800.0,0,0,0,0,12,30
473084,Calgary,Alberta,205 Creekside Drive Southwest,50.8598805,-114.0780097,basement,1300.0,1.0,1.0,700.0,0,0,1,1,12,30
336768,Calgary,Alberta,330 Canterbury Drive Southwest,50.948829502292,-114.082578379623,apartment,960.0,1.0,1.5,1400.0,1,0,1,1,6,30
292216,Calgary,Alberta,27 Crammond Close S.E.,50.894581,-113.981162,house,2500.0,3.0,1.5,1350.0,0,0,0,0,12,30
47541,Calgary,Alberta,3010 23rd Ave. SW,51.0332502,-114.129927,apartment,1800.0,2.0,1.0,900.0,0,0,0,0,12,30
114550,Calgary,Alberta,27 Meadowview Rd SW,50.9998829,-114.078071,house,3999.0,4.0,3.0,1100.0,0,0,0,0,6,30
117869,Calgary,Alberta,3010 23rd Avenue SW,51.0333638,-114.1299337,apartment,1490.0,1.0,1.0,600.0,0,0,0,0,12,30
412927,Calgary,Alberta,300 Harvest Hills Place NE,51.1537679,-114.0444672,apartment,2100.0,2.0,1.0,634.0,0,0,0,0,12,30
441584,Calgary,Alberta,2137 16 Street Southwest,51.0351735,-114.0991837,apartment,2000.0,2.0,1.0,793.0,0,0,1,1,12,30
544353,Calgary,Alberta,Dalhousie,51.1125817,-114.1653881,house,3600.0,4.0,2.5,2442.0,0,0,0,0,6,30
523999,Calgary,Alberta,615 6 Ave SE,51.0470923,-114.0500534,apartment,2000.0,1.0,1.0,575.0,1,0,1,1,12,30
138592,Calgary,Alberta,Riverbend,50.977581390609,-114.023257846558,house,2600.0,3.0,2.5,2200.0,0,0,0,0,12,30
501083,Calgary,Alberta,Bridgeland,51.0506807,-114.0429117,duplex,2950.0,2.0,2.5,1700.0,1,0,1,0,12,30
384905,Calgary,Alberta,11 Chaparral Ridge Dr SE,50.8854218,-114.0236531,apartment,2200.0,2.0,1.0,808.0,0,0,0,0,12,30
384582,Calgary,Alberta,333 2 Ave NE,51.05415,-114.055298,apartment,2600.0,2.0,2.0,1350.0,0,0,0,0,12,30
448114,Calgary,Alberta,30 Brentwood Common Northwest,51.087242,-114.1287898,apartment,2000.0,2.0,1.0,596.0,0,0,1,1,12,30
72819,Calgary,Alberta,"241081 range road 33, rockyview No. 44",51.030629,-114.3504658,house,4400.0,3.0,3.0,2300.0,0,0,1,1,12,30
148542,Calgary,Alberta,10 Brentwood Common NW,51.0870649,-114.128136,apartment,2800.0,2.0,2.0,820.0,0,0,0,0,12,30
313377,Calgary,Alberta,Lake Bonavista,50.9427023,-114.0306656,house,1900.0,3.0,1.5,1200.0,0,0,0,0,6,30
95598,Calgary,Alberta,# 202 8 PRESTWICK POND TC SE,50.9184058,-113.9718361,apartment,2150.0,2.0,2.0,948.0,0,0,1,1,12,31
513547,Calgary,Alberta,4944 Dalton Dr NW,51.10272307742,-114.1543803,duplex,2675.0,1.0,1.5,871.0,1,0,0,0,12,31
571578,Calgary,Alberta,14 Auburn Sound Green Southeast,50.8875712,-113.9651286,house,3800.0,5.0,3.5,2840.0,0,0,0,0,12,31
569365,Calgary,Alberta,4 Everridge Square Southwest,50.9086571,-114.1153918,townhouse,1750.0,1.0,1.0,869.78,0,0,1,1,12,31
570220,Calgary,Alberta,40 Everstone Drive Southwest,50.9085846,-114.1051827,house,2500.0,4.0,3.5,1500.0,0,0,1,1,6,31
482112,Calgary,Alberta,325 3 St SE,51.0494421,-114.0559496,apartment,2500.0,2.0,2.0,838.0,0,0,1,1,12,31
571197,Calgary,Alberta,688 Walgrove Boulevard Southeast,50.8670595,-114.0139714,basement,1500.0,1.0,1.0,662.0,0,0,0,0,12,32
523762,Calgary,Alberta,240 Everridge Way SW,50.9098612,-114.1166318,house,2689.0,3.0,2.5,1850.0,0,0,1,1,12,32
572383,Calgary,Alberta,Livingston,51.190594624886,-114.079822999953,basement,1400.0,1.0,1.0,800.0,1,0,0,0,12,32
568721,Calgary,Alberta,Chaparral,50.8793524,-114.0409278,house,2750.0,4.0,2.5,1905.0,0,0,1,0,12,32
135232,Calgary,Alberta,Walden,50.880718010091,-114.034589354492,townhouse,2200.0,2.0,2.5,1180.0,0,0,0,0,12,32
571200,Calgary,Alberta,688 Walgrove Boulevard Southeast,50.8670595,-114.0139714,house,2750.0,3.0,3.0,1874.0,0,0,0,0,12,32
566013,Calgary,Alberta,401 Mahogany Court Southeast,50.9006237,-113.9430854,basement,2399.0,2.0,1.0,750.0,1,0,0,0,3,32
571382,Calgary,Alberta,421 18 Street Northwest,51.0563358,-114.1032031,house,2850.0,3.0,2.5,1372.0,0,0,1,1,6,34
571392,Calgary,Alberta,421 18 Street Northwest,51.0563358,-114.1032031,basement,1750.0,2.0,1.0,969.0,0,0,1,1,6,34
569039,Calgary,Alberta,255 Magnolia Drive Southeast,50.8872122,-113.9103801,basement,1650.0,2.0,2.0,700.0,0,0,0,0,12,34
567674,Calgary,Alberta,255 Magnolia Drive Southeast,50.8872122,-113.9103801,house,2700.0,5.0,3.0,1850.0,0,0,0,0,12,34
572045,Calgary,Alberta,1108 6 Avenue Southwest,51.0484952,-114.0872698,apartment,2600.0,2.0,2.0,1100.0,0,0,0,0,6,34
482825,Calgary,Alberta,7000 Somervale Ct SW,50.89639,-114.072475,apartment,2085.0,2.0,2.0,900.0,0,0,1,1,12,38
569082,Calgary,Alberta,Bridlewood,50.8959679,-114.1045554,house,3300.0,3.0,2.0,2600.0,0,0,1,1,12,34
570821,Calgary,Alberta,55 Spruce Place SW,51.0431391,-114.1374006,apartment,2500.0,1.0,1.0,640.0,0,0,0,0,12,34
137076,Calgary,Alberta,5 Hartford Pl NW,51.09381,-114.075702,house,2350.0,3.0,2.0,1350.0,0,0,0,0,12,34
528666,Calgary,Alberta,414 Seton Passage Southeast,50.8772256,-113.940441,townhouse,2395.0,2.0,2.5,1078.0,0,0,1,1,12,34
570387,Calgary,Alberta,Arbour Grove Close NW,51.127354,-114.208028,apartment,2350.0,2.0,2.0,1058.0,2,0,0,0,6,35
523686,Calgary,Alberta,Ambleton,51.186289768072,-114.114360775146,duplex,2400.0,3.0,2.5,1450.0,0,0,0,0,12,36
23426,Calgary,Alberta,1333- 17th Ave NW,51.0676357,-114.0917008,apartment,1550.0,1.0,1.0,550.0,0,0,0,0,12,36
571190,Calgary,Alberta,1053 10 St SW,51.0435505,-114.0866958,apartment,2400.0,2.0,2.0,800.0,0,0,0,0,12,36
491841,Calgary,Alberta,340 Signature Court Southwest,51.036057,-114.176737,duplex,4050.0,3.0,2.5,2500.0,0,0,0,1,12,37
557152,Calgary,Alberta,7 Westpark Common Southwest,51.0599132,-114.208441,apartment,1000.0,2.0,2.5,1121.0,0,0,0,0,12,37
571898,Calgary,Alberta,707 - 550 Riverfront Avenue SE,51.0447331,-114.0718831,apartment,2600.0,1.0,1.5,665.0,0,0,0,0,12,38
22007,Calgary,Alberta,H 5320 Lakeview Dr. SW,51.006981,-114.139951,apartment,1729.0,2.0,1.0,970.0,0,0,1,1,12,38
572123,Calgary,Alberta,276 Lucas Avenue Northwest,51.18848,-114.076,basement,1450.0,1.0,1.0,698.0,0,0,0,0,12,39
572259,Calgary,Alberta,8604 48 Ave NW,51.0963351,-114.2114743,apartment,1750.0,2.0,1.0,1043.0,0,0,0,0,3,39
571829,Calgary,Alberta,Hawkwood,51.18536,-114.09107,apartment,1900.0,2.0,2.0,1162.0,0,0,0,0,12,39
454136,Calgary,Alberta,33 Millrise Lane Southwest,50.915782,-114.075494,townhouse,2400.0,2.0,2.5,1500.0,1,0,0,0,12,39
572418,Calgary,Alberta,153 Verity Manor Southwest,50.9188631,-114.1539091,house,2850.0,3.0,2.5,2025.0,0,0,1,1,12,40
572544,Calgary,Alberta,149 Verity Manor Southwest,50.9188631,-114.153989,basement,1580.0,1.0,1.0,550.0,0,0,1,1,12,40
91578,Calgary,Alberta,Brentwood,51.0947474,-114.128366,house,3200.0,3.0,2.5,1119.0,2,0,0,1,12,40
525704,Calgary,Alberta,Mckenzie Towne,50.9043961,-113.9631416,house,3150.0,3.0,2.5,1550.0,1,0,0,0,6,41
571393,Calgary,Alberta,915 44 Street SE,51.0443655,-113.9703856,apartment,1579.0,1.0,1.0,522.0,0,0,0,0,12,44
572606,Calgary,Alberta,23 Sherwood Square Northwest,51.1638752,-114.1462987,house,3050.0,4.0,4.0,3100.0,0,0,0,0,12,44
567592,Calgary,Alberta,Walden,50.865924,-114.0160987,basement,1750.0,1.0,1.0,700.0,1,0,0,0,12,44
572605,Calgary,Alberta,7311 37 Avenue Northwest,51.0863637,-114.1912836,house,2700.0,3.0,1.0,1100.0,0,0,0,0,12,44
572325,Calgary,Alberta,2502 11 Avenue SE,51.0430838,-114.0012394,apartment,2995.0,3.0,2.5,1730.0,0,0,0,0,12,44
528885,Calgary,Alberta,1188 3 St SE,51.0415203,-114.055738,apartment,2200.0,1.0,1.0,590.0,1,0,0,0,12,44
510806,Calgary,Alberta,Tuscany,51.132109,-114.235892,apartment,1900.0,2.0,1.0,900.0,0,0,0,0,12,44
572039,Calgary,Alberta,540 34 Street Northwest,51.0592029,-114.1359698,apartment,2650.0,2.0,2.0,973.0,1,0,1,1,12,44
497424,Calgary,Alberta,Signal Hill,51.0289495,-114.1864107,house,3400.0,4.0,2.5,2709.3,0,0,0,0,12,44
419023,Calgary,Alberta,1819 Broadview Rd NW,51.0499884,-114.1016668,townhouse,3950.0,4.0,2.5,1650.0,0,0,1,1,6,44
127951,Calgary,Alberta,10 Discovery Ridge CL SW,51.012981,-114.214171,apartment,2600.0,2.0,2.0,1100.0,0,0,0,0,12,44
571633,Calgary,Alberta,3516 Richmond Road Southwest,51.0236726,-114.1378985,apartment,1150.0,1.0,1.0,70.0,1,0,1,1,12,44
1018,Calgary,Alberta,Lake Bonavista,50.9408588,-114.0550349,house,3250.0,4.0,2.5,2300.0,2,0,0,0,6,44
525718,Calgary,Alberta,26 chapala road,50.879207,-114.0329006,house,3100.0,3.0,2.5,2300.0,0,0,0,1,12,44
29347,Calgary,Alberta,104-19A Hemlock Cres. SW,51.0522649,-114.143739,apartment,2099.0,2.0,1.0,945.0,0,0,1,1,12,30
505617,Calgary,Alberta,Citadel,51.1484375,-114.1787582,house,2700.0,3.0,2.5,2000.0,2,0,0,0,6,44
126942,Calgary,Alberta,502 58 Ave SW,51.0015146,-114.0738689,apartment,1300.0,1.0,1.0,668.0,0,0,0,0,12,44
103158,Calgary,Alberta,2020 11 Ave SW,51.0438554,-114.1076504,apartment,1800.0,1.0,1.0,850.0,1,0,0,0,12,44
489474,Calgary,Alberta,215 Legacy Boulevard SE,50.8596139,-114.0227176,apartment,1850.0,2.0,2.0,650.0,0,0,1,1,12,44
481798,Calgary,Alberta,Mahogany,50.8905699,-113.90741,house,2600.0,3.0,2.5,1800.0,0,0,1,1,12,44
390523,Calgary,Alberta,4250 Seton Drive SE,50.8769101,-113.9489791,apartment,1900.0,2.0,2.0,907.0,0,0,0,0,12,44
570301,Calgary,Alberta,225A Queensland Drive Southeast,50.953917861099,-114.020261371634,duplex,1750.0,2.0,1.0,1000.0,0,0,1,1,12,44
528706,Calgary,Alberta,117 Oaktree Lane Southwest,50.9642739,-114.1195735,townhouse,2200.0,2.0,1.5,1005.0,0,0,0,0,12,44
125370,Calgary,Alberta,410 617 56 ave sw,51.00260689484,-114.077727576721,apartment,1650.0,1.0,1.0,652.0,0,0,1,0,12,44
482191,Calgary,Alberta,Mckenzie Towne,50.9126654,-113.9558232,townhouse,2450.0,2.0,2.5,1137.0,0,0,0,0,12,44
572241,Calgary,Alberta,200 Seton Circle Southeast,50.8705009,-113.9568009,apartment,1800.0,1.0,1.0,543.0,0,0,0,0,12,44
8384,Calgary,Alberta,"914, 11010 Bonaventure Dr. S.E.",50.9543016,-114.0628956,townhouse,1795.0,2.0,1.0,900.0,0,0,0,0,12,44
105090,Calgary,Alberta,3820 Brentwood Road NW,51.0859456,-114.1286987,apartment,1750.0,1.0,1.0,460.0,1,0,0,0,12,44
394788,Calgary,Alberta,Sage Hill,51.178696798764,-114.133050867265,apartment,2050.0,2.0,2.0,884.0,0,0,0,0,12,44
450047,Calgary,Alberta,1833 21 Ave NW,51.071236,-114.104043,apartment,2000.0,2.0,1.0,950.0,0,0,0,0,12,44
571811,Calgary,Alberta,3820 Brentwood Road NW,51.086565,-114.128886,apartment,1500.0,1.0,1.0,664.0,1,1,0,0,12,44
22002,Calgary,Alberta,5334 Lakeview Dr. SW,51.0068952,-114.1383431,apartment,1759.0,2.0,1.5,950.0,0,0,1,1,12,44
96669,Calgary,Alberta,Lynnwood,50.987151208479,-114.019513794196,townhouse,2280.0,3.0,2.5,1119.46,0,0,0,0,12,44
571933,Calgary,Alberta,Livingston,51.1860482,-114.0675765,basement,1350.0,2.0,1.0,850.0,0,0,0,0,12,44
377368,Calgary,Alberta,3520 31 St. NW,51.0841687,-114.1287177,apartment,2089.0,2.0,1.0,657.0,0,0,1,1,12,44
571794,Calgary,Alberta,1110 11 Street SW,51.0424764,-114.0885027,apartment,2900.0,2.0,2.0,915.0,1,0,1,1,12,44
472422,Calgary,Alberta,626 14 Ave SW,51.0398704,-114.076018,apartment,3100.0,2.0,2.0,1055.0,0,0,1,1,12,44
571882,Calgary,Alberta,161 Arbour Lake Hill Northwest,51.130322,-114.2123073,basement,1400.0,1.0,1.0,550.0,0,0,0,0,12,44
524956,Calgary,Alberta,3820 Brentwood Road NW,51.086565,-114.128886,apartment,2500.0,2.0,1.0,600.0,1,0,0,0,12,44
463119,Calgary,Alberta,309 15th Ave SW,51.0385579,-114.0689521,apartment,1629.0,1.0,1.0,700.0,0,0,0,0,12,44
570270,Calgary,Alberta,Country Hills Village,51.1573069,-114.0538703,apartment,2200.0,2.0,2.0,1070.0,0,0,0,0,12,44
563474,Calgary,Alberta,830 McDougall Road NE,51.051014,-114.04359,apartment,3495.0,3.0,2.5,1300.0,1,0,0,0,6,44
84009,Calgary,Alberta,Somerset,50.894825631158,-114.069586776721,apartment,2100.0,2.0,2.0,940.0,0,0,0,0,12,44
29358,Calgary,Alberta,401 Patterson Hill SW,51.063151,-114.183744,apartment,1609.0,1.0,1.0,600.0,0,0,1,1,12,44
21997,Calgary,Alberta,10 Glenway Pl. SW,51.0201453,-114.1439234,apartment,1639.0,1.0,1.0,588.0,0,0,1,1,12,44
523833,Calgary,Alberta,Hidden Valley,51.1440378,-114.1021897,house,3400.0,4.0,3.0,1250.0,0,0,1,1,12,44
535551,Calgary,Alberta,175 Magnolia Way Southeast,50.8891139,-113.9085338,basement,2000.0,2.0,2.0,674.0,1,0,0,1,12,44
571122,Calgary,Alberta,104 Copperstone Circle Southeast,50.9165876,-113.9303559,house,2990.0,3.0,3.5,1400.0,0,0,1,1,12,44
150976,Calgary,Alberta,30 Auburn Bay St. SE,50.8844634,-113.9493004,apartment,1719.0,1.0,1.0,662.0,0,0,1,1,12,44
129023,Calgary,Alberta,128 15th Ave SW,51.0388816,-114.0650939,apartment,1850.0,2.0,1.0,800.0,0,0,0,1,12,44
568749,Calgary,Alberta,Oakridge,50.9705794,-114.119525,apartment,1950.0,2.0,1.0,1057.0,0,0,0,0,12,44
569814,Calgary,Alberta,140 Corner Meadows Way Northeast,51.1475983,-113.9346813,duplex,2400.0,3.0,2.5,1525.0,0,0,0,0,12,44
511133,Calgary,Alberta,45 Aspenmont Heights SW,51.0390569,-114.2145654,apartment,2400.0,2.0,2.0,925.0,0,0,0,0,12,44
570666,Calgary,Alberta,Tuscany,51.1195219,-114.2547105,house,3100.0,3.0,2.5,1650.0,0,0,0,0,12,44
519308,Calgary,Alberta,418 Crescent Road Northwest,51.0613689,-114.0705664,house,5000.0,3.0,2.0,2500.0,0,0,1,0,12,44
554375,Calgary,Alberta,106 6A Street Northeast,51.0527688,-114.0467183,house,1850.0,2.0,1.0,900.0,1,0,0,0,6,44
471892,Calgary,Alberta,4944 Dalton Drive NW,51.1024536,-114.1543803,apartment,2000.0,2.0,1.0,795.0,0,0,1,1,12,44
60541,Calgary,Alberta,1434 21 Ave NW,51.071518,-114.0941819,duplex,2395.0,2.0,1.0,945.0,0,0,0,0,12,44
570858,Calgary,Alberta,4996 Edgepark Drive Northwest,51.135929,-114.1567812,house,2950.0,4.0,2.5,1800.0,0,0,0,0,12,44
501198,Calgary,Alberta,1410 1 St SE,51.03924,-114.06089,apartment,2100.0,1.0,1.0,730.0,2,0,0,0,12,44
143363,Calgary,Alberta,1816 19 Ave NW,51.0698189,-114.1030144,house,2700.0,3.0,2.0,1003.0,0,0,1,1,12,44
540164,Calgary,Alberta,7915 Masters Boulevard Southeast,50.8950628,-113.9212086,house,3700.0,3.0,3.5,2510.0,0,0,1,1,12,44
563959,Calgary,Alberta,Savanna,51.1370229,-113.9669741,house,3250.0,4.0,3.5,2600.0,1,0,0,0,12,44
500477,Calgary,Alberta,Forest Heights,51.0398604,-113.9610452,house,2400.0,3.0,1.0,1150.0,1,0,0,0,12,44
529035,Calgary,Alberta,Douglas Glen Park Southeast,50.9545569,-114.0023345,townhouse,2800.0,3.0,2.5,1200.0,0,0,0,0,12,44
450051,Calgary,Alberta,2209 Westmount Road Northwest,51.0518728,-114.111145,apartment,2000.0,2.0,1.0,800.0,0,0,1,1,12,44
298730,Calgary,Alberta,920 5 Avenue Southwest,51.0491572,-114.0822146,apartment,1900.0,1.0,1.0,650.0,0,0,1,1,12,44
567840,Calgary,Alberta,64 Copperleaf Way Southeast,50.9112033,-113.9308321,house,2850.0,3.0,3.0,1727.0,0,0,0,0,12,44
510486,Calgary,Alberta,2849 42 Street Southwest,51.037682599903,-114.143447041665,duplex,3200.0,3.0,2.5,1868.0,0,0,0,0,12,44
561744,Calgary,Alberta,1320 1 Street Southeast,51.0398375,-114.0605454,apartment,2890.0,2.0,2.0,850.0,1,0,0,0,6,45
46657,Calgary,Alberta,Evergreen,50.91515,-114.10949,apartment,1715.0,2.0,1.0,810.0,0,0,0,0,12,45
457525,Calgary,Alberta,8531 8A Ave SW,51.0611917,-114.2092971,apartment,2400.0,2.0,2.0,855.0,0,0,1,1,12,45
572262,Calgary,Alberta,McKenzie Lake,50.9036434,-113.9892274,house,4000.0,3.0,3.5,2200.0,0,0,0,0,12,45
552903,Calgary,Alberta,222 Riverfront Avenue Southwest,51.0524639,-114.0667871,apartment,2150.0,1.0,1.0,580.0,1,0,0,0,6,45
570945,Calgary,Alberta,Edgemont,51.1150048,-114.1477436,townhouse,2880.0,3.0,2.5,2009.0,2,0,1,1,12,45
331736,Calgary,Alberta,1410 1 St SE,51.0387804,-114.0606736,apartment,2000.0,1.0,1.0,730.0,1,0,0,0,12,45
488729,Calgary,Alberta,78 Citadel Estates Manor Northwest,51.146473,-114.19054,apartment,2400.0,2.0,1.0,950.0,0,0,1,0,12,45
22834,Calgary,Alberta,Beltline,51.0411105,-114.0840527,townhouse,1850.0,1.0,1.0,850.0,0,0,0,0,12,46
351012,Calgary,Alberta,118 Waterfront Court SW,51.0530356,-114.0661001,apartment,3350.0,2.0,2.0,860.0,1,0,1,1,12,46
568447,Calgary,Alberta,550 Riverfront Ave SE,51.0473453,-114.0502366,apartment,3200.0,2.0,1.0,800.0,1,0,0,0,6,46
570551,Calgary,Alberta,8000 Wentworth Drive Southwest,51.0571892,-114.2095241,townhouse,2350.0,2.0,2.0,1267.0,0,0,1,0,12,49
528363,Calgary,Alberta,Arbour Lake,51.128485184859,-114.206440132263,house,2380.0,3.0,1.5,1250.0,0,0,0,0,12,51
447993,Calgary,Alberta,4350 Seton Drive Southeast,50.8771864,-113.9472492,apartment,2600.0,2.0,1.0,700.0,1,0,1,1,12,56
572322,Calgary,Alberta,4303 1 St NE,51.090537,-114.0598406,apartment,2100.0,1.0,1.0,730.0,1,0,0,0,12,59
552276,Calgary,Alberta,Walden,50.8653982,-114.0236479,duplex,2700.0,3.0,2.5,1525.0,0,0,0,0,12,59
508367,Calgary,Alberta,1305 15 Ave SW,51.0392031,-114.0918984,apartment,1600.0,1.0,1.0,651.0,0,0,0,0,12,60
306471,Calgary,Alberta,211 13 Ave SE,51.0403881,-114.0602653,apartment,2050.0,1.0,1.0,650.0,1,0,1,1,12,60
128481,Calgary,Alberta,Crescent Heights,51.065838927493,-114.056839615961,townhouse,3250.0,3.0,3.5,1300400.0,0,0,0,0,12,61
572042,Calgary,Alberta,1424 22 Avenue Southwest,51.0344746,-114.0956911,apartment,1200.0,2.0,1.0,790.0,2,0,0,0,6,61
571432,Calgary,Alberta,Renfrew,51.0577145,-114.048603,apartment,2400.0,2.0,1.5,1050.0,0,0,1,1,12,61
525915,Calgary,Alberta,21 Royal Birch Mount NW,51.1481688,-114.2164479,apartment,2300.0,2.0,1.0,1100.0,2,0,0,0,12,61
364763,Calgary,Alberta,393 Patterson Hill SW,51.0631877,-114.1829554,apartment,1700.0,1.0,1.0,617.0,0,0,1,1,12,61
473182,Calgary,Alberta,1140 15th Ave SW,51.0395305,-114.088654,apartment,2450.0,2.0,1.5,894.0,1,0,0,0,12,61
568602,Calgary,Alberta,Copperfield,50.9127843,-113.9276726,townhouse,2750.0,3.0,2.5,1300.0,0,0,1,1,12,61
532142,Calgary,Alberta,225 11 Avenue Southeast,51.0420136,-114.0594653,apartment,2100.0,1.0,1.0,500.0,0,0,0,0,12,61
572416,Calgary,Alberta,109 Douglas Glen Gardens Southeast,50.9566825,-114.0107078,house,3300.0,4.0,3.5,2650.0,0,0,0,0,12,61
79611,Calgary,Alberta,Panorama Hills,51.156594516414,-114.074097259155,house,2700.0,3.0,2.5,1795.0,2,0,0,0,12,61
571079,Calgary,Alberta,Evergreen,50.9089418,-114.1077211,basement,1000.0,1.0,1.0,800.0,2,0,0,0,6,61
511597,Calgary,Alberta,1341 Cornerstone Way Northeast,51.14766,-113.92503,basement,1300.0,1.0,1.0,593.0,0,0,1,1,12,61
572121,Calgary,Alberta,Willow Park,50.94949134383,-114.044084977246,house,3700.0,3.0,3.0,1200.0,1,0,1,1,3,61
572625,Calgary,Alberta,1702 17 Avenue Southwest,51.0380396,-114.1004833,apartment,1650.0,1.0,1.0,579.0,0,0,1,1,12,61
570338,Calgary,Alberta,12108 Lake Michigan Road Southeast,50.941337,-114.0303925,house,3150.0,4.0,2.5,1120.0,0,0,1,1,12,61
492948,Calgary,Alberta,158 Hawkside Close Northwest,51.1290233,-114.1809105,house,5200.0,5.0,4.0,3373.0,0,0,0,1,12,61
571981,Calgary,Alberta,4150 Seton Drive Southeast,50.877179,-113.9506493,apartment,2400.0,2.0,1.0,901.0,0,0,1,1,12,61
567375,Calgary,Alberta,2716 10 Street Southwest,51.0284813,-114.0867899,house,9500.0,4.0,4.5,3383.0,0,0,1,1,12,61
572539,Calgary,Alberta,116 Arbour Stone Close Northwest,51.13609,-114.21602,basement,2300.0,2.0,1.0,1100.0,1,0,0,0,12,61
133534,Calgary,Alberta,Midnapore,50.917367934335,-114.058382349243,house,2100.0,3.0,1.5,1200.0,0,0,0,1,12,61
549765,Calgary,Alberta,1039 17 Ave SW,51.0376584,-114.0866966,apartment,1580.0,1.0,1.0,580.0,0,0,0,0,12,61
530282,Calgary,Alberta,West Hillhurst,51.0564644,-114.1076309,basement,1400.0,2.0,1.0,1050.0,0,0,1,1,12,61
114295,Calgary,Alberta,3808 45 Street SW,51.0203084,-114.1522386,duplex,2500.0,4.0,2.0,920.0,0,0,0,0,12,61
476678,Calgary,Alberta,1283 Cornerstone Way Northeast,51.1485258,-113.9248507,house,2400.0,3.0,2.5,1644.0,0,0,0,0,12,61
375652,Calgary,Alberta,8 Copperpond Grove Southeast,50.922467,-113.9287735,house,2700.0,3.0,2.5,1690.0,0,0,0,0,12,61
524850,Calgary,Alberta,742 Sage Hill Grove Northwest,51.17333,-114.13787,townhouse,2450.0,4.0,3.5,1500.0,0,0,0,0,12,61
513996,Calgary,Alberta,2008 17 Avenue Northwest,51.0680796,-114.1067987,basement,2300.0,2.0,2.0,850.0,0,0,0,0,12,61
146396,Calgary,Alberta,1922 32 Avenue SW,51.0249269,-114.1057668,duplex,5500.0,4.0,4.5,2508.0,0,0,1,1,12,61
320069,Calgary,Alberta,Royal Oak Gardens NW,51.1526508,-114.2336257,townhouse,2300.0,3.0,1.5,1182.0,0,0,0,0,12,61
138579,Calgary,Alberta,1118 12 Avenue Southwest,51.0423757,-114.0876612,apartment,3900.0,2.0,2.0,1100.0,1,0,0,0,6,61
348586,Calgary,Alberta,61 PRESTWICK RISE SE,50.924304628991,-113.96346243373,house,2500.0,3.0,2.5,2200.0,0,0,0,0,12,61
416038,Calgary,Alberta,Kingsland,50.990739,-114.07604,house,2050.0,2.0,1.0,1300.0,0,0,1,1,12,61
387437,Calgary,Alberta,Windsor Park,51.0053551,-114.0719427,duplex,2000.0,2.0,1.0,876.0,0,0,1,0,12,61
290153,Calgary,Alberta,54 Confederation Villas NW,51.082797,-114.09974,apartment,2900.0,3.0,3.0,1452.0,0,0,0,0,12,61
497414,Calgary,Alberta,140 Hendon Dr NW,51.0889464,-114.0727153,basement,1550.0,2.0,1.0,750.0,0,0,0,0,12,61
572460,Calgary,Alberta,Mount Pleasant,51.0739034,-114.1603656,basement,1400.0,2.0,1.0,1100.0,1,0,1,0,6,61
571035,Calgary,Alberta,167 Livingston Avenue Northeast,51.1865247,-114.0675544,duplex,2500.0,3.0,2.5,1666.0,1,0,0,0,12,61
7356,Calgary,Alberta,1625 Strathcona Drive SW,51.0501986,-114.2078929,house,3450.0,3.0,2.5,2250.0,0,0,0,0,12,61
348463,Calgary,Alberta,149 Silverado Range Cove Southwest,50.8825829,-114.0737513,house,3250.0,4.0,3.5,2360.0,0,0,0,0,12,61
359403,Calgary,Alberta,3808 Dover Ridge Drive Southeast,51.0225527,-113.9769385,basement,1400.0,2.0,1.0,900.0,0,0,1,1,12,61
486022,Calgary,Alberta,Killarney,51.0259376,-114.1346543,townhouse,2125.0,2.0,1.0,802.0,0,0,1,1,12,61
567732,Calgary,Alberta,3403 Breton Close Northwest,51.105092,-114.1323238,house,2499.0,3.0,1.0,954.0,0,0,1,1,12,61
460114,Calgary,Alberta,13 Hays Dr SW,50.9709889,-114.0836899,basement,1300.0,1.0,1.0,950.0,0,0,1,1,12,61
522688,Calgary,Alberta,189 Holland Street Northwest,51.0900621,-114.0902129,basement,2150.0,2.0,1.0,900.0,0,0,0,0,12,61
570361,Calgary,Alberta,1534 28 Avenue Southwest,51.0287976,-114.0966926,apartment,1695.0,2.0,1.0,900.0,0,0,1,0,12,61
438113,Calgary,Alberta,76 Auburn Bay Street Southeast,50.8855317,-113.9496444,duplex,2200.0,3.0,2.5,1100.0,0,0,0,0,12,61
571816,Calgary,Alberta,15 Kincora Glen Park NW,51.1660285,-114.1424261,apartment,1978.0,2.0,2.0,950.0,0,0,0,1,12,61
302068,Calgary,Alberta,Deer Run,50.92104,-114.01572,townhouse,2000.0,3.0,1.5,1600.0,0,0,1,1,12,61
340836,Calgary,Alberta,55 Wentworth Heights Southwest,51.0573306,-114.2179236,house,5200.0,5.0,3.5,3800.0,0,0,1,1,12,61
486429,Calgary,Alberta,49 Legacy Glen Place SE,50.8530299,-114.00134,house,2700.0,4.0,3.5,1450.0,0,0,0,0,12,61
65356,Calgary,Alberta,Altadore,51.009789026055,-114.107898460388,basement,1600.0,2.0,1.0,1000.0,0,0,0,0,12,61
572274,Calgary,Alberta,338 Seton Circle Southeast,50.8688869,-113.9554658,townhouse,1700.0,1.0,1.0,525.0,0,0,1,1,12,61
377571,Calgary,Alberta,Mckenzie Towne,50.9056021,-113.9627358,house,2500.0,3.0,2.5,1800.0,0,0,1,1,12,61
508146,Calgary,Alberta,New Brighton,50.9144285,-113.9438299,apartment,2750.0,2.0,2.0,950.0,1,0,0,0,6,61
508557,Calgary,Alberta,Walden,50.8668989,-114.0174161,basement,1200.0,1.0,1.0,600.0,0,0,0,1,12,61
401831,Calgary,Alberta,2409 28 Street Southwest,51.0327356,-114.1283858,apartment,1850.0,2.0,1.0,1000.0,0,0,0,0,12,61
358035,Calgary,Alberta,120 New Brighton Lane SE,50.9235042,-113.9563996,house,2950.0,3.0,2.5,1825.0,0,0,0,0,12,61
487219,Calgary,Alberta,146 Shawnee Common Southwest,50.9245511,-114.0803546,townhouse,2750.0,3.0,2.5,1655.0,1,0,1,1,12,61
525267,Calgary,Alberta,1727 20 Avenue Northwest,51.0703471,-114.1012467,house,2150.0,2.0,1.0,929.0,0,0,1,1,12,61
72829,Calgary,Alberta,Shawnessy,50.9097897,-114.0854956,house,3000.0,4.0,2.5,2000.0,0,0,0,0,12,61
572391,Calgary,Alberta,4404 Namaka Crescent Northwest,51.091915,-114.0928997,basement,1650.0,2.0,1.0,850.0,0,0,1,1,12,61
525046,Calgary,Alberta,Dover,51.026967378779,-113.988725920068,house,2400.0,3.0,2.0,1200.0,0,0,1,1,12,61
528749,Calgary,Alberta,314 Christie Park Mews Southwest,51.0413394,-114.1708257,townhouse,3600.0,3.0,2.5,1500.0,1,0,0,0,12,61
425114,Calgary,Alberta,81 Legacy Boulevard Southeast,50.8624017,-114.0220707,apartment,1950.0,1.0,1.0,680.0,1,0,0,0,12,61
489574,Calgary,Alberta,305 10ST NW,51.0544181,-114.0862538,apartment,2699.0,2.0,2.0,1348.0,0,0,0,0,12,61
7929,Calgary,Alberta,3503 18 Street SW,51.0227573,-114.1051213,apartment,1400.0,1.0,1.0,510.0,0,0,0,0,12,61
440961,Calgary,Alberta,71 Carringsby Ave NW,51.1796715,-114.0870759,basement,1450.0,1.0,1.0,600.0,0,0,1,0,12,61
534440,Calgary,Alberta,94 Cougarstone Court Southwest,51.069591,-114.2214235,house,3100.0,3.0,2.5,1950.0,0,0,1,1,12,61
555817,Calgary,Alberta,1616 8 Ave NW,51.0598531,-114.0988796,apartment,2250.0,2.0,1.0,900.0,0,0,1,1,12,61
531386,Calgary,Alberta,816 25 Avenue Northwest,51.0752874,-114.0804994,basement,1500.0,1.0,1.0,850.0,0,0,1,1,12,61
571368,Calgary,Alberta,403 Sage Hill Grove Northwest,51.1723702,-114.1357946,townhouse,2200.0,2.0,2.5,1565.0,0,0,0,0,12,61
134010,Calgary,Alberta,10 Brentwood Common NW,51.0870733,-114.1280856,apartment,2180.0,2.0,1.0,600.0,0,0,1,1,12,61
532682,Calgary,Alberta,77 Spruce Place SW,51.0426309,-114.1367681,apartment,2750.0,2.0,2.0,902.0,0,0,0,0,12,61
327463,Calgary,Alberta,2409 28 Street Southwest,51.0327356,-114.1283858,townhouse,1850.0,2.0,1.0,1000.0,0,0,0,0,12,61
527724,Calgary,Alberta,Seton,50.883861579526,-113.944540970081,apartment,1250.0,1.0,1.0,1500.0,0,0,0,0,6,61
485200,Calgary,Alberta,298 Sage Meadows Park Northwest,51.1785847,-114.1324691,apartment,1750.0,2.0,2.0,689.0,0,0,0,0,12,61
501776,Calgary,Alberta,St Andrews Heights,51.065015,-114.1298909,apartment,950.0,1.0,1.0,2070.0,1,0,0,0,6,61
488208,Calgary,Alberta,510 12 Avenue Southwest,51.0418633,-114.0723707,apartment,2650.0,1.0,1.0,530.0,1,0,0,0,12,61
310469,Calgary,Alberta,408 30 Ave NW,51.0798047,-114.0679744,basement,1800.0,1.0,1.0,725.0,1,0,0,0,12,61
380635,Calgary,Alberta,MacEwan,51.134957284245,-114.110635042297,apartment,850.0,1.0,1.0,1150.0,2,0,0,0,6,61
60760,Calgary,Alberta,1022 16th Ave NW,51.0670722,-114.0839003,apartment,1695.0,1.0,1.0,650.0,0,0,0,0,12,61
571756,Calgary,Alberta,Queensland,50.936718855065,-114.02485689259,house,2700.0,4.0,2.5,1200.0,0,0,0,0,12,61
389839,Calgary,Alberta,738 1 Avenue Southwest,51.0525612,-114.076908,apartment,4600.0,2.0,2.0,1182.0,0,0,1,1,12,61
513875,Calgary,Alberta,360 Harvest Hills Way Northeast,51.15329,-114.0422,apartment,2300.0,2.0,2.0,925.0,0,0,0,0,12,61
566964,Calgary,Alberta,Banff Trail,51.0676474,-114.1075877,duplex,4200.0,4.0,3.5,1805.0,1,0,1,1,12,61
572156,Calgary,Alberta,59 22 Ave SW,51.0330929,-114.0618942,apartment,2950.0,2.0,2.0,1278.0,2,0,0,0,12,61
14767,Calgary,Alberta,482 Regal Park NE,51.0611746,-114.0361209,townhouse,2350.0,3.0,2.5,1400.0,0,0,0,0,12,61
469970,Calgary,Alberta,30 Shawnee Common Southwest,50.923651,-114.0780022,townhouse,2350.0,2.0,2.5,1385.0,0,0,1,1,12,61
527293,Calgary,Alberta,27 Cougar Ridge View SW,51.0724544,-114.20306,basement,1850.0,2.0,1.0,800.0,0,0,0,0,12,61
548505,Calgary,Alberta,1628 Carrington Boulevard,51.1834714,-114.090128,duplex,2650.0,3.0,2.5,1600.0,0,0,0,0,12,61
432588,Calgary,Alberta,450 8 Ave SE,51.0454105,-114.053745,apartment,2000.0,2.0,1.0,540.0,1,0,1,1,12,61
358607,Calgary,Alberta,6118 80 Ave NE,51.134737124499,-113.943736178296,apartment,2150.0,2.0,2.0,959.0,0,0,0,0,12,61
570970,Calgary,Alberta,532 Evanston Link Northwest,51.1813348,-114.1014467,apartment,1500.0,1.0,1.0,1390.0,1,0,0,0,12,61
90090,Calgary,Alberta,26 Arbour Crescent SE,50.969828649923,-114.058426209015,house,2895.0,5.0,2.5,1067.0,0,0,0,1,12,61
371205,Calgary,Alberta,3501 15 Street Southwest,51.023006,-114.098026,apartment,2650.0,2.0,2.0,1100.0,0,0,1,1,12,61
571172,Calgary,Alberta,90 Edgeridge Close Northwest,51.1376082,-114.1474867,basement,1875.0,2.0,1.0,1040.0,1,0,0,0,12,61
303505,Calgary,Alberta,Bankview,51.03335,-114.10007,apartment,1700.0,1.0,1.0,605.0,0,0,1,0,12,61
496118,Calgary,Alberta,22 Martin Crossing Court Northeast,51.1169957,-113.9677744,townhouse,2550.0,3.0,2.0,1900.0,0,0,1,1,12,61
462533,Calgary,Alberta,20609 Main Street Southeast,50.86928,-113.9480538,house,2390.0,3.0,2.5,1673.0,0,0,0,0,12,61
572203,Calgary,Alberta,8880 Horton Road Southwest,50.9746499,-114.07466,apartment,1800.0,1.0,1.0,724.0,0,0,0,0,12,61
450009,Calgary,Alberta,5 Saddlestone Way,51.1257217,-113.9294205,apartment,1700.0,2.0,1.0,705.0,0,0,1,1,12,61
532380,Calgary,Alberta,1828 12 Avenue Southwest,51.0427811,-114.1034637,apartment,1850.0,1.0,1.0,462.85,0,0,0,0,12,61
548246,Calgary,Alberta,402 Marquis Lane Southeast,50.903348638182,-113.923530278504,townhouse,2500.0,3.0,2.5,1260.0,0,0,0,0,12,61
572037,Calgary,Alberta,142 Haskayne Drive Northwest,51.1095457,-114.2723291,basement,1500.0,1.0,1.0,700.0,0,0,0,0,12,61
317823,Calgary,Alberta,6618 Bowness Road Northwest,51.0879215,-114.1844901,house,1900.0,3.0,1.0,965.0,0,0,1,1,12,61
572059,Calgary,Alberta,930 16 Avenue Southwest,51.0382326,-114.0836706,apartment,6200.0,3.0,2.0,1500.0,0,0,1,1,6,61
572255,Calgary,Alberta,930 6 Avenue SW,51.0482556,-114.0824597,apartment,2750.0,2.0,2.0,1058.0,0,0,0,0,12,61
572078,Calgary,Alberta,530 12 Ave SW,51.0419827,-114.0730766,apartment,4000.0,2.0,2.0,1200.0,1,0,1,1,6,61
534733,Calgary,Alberta,2905 16 Street Southwest,51.0283507,-114.0998358,apartment,3650.0,2.0,2.0,1480.0,0,0,1,1,12,61
513811,Calgary,Alberta,1010 6th St SW,51.0433635,-114.0761203,apartment,2500.0,2.0,1.0,700.0,2,0,0,0,12,61
572052,Calgary,Alberta,26 Aspen Summit Mount Southwest,51.0462343,-114.2022943,house,4500.0,3.0,2.5,2600.0,0,0,0,0,12,61
112804,Calgary,Alberta,420-29 Avenue NE,51.0788719,-114.0537616,house,3500.0,2.0,2.0,1560.0,0,0,1,0,12,61
490154,Calgary,Alberta,535 33 Street Northwest,51.058308,-114.1343249,townhouse,3700.0,3.0,2.5,1500.0,1,0,1,1,6,61
378393,Calgary,Alberta,10 Kincora Glen Park Northwest,51.1655264,-114.1417416,apartment,2000.0,2.0,2.0,780.0,1,0,0,0,12,61
530473,Calgary,Alberta,Lower Mount Royal,51.037068088784,-114.081065471164,house,2100.0,2.0,1.0,890.0,0,0,0,0,12,61
571440,Calgary,Alberta,Midnapore,50.911220091369,-114.058089952393,basement,1800.0,2.0,1.0,1100.0,2,0,1,0,12,61
347652,Calgary,Alberta,3125 39 Street Northwest,51.079641387381,-114.145775487835,apartment,1995.0,1.0,1.0,500.0,0,0,0,0,12,61
413726,Calgary,Alberta,1620 9 St NW,51.066209875897,-114.082237169312,house,2995.0,2.0,1.0,1300.0,2,0,0,0,12,61
333324,Calgary,Alberta,2232 Capitol Hill Crescent Northwest,51.068366,-114.1127941,basement,1800.0,2.0,1.0,1200.0,0,0,1,1,12,61
489740,Calgary,Alberta,975 Auburn Bay Boulevard Southeast,50.8977442,-113.9624572,house,3150.0,3.0,2.5,2200.0,0,0,0,0,12,61
572053,Calgary,Alberta,427 21 Avenue Northwest,51.0713256,-114.0689916,duplex,4200.0,4.0,3.5,2497.0,0,0,0,0,12,61
463775,Calgary,Alberta,156 Corner Meadows Way NE,51.147436243212,-113.934184561902,duplex,2400.0,3.0,2.5,1600.0,0,0,0,0,12,61
569819,Calgary,Alberta,Bowness,51.095662,-114.2164095,basement,2000.0,2.0,1.0,1000.0,0,0,1,0,12,61
542583,Calgary,Alberta,620 10 Street NW,51.0576205,-114.0857496,apartment,1850.0,1.0,1.0,700.0,0,0,0,0,12,61
492986,Calgary,Alberta,3650 Marda Link Southwest,51.0218343,-114.1117352,apartment,2450.0,1.0,1.5,1025.0,0,0,0,0,12,61
105336,Calgary,Alberta,407 1 Ave NE calgary,51.053133738309,-114.054754153442,apartment,1700.0,2.0,1.0,730.0,0,0,0,0,12,61
532099,Calgary,Alberta,Edgemont,51.1188957,-114.1616862,basement,1700.0,2.0,1.0,1197.0,2,0,1,0,12,61
505078,Calgary,Alberta,4340 73 Street Northwest,51.090763,-114.1950333,apartment,1799.0,2.0,1.0,550.0,0,0,1,0,12,61
571940,Calgary,Alberta,252 Covepark Rise Northeast,51.170505,-114.0484328,house,2895.0,3.0,2.5,2575.0,0,0,0,0,12,61
571959,Calgary,Alberta,Royal Oak,51.1448186,-114.2328888,basement,1950.0,2.0,1.0,1000.0,1,0,0,0,12,61
134643,Calgary,Alberta,30 Brentwood Common Northwest,51.087242,-114.1287899,apartment,2200.0,1.0,1.0,543.0,1,0,0,0,12,61
307658,Calgary,Alberta,Cedarbrae,50.952957784162,-114.125022247168,house,2598.0,3.0,2.0,1200.0,0,0,0,0,12,61
318118,Calgary,Alberta,Rosscarrock,51.04255,-114.1482,basement,1400.0,1.0,1.0,950.0,0,0,0,0,6,61
67738,Calgary,Alberta,Westgate,51.0455146,-114.1622559,house,2300.0,2.0,1.0,1100.0,0,0,0,0,6,61
315731,Calgary,Alberta,10 Deerfield Green Southeast,50.921762,-114.016352,townhouse,2000.0,3.0,1.5,1200.0,0,0,0,0,6,61
452083,Calgary,Alberta,Chinook Park,50.980467150589,-114.084434609317,apartment,1890.0,2.0,1.0,900.0,0,0,0,0,12,61
479704,Calgary,Alberta,415 Huntbourne Hill NE,51.1172054,-114.0590883,house,2550.0,3.0,2.0,1200.0,0,0,0,0,12,61
410478,Calgary,Alberta,111 14 Ave SE,51.0392969,-114.0626447,apartment,1800.0,1.0,1.0,700.0,0,0,1,0,12,61
413511,Calgary,Alberta,Montgomery,51.0772517,-114.1614146,basement,1650.0,1.0,1.0,900.0,1,0,0,0,12,61
300719,Calgary,Alberta,135 13 Avenue SW,51.040463,-114.0655949,apartment,2400.0,1.0,1.0,650.0,1,0,1,1,3,61
540495,Calgary,Alberta,3416 Lane Crescent Southwest,51.0000548,-114.1301889,house,4500.0,6.0,2.5,1192.0,0,0,0,1,12,61
530342,Calgary,Alberta,2006 17 Avenue Northwest,51.0680368,-114.1066541,house,3800.0,3.0,4.0,1900.0,0,0,0,0,12,61
571505,Calgary,Alberta,872 Seton Circle Southeast,50.866400729713,-113.959611097217,basement,1500.0,1.0,1.0,498.0,0,0,0,0,12,61
320667,Calgary,Alberta,2371 Eversyde Ave SW,50.9075124,-114.1149458,apartment,2200.0,2.0,2.0,851.43,0,0,1,0,12,61
99893,Calgary,Alberta,Dalhousie,51.1063775,-114.1551539,house,3180.0,4.0,2.5,1350800.0,0,0,1,1,12,61
527281,Calgary,Alberta,524 31 Street Northwest,51.0570545,-114.1320354,house,2800.0,3.0,2.5,2000.0,1,0,0,0,12,61
99756,Calgary,Alberta,3830 Brentwood Road,51.081694612706,-114.136233693701,apartment,1800.0,0.0,1.0,349.0,1,0,0,0,6,61
468608,Calgary,Alberta,Downtown,51.0492304,-114.0816279,apartment,1950.0,1.0,1.0,700.0,0,0,1,1,12,61
93346,Calgary,Alberta,713 Sunmills Drive SE,50.903867235424,-114.029942094443,house,2925.0,3.0,2.5,2109.0,0,0,0,0,12,61
137410,Calgary,Alberta,1122 3 St SE,51.041891,-114.0557158,apartment,3150.0,2.0,2.0,979.0,0,0,0,0,12,61
472171,Calgary,Alberta,804 3 Ave SW,51.0510088,-114.0794989,apartment,2900.0,2.0,2.0,1221.0,1,0,0,0,12,61
530963,Calgary,Alberta,Tuscany,51.1307698,-114.2546581,house,4100.0,5.0,3.5,2400.0,0,0,1,1,12,61
145019,Calgary,Alberta,830 McDougall Road NE,51.051014,-114.04359,apartment,2895.0,3.0,2.0,1050.0,1,0,0,0,6,61
529416,Calgary,Alberta,314 32 Avenue Northeast,51.0816753,-114.0566092,townhouse,3200.0,3.0,4.0,1129.0,0,0,1,1,12,61
140617,Calgary,Alberta,Sunalta,51.040555831841,-114.100566708984,house,3000.0,2.0,1.0,1300.0,0,0,1,1,12,61
356374,Calgary,Alberta,Renfrew,51.0642722,-114.0368984,basement,2300.0,2.0,1.0,1000.0,1,0,0,0,6,61
534935,Calgary,Alberta,545 Cranford Drive Southeast,50.873624879948,-113.969480515782,house,3295.0,3.0,3.0,2054.0,0,0,0,0,12,61
571455,Calgary,Alberta,Richmond/Knob Hill,51.0328016,-114.1146752,duplex,4900.0,5.0,4.0,3100.0,0,0,0,0,12,61
459831,Calgary,Alberta,930 6 Avenue SW,51.0482556,-114.0824597,apartment,2100.0,1.0,1.0,580.0,0,0,0,0,12,61
107701,Calgary,Alberta,222 Riverfront Avenue Southwest,51.0525015,-114.0669096,apartment,2300.0,1.0,1.0,560.0,1,0,0,0,6,61
569619,Calgary,Alberta,Douglas Ridge Green SE,50.938077,-113.979599,house,2750.0,4.0,3.5,1973.0,0,0,0,0,12,61
571674,Calgary,Alberta,108 15 Ave SE,51.0388235,-114.0632611,apartment,1750.0,1.0,1.0,650.0,0,0,0,0,12,61
16706,Calgary,Alberta,Penbrooke Meadows,51.050357005312,-113.948441083081,basement,1645.0,2.0,1.0,861.0,0,0,1,1,12,61
90102,Calgary,Alberta,361 Hidden Valley Manor NW,51.151837,-114.103676,house,2750.0,3.0,2.5,1800.0,0,0,0,0,12,61
100774,Calgary,Alberta,2727 28 Avenue SE,51.0287449,-113.9951175,apartment,1995.0,2.0,1.0,881.0,0,0,0,0,12,61
56393,Calgary,Alberta,Hillhurst,51.057353537513,-114.089430031738,basement,1600.0,1.0,1.0,900.0,0,0,0,0,12,61
111537,Calgary,Alberta,90 Somervale Park SW,50.8998976,-114.0706952,townhouse,2295.0,3.0,1.5,1100.0,0,0,0,0,12,61
491551,Calgary,Alberta,1414 5 Street Southwest,51.0391135,-114.0739346,apartment,2050.0,2.0,1.0,839.0,0,0,0,0,12,61
571572,Calgary,Alberta,5 Sunlake Street Southeast,50.8968204,-114.04264,house,3200.0,3.0,3.5,1750.0,2,0,0,0,12,61
438915,Calgary,Alberta,888 4 Avenue SW,51.0501285,-114.0804723,apartment,1800.0,1.0,1.0,724.0,0,0,0,0,12,61
492315,Calgary,Alberta,706 Crestridge Common SW,51.0860809,-114.2719986,townhouse,2490.0,2.0,2.5,1434.0,0,0,0,0,12,61
327292,Calgary,Alberta,405 64 ave NE,51.109877665453,-114.05896735859,apartment,700.0,1.0,2.0,1300.0,1,0,0,0,12,61
566942,Calgary,Alberta,70 Everhollow Green Southwest,50.9149019,-114.1197051,basement,1800.0,2.0,1.0,1100.0,0,0,0,0,3,61
4222,Calgary,Alberta,308 8 Ave NE,51.059932,-114.0571941,duplex,2150.0,2.0,2.0,1100.0,0,0,0,0,12,61
527592,Calgary,Alberta,4819 22 Avenue Northwest,51.07773,-114.1603494,house,2499.0,2.0,2.0,1300.0,0,0,1,1,12,61
338320,Calgary,Alberta,Seton,50.8788991,-113.949082,apartment,2400.0,2.0,2.0,920.0,0,0,0,0,12,61
570012,Calgary,Alberta,Cougar Ridge,51.0685283,-114.2216143,basement,1600.0,1.0,1.0,650.0,0,0,1,1,12,61
340791,Calgary,Alberta,22 Edgeburn Place Northwest,51.1351151,-114.1591484,house,2200.0,3.0,2.5,1200.0,0,0,0,0,12,61
516588,Calgary,Alberta,1616 37 Avenue Southwest,51.0212694,-114.0985353,townhouse,4700.0,2.0,2.5,2000.0,0,0,0,0,12,61
298489,Calgary,Alberta,Arbour Lake,51.136487198433,-114.203938288422,house,3200.0,3.0,2.5,1700.0,0,0,0,0,12,61
537176,Calgary,Alberta,20 Seton Park Southeast,50.8788991,-113.949082,apartment,2175.0,2.0,2.0,950.0,0,0,0,0,12,61
571337,Calgary,Alberta,Chaparral Drive SE,50.8811538,-114.0386018,house,2850.0,3.0,2.5,2400.0,0,0,1,1,6,61
489969,Calgary,Alberta,1719 9a St SW,51.0368627,-114.0862148,apartment,1950.0,1.0,1.0,600.0,0,0,1,1,12,61
417284,Calgary,Alberta,Bridgeland,51.055711967349,-114.043422868304,apartment,995.0,1.0,1.0,1500.0,1,0,0,0,12,61
332584,Calgary,Alberta,10 Prestwick Bay Southeast,50.9280548,-113.96036,apartment,2200.0,2.0,2.0,907.0,0,0,0,0,12,61
459778,Calgary,Alberta,8312 34 Ave NW,51.0892436,-114.2075699,house,3500.0,4.0,3.5,1827.0,0,0,1,1,12,61
566348,Calgary,Alberta,1626 Evergreen Drive Southwest,50.9264732,-114.1019652,house,3500.0,5.0,3.5,2357.0,0,0,0,0,12,61
504055,Calgary,Alberta,410 Hendon Drive Northwest,51.0960308,-114.0805165,house,2250.0,3.0,1.0,1275.0,0,0,0,0,12,61
99584,Calgary,Alberta,3820 Brentwood Road NW,51.0859413,-114.1286897,apartment,3575.0,2.0,2.0,718.0,2,0,1,0,6,61
569071,Calgary,Alberta,74 Nolanhurst Rise Northwest,51.1775873,-114.1733701,house,3500.0,5.0,3.5,2800.0,0,0,0,0,12,61
392625,Calgary,Alberta,8810 Royal Birch Boulevard Northwest,51.1495599,-114.2152202,apartment,2175.0,2.0,2.0,875.0,0,0,0,0,12,61
477264,Calgary,Alberta,"Evanspark Heights, NW",51.1728789,-114.1149755,basement,1650.0,2.0,1.0,900.0,0,0,0,0,12,61
562422,Calgary,Alberta,225 11th Ave SE,51.0419755,-114.0594055,apartment,2300.0,1.0,1.0,600.0,1,0,0,0,12,61
371476,Calgary,Alberta,301 10 St NW,51.0540768,-114.0861957,apartment,4000.0,2.0,2.0,752.0,1,0,0,0,6,61
571252,Calgary,Alberta,530 3 Street Southeast,51.0476616,-114.0547686,apartment,3700.0,2.0,2.0,1250.0,0,0,1,1,12,61
17890,Calgary,Alberta,283 Somerset Drive SW,50.9005421,-114.0885718,house,3000.0,4.0,2.5,1900.0,0,0,0,0,12,61
571319,Calgary,Alberta,Signal Hill,51.0140808,-114.1817633,house,3998.0,5.0,3.5,2112.0,0,0,0,0,12,61
570699,Calgary,Alberta,Kincora,51.1572994,-114.1267746,house,3100.0,3.0,2.5,2216.0,0,0,0,0,12,61
567569,Calgary,Alberta,Abbeydale,51.0633366,-113.9249958,basement,1500.0,2.0,1.0,900.0,0,0,0,0,12,61
486583,Calgary,Alberta,9803 24 Street Southwest,50.9650822,-114.118259,townhouse,2500.0,3.0,1.5,1300.0,0,0,0,1,12,61
437815,Calgary,Alberta,1729 21 Avenue Northwest,51.0712624,-114.1013493,house,2950.0,3.0,2.0,1250.0,0,0,0,1,12,61
571325,Calgary,Alberta,915 Renfrew Drive Northeast,51.0666123,-114.0415438,house,1285.0,1.0,1.0,750.0,0,0,0,0,12,61
555724,Calgary,Alberta,530 3 Street Southeast,51.04757,-114.05516,apartment,2975.0,2.0,2.0,1000.0,0,0,1,1,12,61
570799,Calgary,Alberta,16 Country Village Lane Northeast,51.1602744,-114.0562287,townhouse,2100.0,3.0,1.5,1200.0,0,0,0,0,12,30
518148,Calgary,Alberta,3717 42 St NW,51.0849202,-114.1513819,apartment,1850.0,1.0,1.0,657.0,1,0,0,0,12,61
571331,Calgary,Alberta,820 7 Street Northeast,51.0594189,-114.0456866,townhouse,2999.0,3.0,2.5,1356.0,0,0,0,0,12,61
562600,Calgary,Alberta,530 3 Street Southeast,51.04757,-114.05516,apartment,3500.0,2.0,2.0,1125.0,0,0,1,1,12,61
538751,Calgary,Alberta,961 Mahogany Boulevard Southeast,50.8914045,-113.9109752,basement,1600.0,2.0,2.0,651.0,0,0,0,0,12,61
338820,Calgary,Alberta,211 13 Ave SE,51.0401551,-114.0601539,apartment,2200.0,1.0,1.0,650.0,1,0,0,0,12,61
529434,Calgary,Alberta,Nolan Hill,51.176949483228,-114.174649257672,apartment,875.0,2.0,1.0,700.0,1,0,0,0,12,61
332809,Calgary,Alberta,730 5 St NE,51.0581619,-114.050126107935,apartment,3000.0,1.0,1.5,711.0,1,0,0,1,6,61
320727,Calgary,Alberta,25 Aspen Summit Point Southwest,51.0463088,-114.2004882,house,5300.0,4.0,3.5,3800.0,0,0,0,0,12,61
21659,Calgary,Alberta,Elbow Park,51.020709019224,-114.083306413066,house,3250.0,3.0,2.0,2350.0,0,0,1,1,12,61
359064,Calgary,Alberta,1124 40 STREET SW,51.0423913,-114.1451148,apartment,2000.0,2.0,1.0,1000.0,0,0,0,0,12,61
458202,Calgary,Alberta,Evanston,51.180598411391,-114.099485966443,townhouse,2200.0,2.0,2.5,1375.0,0,0,0,0,12,61
569490,Calgary,Alberta,Evanston,51.1717918,-114.117035,townhouse,2500.0,2.0,2.5,1300.0,0,0,1,1,12,61
475092,Calgary,Alberta,Silverado Common SW,50.88015354394,-114.072907562041,townhouse,2350.0,2.0,2.5,1303.0,0,0,0,0,12,61
418495,Calgary,Alberta,127 Tuscany Court Northwest,51.1257976,-114.249813,townhouse,3000.0,3.0,1.5,1250.0,1,0,0,0,12,61
466518,Calgary,Alberta,100 Auburn Meadows Common SE,50.899089093196,-113.943138725903,apartment,1650.0,1.0,1.0,582.0,0,0,0,0,12,61
66428,Calgary,Alberta,3130 66 Ave SW,50.9949624,-114.130165,townhouse,3200.0,2.0,1.5,1400.0,1,0,0,1,6,61
448627,Calgary,Alberta,2427 23 Street Northwest,51.0726739,-114.1154257,apartment,1025.0,4.0,3.0,1120.0,2,0,0,0,12,61
455142,Calgary,Alberta,922 3 Avenue NW,51.056348,-114.083651,townhouse,3695.0,4.0,4.5,1650.0,0,0,1,1,12,61
567585,Calgary,Alberta,Strathcona Park,51.0436267,-114.1657416,house,3400.0,4.0,2.5,2235.0,1,0,0,0,12,61
379587,Calgary,Alberta,426 Patterson Boulevard Southwest,51.0722743,-114.1887431,house,6000.0,4.0,4.0,4500.0,0,0,0,0,12,61
364554,Calgary,Alberta,3501 15 Street Southwest,51.023006,-114.098026,apartment,2995.0,2.0,2.0,1300.0,1,0,0,0,6,61
406494,Calgary,Alberta,80 Sage Hill Road NW,51.173242279807,-114.14254939591,apartment,1787.0,1.0,1.0,687.0,0,0,1,1,12,61
110688,Calgary,Alberta,Auburn Bay Common SE,50.8914501,-113.9694837,townhouse,2300.0,2.0,2.5,1008.0,0,0,0,0,12,61
534062,Calgary,Alberta,Brentwood,51.0894828,-114.1258787,basement,1650.0,2.0,1.0,1100.0,0,0,0,0,12,61
570864,Calgary,Alberta,Carrington,51.1822375,-114.0848853,house,3900.0,4.0,3.0,2880.0,0,0,0,0,12,61
570982,Calgary,Alberta,1838 Rangeview Drive Southeast,50.8832085,-113.9134849,house,2350.0,3.0,2.5,1489.0,0,0,0,1,6,61
319912,Calgary,Alberta,228 Cityscape Lane NE,51.1486331,-113.9680034,townhouse,2100.0,2.0,1.5,1100.0,0,0,1,1,12,61
525794,Calgary,Alberta,Beddington,51.1289225,-114.0565544,basement,1450.0,2.0,1.0,800.0,0,0,1,1,12,61
562934,Calgary,Alberta,1108 6 Avenue Southwest,51.0484952,-114.0872698,apartment,3195.0,2.0,2.0,1650.0,1,0,0,0,12,61
570357,Calgary,Alberta,196 Gordon Drive Southwest,51.0091157,-114.1518241,duplex,2000.0,2.0,1.0,1150.0,0,0,0,0,12,61
532000,Calgary,Alberta,1108 910 5 Ave Sw C,51.0491977,-114.0816097,apartment,2600.0,2.0,2.0,1082.0,0,0,0,0,12,61
569230,Calgary,Alberta,540 5 Avenue Northeast,51.0573799,-114.0493153,apartment,2200.0,1.0,1.0,550.0,0,0,1,1,12,61
461656,Calgary,Alberta,402 2 Ave NE,51.0545523,-114.0540148,townhouse,2600.0,2.0,2.5,1203.0,0,0,1,1,12,61
561549,Calgary,Alberta,Seton,50.8682432,-113.9605057,duplex,3250.0,4.0,3.5,1566.0,0,0,0,1,12,61
53369,Calgary,Alberta,325 3 St SE,51.049461231946,-114.056153297424,apartment,2700.0,2.0,2.0,994.0,0,0,0,0,12,61
67633,Calgary,Alberta,Windsor Park,51.007565077147,-114.075061233156,house,3200.0,3.0,2.0,2150.0,0,0,0,0,12,61
83425,Calgary,Alberta,290 Royal Birch Way NW,51.148093,-114.218323,house,3500.0,4.0,3.5,2992.0,0,0,0,1,12,61
522005,Calgary,Alberta,712 Sage Hill Grove Northwest,51.1735,-114.13769,townhouse,2450.0,4.0,4.5,1500.0,0,0,0,0,12,61
388542,Calgary,Alberta,Highland Park,51.0906724,-114.0666688,duplex,1800.0,2.0,1.0,1000.0,1,0,0,0,12,61
567717,Calgary,Alberta,3523 43 Street Southwest,51.0230061,-114.1501668,apartment,950.0,3.0,1.0,1400.0,2,0,0,0,12,61
138843,Calgary,Alberta,114 15th Avenue Southwest,51.038593007487,-114.0642887,apartment,3200.0,2.0,2.0,1200.0,1,0,0,0,12,61
516740,Calgary,Alberta,4160 Norford Avenue Northwest,51.0798288,-114.1480461,apartment,2700.0,2.0,2.0,962.0,0,0,0,0,12,61
521359,Calgary,Alberta,736 57 Ave SW,51.0026913,-114.0810569,apartment,2600.0,2.0,2.0,900.0,0,0,1,1,12,61
127443,Calgary,Alberta,1053 10 St SW,51.0435505,-114.0866958,apartment,2350.0,2.0,1.0,650.0,0,0,0,0,6,61
528406,Calgary,Alberta,220 Seton Grove Southeast,50.8659966,-113.9539434,apartment,2250.0,2.0,2.0,870.0,0,0,0,0,12,61
568250,Calgary,Alberta,738 3 Ave SW,51.0508547,-114.077663,apartment,2000.0,1.0,1.0,625.0,1,0,0,0,6,61
570114,Calgary,Alberta,1709 New Brighton Drive Southeast,50.9163628,-113.9441627,house,2450.0,3.0,2.5,1300.0,0,0,0,0,12,61
377494,Calgary,Alberta,15 Deer Lane Pl SE,50.9235963,-114.0097979,house,2500.0,4.0,1.5,1700.0,0,0,1,1,12,61
312576,Calgary,Alberta,1010 6th St SW,51.051027639582,-114.070015083581,apartment,4500.0,2.0,2.0,1250.0,1,0,0,0,6,61
546963,Calgary,Alberta,225 11 Avenue SE,51.0421328,-114.059671,apartment,1800.0,1.0,1.0,500.0,0,0,0,0,12,61
297014,Calgary,Alberta,817 15th Ave SW,51.0387874,-114.0801787,apartment,1850.0,1.0,1.0,750.0,0,0,1,1,12,61
517666,Calgary,Alberta,15 Sage Meadows Landing NW,51.1807202,-114.1323305,apartment,2200.0,2.0,2.0,764.0,0,0,0,0,12,61
559799,Calgary,Alberta,1008 9 St SW,51.043616,-114.0835458,apartment,2454.0,2.0,2.0,830.0,0,0,1,1,12,61
512149,Calgary,Alberta,1078 6 Avenue Southwest,51.0483062,-114.0848675,apartment,3000.0,2.0,2.0,1100.0,2,0,0,0,12,61
545081,Calgary,Alberta,1053 10 St SW,51.0434791,-114.0865726,apartment,1985.0,1.0,1.0,665.0,0,0,1,0,12,61
569372,Calgary,Alberta,Tuxedo Park,51.0776776,-114.0566112,basement,1850.0,2.0,1.0,900.0,0,0,0,0,12,61
568038,Calgary,Alberta,1540 17th Ave SW,51.038037,-114.096917,apartment,3000.0,2.0,2.0,1011.0,2,0,1,1,12,61
524756,Calgary,Alberta,125 Corner Meadows Gardens Northeast,51.1494827,-113.9261319,basement,1350.0,1.0,1.0,750.0,0,0,0,0,12,61
495501,Calgary,Alberta,Nolan Hill,51.172123304899,-114.172811229886,basement,2200.0,2.0,1.0,1200.0,1,0,0,0,6,61
568996,Calgary,Alberta,1517 Auburn Bay Square Southeast,50.88377,-113.9542171,townhouse,2390.0,3.0,2.5,1099.0,0,0,0,0,3,61
565868,Calgary,Alberta,Mahogany,50.8921,-113.9172563,basement,1600.0,2.0,1.0,800.0,0,0,0,0,12,61
458369,Calgary,Alberta,41 Yorkville Avenue Southwest,50.8746661,-114.0724659,house,3500.0,4.0,3.5,2350.0,0,0,1,1,12,61
150734,Calgary,Alberta,3243 Boulton Rd NW,51.0911742,-114.1347475,apartment,765.0,3.0,2.0,950.0,0,0,0,0,6,61
120349,Calgary,Alberta,Inglewood,51.041330785994,-114.023917714233,townhouse,3500.0,3.0,2.5,1500.0,1,0,1,0,6,61
529477,Calgary,Alberta,220 12 Avenue Southeast,51.041556074975,-114.060172926459,apartment,2750.0,2.0,2.0,870.0,0,0,1,1,12,61
568035,Calgary,Alberta,80 Galbraith Dr SW,51.010555,-114.143872,apartment,2200.0,2.0,1.0,990.0,2,0,1,1,12,61
109352,Calgary,Alberta,2734 14 street SW,51.030004181965,-114.09434222229,house,4395.0,5.0,3.0,2100.0,0,0,1,1,6,61
80582,Calgary,Alberta,"550, Westwood Dr SW",51.038907,-114.155048,apartment,1850.0,2.0,1.0,862.0,0,0,0,0,12,61
567086,Calgary,Alberta,210 Evanscrest Place NW,51.1817806,-114.1097901,basement,1550.0,1.0,1.0,614.0,1,0,0,0,12,61
48700,Calgary,Alberta,1900 - 25 A St. SW,51.03745415436,-114.121942520142,apartment,2195.0,2.0,1.0,900.0,0,0,0,0,12,61
332659,Calgary,Alberta,433 11 Ave SE,51.0418627,-114.0538114,apartment,3550.0,2.0,2.0,1140.0,1,0,1,1,6,61
565175,Calgary,Alberta,815 19 Avenue Southwest,51.0358178,-114.0803442,townhouse,7500.0,4.0,4.5,2787.0,1,0,0,0,12,61
499730,Calgary,Alberta,1122 3 St SE,51.0418015,-114.0555208,apartment,3400.0,2.0,2.0,850.0,1,0,0,0,6,62
376744,Calgary,Alberta,515 17 ave sw,51.037581,-114.0724697,apartment,1975.0,1.0,1.0,600.0,1,0,0,0,6,64
571753,Calgary,Alberta,158 Walden Lane SE,50.869291,-114.0289231,townhouse,2500.0,3.0,2.5,1426.0,0,0,0,0,12,65
569527,Calgary,Alberta,406 Cranberry Park SE,50.8819724,-113.9782213,apartment,2250.0,2.0,2.0,950.0,0,0,1,1,12,66
570712,Calgary,Alberta,1053 10 St SW,51.0435505,-114.0866958,apartment,2400.0,2.0,2.0,800.0,0,0,1,1,12,66
308270,Calgary,Alberta,Signal Hill,51.02131,-114.17803,basement,1700.0,1.0,1.0,1000.0,0,0,0,0,12,69
446881,Calgary,Alberta,614 Royal Avenue Southwest,51.0349921,-114.0751874,apartment,2950.0,2.0,1.0,788.0,0,0,0,0,12,70
571877,Calgary,Alberta,1424 24 Street Southwest,51.0405892,-114.11761,house,4000.0,4.0,2.0,1138.0,1,0,1,1,12,71
569940,Calgary,Alberta,9 Red Embers Row,51.1670888,-113.9526802,house,3400.0,5.0,3.5,2452.0,0,0,0,0,12,75
546422,Calgary,Alberta,2220 27 Street Southwest,51.033955,-114.1262758,house,4200.0,3.0,3.5,1550.0,1,0,0,0,3,75
414445,Calgary,Alberta,540 18 Avenue Southwest,51.0372014,-114.0735793,apartment,2500.0,2.0,2.0,950.0,2,0,1,1,12,75
571839,Calgary,Alberta,60 Fawn Crescent Southeast,50.988802,-114.0588557,house,2700.0,3.0,2.0,1100.0,0,0,1,1,12,75
538386,Calgary,Alberta,Evergreen,50.9204249,-114.1216887,townhouse,2700.0,3.0,2.5,1148.0,0,0,0,0,12,75
507778,Calgary,Alberta,Dalhousie,51.1072336,-114.1439316,house,2650.0,3.0,1.5,1164.0,0,0,1,1,12,75
570066,Calgary,Alberta,Chaparral,50.8878627,-114.0427985,house,3650.0,4.0,3.5,2300.0,2,0,1,1,12,75
568052,Calgary,Alberta,222 Riverfront Avenue Southwest,51.0524308,-114.0668026,apartment,3400.0,2.0,2.0,870.0,1,0,0,0,6,75
327726,Calgary,Alberta,213 Auburn Meadows Place South East,50.9003766,-113.9486919,duplex,2550.0,3.0,2.5,1435.0,0,0,0,0,12,75
147266,Calgary,Alberta,Erlton,51.0282635,-114.0622695,duplex,2600.0,2.0,1.5,1225.0,0,0,0,0,12,76
302326,Calgary,Alberta,879 Arbour Lake Road Northwest,51.1331471,-114.2181424,house,2800.0,3.0,2.5,1400.0,0,0,0,1,12,76
120114,Calgary,Alberta,240 Skyview Ranch Rd NE,51.1633453,-113.9554484,apartment,2000.0,2.0,2.0,899.0,0,0,0,0,12,76
373816,Calgary,Alberta,19 Aspen Acres Road,51.0503765,-114.2154825,house,4500.0,3.0,2.5,2800.0,0,0,0,0,12,76
569310,Calgary,Alberta,Kincora,51.1564067,-114.1330859,basement,1990.0,1.0,1.0,850.0,1,0,0,0,6,80
527779,Calgary,Alberta,505 19 AVE SW,51.0358262,-114.0719736,apartment,2295.0,1.0,1.0,580.0,1,0,0,0,6,80
565304,Calgary,Alberta,225 11th Ave SE,51.0419653,-114.0478874,apartment,2850.0,2.0,2.0,786.0,2,0,0,0,6,82
567503,Calgary,Alberta,Magnolia Cmn SE,50.8872075,-113.9111042,basement,1600.0,2.0,1.0,670.0,0,0,0,0,12,85
555027,Calgary,Alberta,221 6 Ave SE,51.0471118,-114.0588037,apartment,2100.0,1.0,1.0,700.0,1,0,0,0,12,86
87023,Calgary,Alberta,Hawkwood,51.13133,-114.17949,basement,2600.0,2.0,1.0,1300.0,1,0,0,0,12,89
550805,Calgary,Alberta,4555 Varsity Ln NW,51.091825,-114.152455,apartment,2395.0,2.0,2.0,866.0,0,0,0,0,12,90
540539,Calgary,Alberta,Sirocco,50.861243655906,-114.074116060713,basement,1550.0,1.0,1.0,850.0,2,0,0,0,6,90
527524,Calgary,Alberta,1505 11 Street Southwest,51.0391878,-114.0894997,townhouse,2800.0,2.0,2.5,1200.0,1,0,1,1,12,91
22940,Calgary,Alberta,1010 13 Avenue Southwest,51.0413127,-114.0848539,apartment,1425.0,0.0,1.0,500.0,0,0,0,0,12,92
571998,Calgary,Alberta,86 Tuscarora Close Northwest,51.113237994859,-114.407149891772,house,6500.0,6.0,4.0,2500.0,0,0,1,1,12,92
572473,Calgary,Alberta,97 Legacy Glen Point Southeast,50.85323,-113.99946,house,2500.0,3.0,2.5,1628.0,0,0,0,0,12,92
142176,Calgary,Alberta,Banff Trail,51.080018457952,-114.11794062439,basement,1350.0,1.0,1.0,500.0,1,0,0,0,6,92
480150,Calgary,Alberta,Prestwick Terrace SE,50.927922,-113.973666,apartment,800.0,1.0,1.0,1350.0,1,0,0,0,6,92
40663,Calgary,Alberta,2308 - 25 Ave NW,51.075408,-114.113475,house,2850.0,3.0,1.0,1144.0,1,0,0,0,12,92
455135,Calgary,Alberta,2403 Udell Road Northwest,51.0725518,-114.1314585,house,5500.0,5.0,2.0,2400.0,1,0,0,0,12,92
566724,Calgary,Alberta,Capitol Hill,51.0688981,-114.0885058,house,3300.0,3.0,2.0,1000.0,1,0,0,0,12,92
572323,Calgary,Alberta,2103 1 Street NW,51.0707811,-114.0641699,duplex,4500.0,4.0,3.5,2400.0,1,0,0,0,6,92
142041,Calgary,Alberta,Varsity,51.099615769908,-114.158104901467,house,1920.0,2.0,1.0,1050.0,0,0,0,0,6,92
571900,Calgary,Alberta,103 1811,51.0447331,-114.0718831,apartment,1850.0,1.0,1.0,542.0,0,0,0,0,12,92
301631,Calgary,Alberta,930 6 Avenue SW,51.0482467,-114.0824216,apartment,2180.0,1.0,1.0,600.0,0,0,0,0,12,92
474180,Calgary,Alberta,235 Kincora Glen Mews,51.1637502,-114.1398288,house,2700.0,3.0,2.5,1800.0,0,0,0,0,12,92
572075,Calgary,Alberta,712 Macewan Valley Road Northwest,51.14318,-114.1122744,house,3200.0,4.0,3.5,1733.0,0,0,1,1,12,92
436069,Calgary,Alberta,51 Carringsby Avenue Northwest,51.17953,-114.08864,basement,1400.0,1.0,1.0,650.0,0,0,0,1,12,92
550670,Calgary,Alberta,530 12 Ave SW,51.0417454,-114.0732464,apartment,6500.0,2.0,2.0,1500.0,1,0,0,0,3,92
121537,Calgary,Alberta,Bridlewood,50.8971961,-114.1120459,house,3450.0,4.0,3.5,2495.0,1,0,0,0,12,92
536841,Calgary,Alberta,1634 12 Avenue Southwest,51.0426532,-114.098778,house,2300.0,2.0,1.0,740.0,0,0,0,0,12,92
485363,Calgary,Alberta,7023 5 Street Northwest,51.116276700544,-114.073284640222,house,2700.0,4.0,2.5,2246.0,0,0,0,0,12,92
322432,Calgary,Alberta,Capitol Hill,51.069883,-114.089139,townhouse,2050.0,2.0,1.0,800.0,0,0,0,0,12,92
35093,Calgary,Alberta,10728 Mapleshire Cres SE,50.958034338403,-114.034048739673,house,5995.0,5.0,3.0,3600.0,1,0,0,1,6,92
571631,Calgary,Alberta,Elbow Park,51.028471254733,-114.07758370105,house,7500.0,7.0,4.0,4500.0,2,0,0,0,12,92
124812,Calgary,Alberta,Briar Hill,51.061300852983,-114.095442825317,basement,1400.0,2.0,1.0,900.0,0,0,0,0,12,92
529447,Calgary,Alberta,Rosscarrock,51.0394255,-114.1443794,house,2700.0,3.0,1.0,1100.0,1,0,1,1,3,92
332407,Calgary,Alberta,2715 16 Avenue Southwest,51.0386434,-114.1246434,house,2600.0,4.0,2.0,900.0,0,2,1,1,6,92
89277,Calgary,Alberta,188 15th Avenue SW,51.0386631,-114.065895,apartment,1850.0,1.0,1.0,660.0,1,0,0,0,12,92
570597,Calgary,Alberta,Mount Pleasant,51.074007,-114.0681884,duplex,4250.0,4.0,3.5,2800.0,2,0,0,0,12,92
571528,Calgary,Alberta,Thorncliffe,51.0965159,-114.0632741,house,2150.0,3.0,1.5,1185.0,0,0,0,0,12,92
516172,Calgary,Alberta,2120 58 Avenue Southwest,51.001628348363,-114.1105253,basement,2200.0,2.0,1.0,1500.0,0,0,0,0,12,92
456604,Calgary,Alberta,1604 Auburn Bay Square Southeast,50.8837601,-113.9542649,townhouse,2595.0,3.0,2.5,1200.0,0,0,1,1,12,92
543347,Calgary,Alberta,30 Brentwood Common Northwest,51.0872517,-114.1285679,apartment,2975.0,2.0,2.0,807.0,2,0,1,1,6,92
571019,Calgary,Alberta,2632 23 Avenue Southwest,51.0334111,-114.1248515,basement,1200.0,1.0,1.0,900.0,1,0,0,0,3,92
439830,Calgary,Alberta,4819 Waverley Drive Southwest,51.049123254368,-114.156091338623,apartment,725.0,6.0,2.0,950.0,1,0,0,0,6,92
320923,Calgary,Alberta,450 8 Avenue Southeast,51.0457661,-114.0714818,apartment,2200.0,2.0,1.0,505.0,1,0,0,0,12,92
570362,Calgary,Alberta,196 Gordon Drive Southwest,51.0091157,-114.1518241,duplex,2600.0,3.0,1.0,1350.0,0,0,0,0,12,92
529766,Calgary,Alberta,Livingston,51.1842496,-114.0613953,basement,1400.0,1.0,1.0,550.0,0,0,0,0,6,92
478273,Calgary,Alberta,Renfrew,51.0594287,-114.0340629,house,4000.0,5.0,2.0,1200.0,0,0,0,0,6,92
569544,Calgary,Alberta,North Haven,51.106154109395,-114.077949885645,duplex,2500.0,3.0,2.0,1300.0,1,0,1,0,6,92
74032,Calgary,Alberta,Ramsay,51.0405041,-114.0415007,house,1700.0,2.0,1.0,750.0,0,0,0,0,12,92
570390,Calgary,Alberta,2702 17 Avenue SW,51.0380206,-114.124176,apartment,2700.0,2.0,2.0,870.0,1,0,1,1,12,92
453500,Calgary,Alberta,3224 Castle Rd NW,51.0810049,-114.121371,house,3200.0,5.0,2.0,1000.0,0,0,1,0,12,92
54686,Calgary,Alberta,3111 34th Ave NW,51.0824769,-114.1276997,apartment,2285.0,1.0,1.0,658.0,0,0,0,1,12,92
336427,Calgary,Alberta,3830 Brentwood Road NW,51.086132,-114.1289996,apartment,1875.0,1.0,1.0,468.0,0,0,0,0,12,92
568592,Calgary,Alberta,Briar Hill,51.062989,-114.1138456,house,10000.0,3.0,4.0,2484.0,2,0,1,1,6,92
516474,Calgary,Alberta,Kingsland,50.9839583,-114.0749224,house,3500.0,4.0,3.0,2100.0,1,0,1,1,6,92
571836,Calgary,Alberta,39 Rosetree Road Northwest,51.0791092,-114.0893742,basement,1900.0,2.0,1.0,900.0,1,0,0,0,6,93
551486,Calgary,Alberta,5515 Dalhart Road Northwest,51.112359191012,-114.162157495701,apartment,800.0,1.0,2.5,11.5,1,0,0,0,6,94
149035,Calgary,Alberta,1606 4 St NW,51.066028,-114.071122,apartment,2888.0,2.0,2.0,900.0,1,0,0,0,12,94
565893,Calgary,Alberta,803 45 Street Southwest,51.046476,-114.1531,house,2400.0,2.0,1.0,900.0,1,0,0,0,12,96
504464,Calgary,Alberta,1304 15th Avenue Southwest,51.0396914,-114.0920731,apartment,2750.0,1.0,1.5,1057.0,1,0,0,0,6,106
535226,Calgary,Alberta,215 Somme Avenue Southwest,51.0198844,-114.1117296,house,6500.0,3.0,3.5,2755.0,1,0,0,0,3,106
565793,Calgary,Alberta,845 McPherson Road Northeast,51.0497369,-114.0427601,house,3950.0,4.0,2.0,2300.0,0,2,1,1,3,106
568530,Calgary,Alberta,80 Carrington Plaza Northwest,51.182579528753,-114.090673512164,apartment,2250.0,2.0,2.0,725.0,0,0,0,0,6,106
568429,Calgary,Alberta,Glacier Ridge,51.1878701,-114.1686911,house,5500.0,3.0,2.5,2612.0,1,0,0,0,6,106
572315,Calgary,Alberta,282 Livingston Common Northeast,51.1841519,-114.0675735,townhouse,2500.0,2.0,1.0,919.0,0,0,1,1,12,122
572240,Calgary,Alberta,190 Cornerstone Avenue,51.1611914,-113.9417412,basement,1500.0,1.0,1.0,850.0,2,0,1,1,12,122
563756,Calgary,Alberta,Cornerstone Ave,51.1612088,-113.9354823,duplex,2500.0,3.0,2.5,1576.0,2,0,1,1,12,122
559695,Calgary,Alberta,2049 27 Street Southeast,51.0342791,-113.9939176,house,2600.0,2.0,1.0,700.0,1,0,1,1,6,122
571476,Calgary,Alberta,2049 27 Street Southeast,51.0342791,-113.9939176,basement,1600.0,1.0,1.0,600.0,1,0,1,1,6,122
566212,Calgary,Alberta,St Andrews Heights,51.06395,-114.1291508,apartment,1500.0,1.0,1.0,300.0,1,0,0,0,6,122
419589,Calgary,Alberta,121 Aspen Acres Manor Southwest,51.051959813673,-114.217026650293,house,6850.0,5.0,3.5,3700.0,0,0,1,1,12,122
513546,Calgary,Alberta,Cliff Bungalow,51.0376093,-114.0727448,apartment,2675.0,2.0,1.0,800.0,1,0,0,0,6,125
532325,Calgary,Alberta,221 6 Ave SE,51.0471118,-114.0588037,apartment,2175.0,1.0,1.0,700.0,1,0,0,0,6,125
552804,Calgary,Alberta,225 11th Ave SE,51.0419755,-114.0594055,apartment,4400.0,2.0,2.0,860.0,1,0,0,0,6,125
542477,Calgary,Alberta,151 Legacy Main Street Southeast,50.8606067,-114.0238414,apartment,2390.0,2.0,2.0,1090.0,2,0,1,1,12,132
507198,Calgary,Alberta,920 5th Ave SW,51.0491572,-114.0822146,apartment,2500.0,1.0,1.0,700.0,1,0,1,1,6,137
532385,Calgary,Alberta,221 6 Avenue Southeast,51.0471616,-114.0589455,apartment,2175.0,1.0,1.0,720.0,1,0,0,0,12,140
566055,Calgary,Alberta,60 24 Avenue Southwest,51.032179,-114.0617678,apartment,3150.0,2.0,2.5,1300.0,0,0,1,1,6,152
508138,Calgary,Alberta,3404 Exshaw Road Northwest,51.0794606,-114.1182574,apartment,900.0,1.0,1.0,1700.0,1,0,0,0,6,153
31558,Calgary,Alberta,630 68 Avenue Southwest,50.9924996,-114.0756739,apartment,925.0,1.0,1.0,1100.0,2,0,1,1,6,153
565077,Calgary,Alberta,1722 18 Avenue Northwest,51.0690819,-114.1007787,apartment,1000.0,1.0,1.0,1200.0,0,0,0,0,12,167
569410,Calgary,Alberta,71 Hidden Creek Rise Northwest,51.1609133,-114.0988033,duplex,2700.0,3.0,2.5,1350.0,1,0,1,1,12,183
465485,Calgary,Alberta,3 Cathedral Rd NW,51.079489,-114.120645,apartment,950.0,1.0,1.0,800.0,1,0,0,0,6,183
545809,Calgary,Alberta,Palliser,50.9674719,-114.1164862,house,4200.0,5.0,3.5,2600.0,2,0,1,1,6,183
518200,Calgary,Alberta,Walden,50.8645045,-114.006988,basement,1700.0,2.0,1.0,950.0,0,0,0,0,12,212
568524,Calgary,Alberta,Evanston,51.1820471,-114.116752,house,3680.0,4.0,2.5,2500.0,0,0,0,1,12,365
572275,Calgary,Alberta,Redstone,51.1718637,-113.9521702,duplex,1500.0,2.0,1.0,670.0,0,0,0,0,12,365
571664,Calgary,Alberta,3507 1 Street Northeast,51.0836106,-114.0602277,basement,1200.0,1.0,1.0,1000.0,0,0,1,0,12,365
546200,Calgary,Alberta,Mckenzie Towne,50.9074873,-113.9720978,apartment,800.0,4.0,4.0,1700.0,1,0,0,0,3,365
571601,Calgary,Alberta,79 Copperfield Close Southeast,50.9111182,-113.940978,house,2700.0,3.0,2.5,2125.0,0,0,0,0,12,365
566706,Calgary,Alberta,60 Legacy Reach Crescent Southeast,50.8560319,-113.9959065,basement,1575.0,2.0,1.0,850.0,0,0,1,1,12,365
571675,Calgary,Alberta,3416 Bowmanten Place Northwest,51.082733,-114.1957447,basement,1800.0,2.0,1.0,1065.0,0,0,0,0,12,365
470919,Calgary,Alberta,510 6 Ave SE,51.0472856,-114.0522252,apartment,2000.0,1.0,1.0,630.0,0,0,0,0,6,0
567557,Calgary,Alberta,Thorncliffe,51.1010274,-114.0504383,basement,1000.0,1.0,1.0,850.0,0,0,0,0,12,365
560685,Calgary,Alberta,8710 Horton Rd SW,50.97813,-114.07336,apartment,1850.0,1.0,1.0,702.0,2,0,0,0,12,365
572327,Calgary,Alberta,7224 Silver Mead Road Northwest,51.1064713,-114.1906003,house,2000.0,2.0,1.0,1100.0,0,0,1,1,12,365
571508,Calgary,Alberta,6118 80 Avenue Northeast,51.1257678,-113.9461264,apartment,2250.0,2.0,2.0,950.0,1,0,0,0,12,365
567349,Calgary,Alberta,2 Hallbrook Drive Southwest,50.9738665,-114.0942416,house,3000.0,3.0,2.0,1150.0,2,0,0,1,12,365
570427,Calgary,Alberta,211 13 Ave SE,51.0401551,-114.0601539,apartment,2950.0,2.0,2.0,911.0,1,0,0,0,12,365
569988,Calgary,Alberta,151 Legacy Main Street SE,50.8607753,-114.0233735,apartment,2100.0,1.0,1.0,706.0,0,0,1,0,12,365
572058,Calgary,Alberta,Patterson,51.0582236,-114.1743738,townhouse,1975.0,2.0,3.0,2000.0,0,0,1,1,12,365
570785,Calgary,Alberta,New Brighton,50.9158329,-113.9449004,house,1900.0,2.0,2.0,1000.0,0,0,1,0,12,365
495307,Calgary,Alberta,312 Kincora Dr NW,51.1545784,-114.1337153,house,2950.0,4.0,2.5,1921.0,0,0,1,1,12,365
571511,Calgary,Alberta,Springbank,51.0379235,-114.2492944,house,5400.0,5.0,3.5,6000.0,0,0,1,1,12,365
568983,Calgary,Alberta,210 15 Ave SE,51.0386245,-114.0603557,apartment,2600.0,2.0,2.0,1000.0,0,0,0,0,12,365
571232,Calgary,Alberta,3000 Marda Link Southwest,51.0211153,-114.1114839,apartment,2100.0,1.0,1.5,747.0,0,0,0,0,12,365
571828,Calgary,Alberta,474 Seton Circle Southeast,50.8678532,-113.954455,townhouse,2200.0,2.0,2.5,1490.0,0,0,0,0,12,365
568686,Calgary,Alberta,126 14th Ave SW,51.0395893,-114.0646344,apartment,2600.0,2.0,2.0,1100.0,2,0,0,0,12,365
570995,Calgary,Alberta,43 Butler Crescent Northwest,51.0912765,-114.1275222,house,2280.0,3.0,1.5,1100.0,2,0,0,0,12,365
566424,Calgary,Alberta,20 Seton Park Southeast,50.8792832,-113.9485172,apartment,2300.0,3.0,2.0,1150.0,0,0,0,0,12,365
360883,Calgary,Alberta,3830 Brentwood Road NW,51.0867628,-114.1295389,apartment,2450.0,2.0,2.0,683.0,1,0,1,1,12,365
570181,Calgary,Alberta,245 Harvest Hills Drive Northeast,51.1510901,-114.0596993,house,2550.0,3.0,2.0,1400.0,1,0,1,1,12,365
136907,Calgary,Alberta,Glendale,51.029282953903,-114.142119954492,apartment,1750.0,2.0,1.0,1000.0,0,0,0,0,12,365
569469,Calgary,Alberta,29 Springborough Boulevard Southwest,51.0341857,-114.1909421,townhouse,2700.0,2.0,1.5,1328.0,0,0,1,1,12,365
571363,Calgary,Alberta,Altadore,51.0229386,-114.1021679,townhouse,3100.0,3.0,2.5,1900.0,0,0,1,1,12,365
564888,Calgary,Alberta,Hamptons,51.1414204,-114.1353414,basement,1450.0,1.0,1.0,1000.0,1,0,1,0,6,365
567748,Calgary,Alberta,838 2 Avenue Southwest,51.0518897,-114.0793117,apartment,7000.0,2.0,2.5,1900.0,1,2,1,1,6,365
568732,Calgary,Alberta,838 2 Avenue Southwest,51.0518897,-114.0793117,apartment,7000.0,2.0,2.5,1900.0,1,2,1,1,6,365
92378,Calgary,Alberta,Killarney,51.0353203,-114.1415914,apartment,850.0,1.0,2.0,1200.0,1,0,0,0,6,365
571271,Calgary,Alberta,92 Tuscany Summit Square Northwest,51.1417943,-114.2555932,townhouse,2600.0,2.0,2.5,1100.0,0,0,0,0,12,365
532935,Calgary,Alberta,Capitol Hill,51.0726084,-114.1001421,house,2200.0,2.0,1.0,1300.0,0,0,0,1,12,365
571040,Calgary,Alberta,2201 45 Street Southeast,51.0345777,-113.9689083,house,2400.0,3.0,1.0,900.0,0,0,0,0,12,365
462817,Calgary,Alberta,112 Aspen Hills Close Southwest,51.0408118,-114.2218451,basement,1680.0,2.0,1.0,800.0,1,0,0,0,6,365
571076,Calgary,Alberta,13 Ranchero Green Northwest,51.1195648,-114.191279,duplex,1800.0,3.0,2.0,950.0,0,0,1,1,12,365
523942,Calgary,Alberta,Beddington Circle Northeast,51.1312432,-114.065067,apartment,750.0,1.0,1.0,1246.0,1,0,0,0,6,365
533372,Calgary,Alberta,Ranchlands,51.119579026018,-114.18709661272,house,2900.0,3.0,2.0,1300.0,1,0,0,0,6,365
570574,Calgary,Alberta,Citadel,51.1451896,-114.183967,basement,1400.0,1.0,1.0,710.0,1,0,0,0,12,365
565908,Calgary,Alberta,1400 10 Avenue Southwest,51.04431,-114.0941,apartment,1850.0,1.0,1.0,750.0,0,0,1,1,12,365
570643,Calgary,Alberta,5524 2 Street Southwest,51.0047668,-114.0683531,house,2600.0,2.0,1.0,1550.0,0,0,0,0,12,365
547808,Calgary,Alberta,Thorncliffe,51.1074218,-114.0656253,basement,1780.0,2.0,1.0,1000.0,1,0,0,0,12,365
569141,Calgary,Alberta,838 2 Avenue Southwest,51.0518897,-114.0793117,house,2300.0,1.0,1.0,500.0,1,0,1,1,6,365
501035,Calgary,Alberta,Palliser,50.969739365608,-114.108254285181,house,3300.0,4.0,2.0,1569.0,0,0,1,1,12,365
569634,Calgary,Alberta,1025 5th Avenue Southwest,51.048654,-114.0851009,apartment,2200.0,1.0,1.0,704.0,2,0,1,0,12,365
566464,Calgary,Alberta,20 Seton Park Southeast,50.8792832,-113.9485172,apartment,3000.0,3.0,2.0,1150.0,1,0,0,0,12,365
569698,Calgary,Alberta,1122 3 St SE,51.0418015,-114.0555208,apartment,2100.0,1.0,1.0,510.0,1,0,1,1,12,365
548450,Calgary,Alberta,836 Edgemont Road Northwest,51.1181441,-114.1475235,house,4995.0,4.0,3.5,3500.0,0,0,0,0,12,365
565190,Calgary,Alberta,Tuxedo Park,51.068781472865,-114.103197638403,apartment,725.0,5.0,1.0,1300.0,1,0,0,0,12,365
541142,Calgary,Alberta,Varsity,51.100322891036,-114.168241903596,house,10000.0,4.0,3.5,2500.0,1,0,1,1,6,365
121987,Calgary,Alberta,Bowness,51.083965845184,-114.200399136534,house,2900.0,3.0,1.0,1100.0,1,0,0,1,3,365
520023,Calgary,Alberta,Windsor Park,51.0023275,-114.0736964,apartment,2200.0,2.0,1.0,890.0,0,0,1,1,12,365
465558,Calgary,Alberta,Citadel,51.1484015,-114.1890767,townhouse,2975.0,4.0,3.0,1500.0,0,0,0,0,12,365
565338,Calgary,Alberta,Citadel Pass Cres NW,51.148389509114,-114.189696782617,house,3300.0,5.0,5.5,2230.0,2,0,0,0,6,365
567315,Calgary,Alberta,3820 Brentwood Road NW,51.086565,-114.128886,apartment,2600.0,1.0,1.0,431.0,0,0,0,0,12,365
128375,Calgary,Alberta,508 Murray Place NE,51.055709031715,-114.009039366934,house,2600.0,5.0,2.0,1200.0,0,0,0,0,12,365
69191,Calgary,Alberta,323-14 Ave. SW,51.0396011,-114.0698458,apartment,1600.0,1.0,1.0,700.0,0,0,0,0,12,365
458484,Calgary,Alberta,2915 17 Street Southwest,51.0282825,-114.1023275,townhouse,3950.0,3.0,2.5,1388.0,0,0,0,0,12,365
358207,Calgary,Alberta,615 6 Ave SE,51.0469979,-114.0497096,apartment,2300.0,1.0,1.0,670.0,0,0,0,0,12,365
550992,Calgary,Alberta,211 13 Ave SE,51.0401551,-114.0601539,apartment,2695.0,2.0,2.0,850.0,1,0,0,0,12,365
565536,Calgary,Alberta,7916 Ranchview Drive Northwest,51.1208264,-114.1851357,house,3000.0,3.0,2.5,1200.0,1,0,0,1,12,365
536137,Calgary,Alberta,311 Aspen Meadows Hill Southwest,51.0386867,-114.1891774,townhouse,4600.0,3.0,3.5,3000.0,0,0,0,0,12,365
561953,Calgary,Alberta,Ranchlands Blvd NW,51.118211,-114.1882429,apartment,750.0,1.0,1.0,900.0,1,0,0,0,12,365
552074,Calgary,Alberta,Setonstone Landing SE,50.8679864,-113.9424315,basement,1545.0,2.0,1.0,546.0,0,0,1,1,12,365
570210,Calgary,Alberta,16 Auburn Bay Link,50.8839527,-113.9523151,apartment,1650.0,1.0,1.0,684.37,0,0,0,0,12,365
569088,Calgary,Alberta,3932 University Avenue Northwest,51.07855,-114.1439,apartment,2220.0,1.0,1.0,545.0,2,0,0,1,12,365
441803,Calgary,Alberta,927 Harvest Hills Drive Northeast,51.1440067,-114.0519813,house,2300.0,3.0,2.0,1300.0,0,0,1,1,12,30
571924,Calgary,Alberta,1538 10 Avenue Southwest,51.0444482,-114.0967355,apartment,2440.0,2.0,2.0,848.0,0,0,1,1,12,365
568238,Calgary,Alberta,703 14 Avenue Southwest,51.039594,-114.077181,apartment,2055.0,2.0,1.0,889.0,0,0,1,1,12,365
77086,Calgary,Alberta,Rosscarrock,51.0439289,-114.1414509,apartment,1450.0,1.0,1.0,550.0,0,0,0,0,12,365
518103,Calgary,Alberta,77 Cresthaven View Southwest,51.084476244585,-114.266101558895,house,3995.0,5.0,3.5,3600.0,2,0,1,1,6,365
18374,Calgary,Alberta,Renfrew,51.077513820332,-114.045234519627,apartment,1000.0,1.0,2.0,3000.0,1,0,0,0,6,365
418587,Calgary,Alberta,39 Corner Meadows Park NE,51.1515185,-113.9355919,townhouse,2350.0,4.0,2.5,1357.0,0,0,1,1,12,365
565926,Calgary,Alberta,340 14 Avenue Southwest,51.0400384,-114.0707452,apartment,2150.0,1.0,1.0,550.0,1,0,0,0,3,365
569850,Calgary,Alberta,136 Bridlewood View Southwest,50.894682268876,-114.108774876954,townhouse,2700.0,3.0,2.5,1495.0,2,0,0,1,12,365
550473,Calgary,Alberta,132 Strathcona Road Southwest,51.0437342,-114.1730765,basement,1595.0,2.0,1.0,2000.0,0,0,0,0,12,365
568737,Calgary,Alberta,1616 8 Avenue Northwest,51.0598955,-114.0979154,apartment,1900.0,2.0,1.0,1800.0,0,0,0,0,12,365
566391,Calgary,Alberta,1740 9 Street Northwest,51.0675123,-114.0827292,townhouse,2280.0,2.0,1.5,850.0,0,0,0,0,12,365
550875,Calgary,Alberta,1400 10 Avenue Southwest,51.04431,-114.0941,apartment,1850.0,1.0,1.0,539.0,0,0,1,1,12,365
570525,Calgary,Alberta,97 Creekstone Drive Southwest,50.8613245,-114.0652569,basement,1500.0,1.0,1.0,821.0,0,0,0,0,12,365
570495,Calgary,Alberta,521 Copperstone Manor Southeast,50.912606,-113.9280917,townhouse,2500.0,3.0,1.0,1233.0,0,0,1,1,12,365
565699,Calgary,Alberta,6612 Bow Crescent Northwest,51.0886087,-114.1832423,house,5990.0,5.0,2.0,2100.0,1,0,0,1,3,365
568411,Calgary,Alberta,76 Rockcliff Grove Northwest,51.152912,-114.2455363,basement,2000.0,2.0,1.5,900.0,2,0,0,0,12,365
559064,Calgary,Alberta,Nolan Hill Dr NW,51.1742136,-114.1610806,basement,1600.0,2.0,1.0,1100.0,0,0,0,0,12,365
569598,Calgary,Alberta,25 Walgrove Walk Southeast,50.8661884,-114.0272397,apartment,2200.0,2.0,2.0,1100.0,0,0,0,0,12,365
568304,Calgary,Alberta,1508 Olympia Drive Southeast,50.9799325,-114.0060894,duplex,2300.0,3.0,1.0,1030.0,0,0,1,1,12,365
568910,Calgary,Alberta,2412 23 Avenue Southwest,51.0331401,-114.116731,duplex,1700.0,2.0,1.0,1100.0,0,0,1,0,12,365
494987,Calgary,Alberta,2410 1 Street Southwest,51.0310156,-114.0662578,apartment,5000.0,3.0,2.0,2000.0,1,0,1,1,12,365
568733,Calgary,Alberta,155 Skyview Ranch Way NE,51.1645254,-113.9644051,apartment,2200.0,2.0,2.0,950.0,0,0,1,1,6,365
568643,Calgary,Alberta,1118 12 Avenue Southwest,51.0423757,-114.0876612,apartment,3000.0,1.0,1.0,600.0,1,0,0,0,3,365
140623,Calgary,Alberta,Sunalta,51.042852,-114.104515,apartment,1825.0,1.0,1.0,650.0,0,0,1,0,12,365
47503,Calgary,Alberta,220 12th Ave SE,51.0414689,-114.0601996,apartment,1950.0,1.0,1.0,638.0,0,0,0,0,6,365
565041,Calgary,Alberta,Rangeview,50.8705101,-113.9244578,duplex,2150.0,3.0,2.5,1660.0,0,0,1,1,6,365
567486,Calgary,Alberta,30 11 St NE,51.0503499,-114.0363217,apartment,2325.0,2.0,1.0,891.0,0,0,1,0,12,365
567663,Calgary,Alberta,525 Redstone Walk Northeast,51.1671223,-113.9626992,townhouse,2450.0,2.0,2.5,1054.0,0,0,1,1,6,365
444016,Calgary,Alberta,85 Quarry Park Road SE,50.961519460415,-114.007880666132,apartment,1685.0,1.0,1.0,520.0,0,0,1,1,12,365
561580,Calgary,Alberta,1058 Carrington Boulevard,51.1789494,-114.0860696,duplex,2500.0,3.0,1.5,1355.0,0,0,0,0,12,365
549735,Calgary,Alberta,315 9A Street Northwest,51.0547225,-114.0848608,apartment,2300.0,2.0,1.0,782.47,0,0,0,0,12,365
565644,Calgary,Alberta,1121 6 Ave SW,51.0479493,-114.0881374,apartment,2150.0,1.0,1.0,764.0,1,0,0,1,6,365
522552,Calgary,Alberta,Evergreen,50.9152197,-114.1162193,apartment,850.0,1.0,1.0,10.0,1,0,0,0,12,365
5596,Calgary,Alberta,Edgemont,51.126592,-114.137232,apartment,1700.0,1.0,1.0,710.0,0,1,1,0,6,365
566463,Calgary,Alberta,3932 University Avenue Northwest,51.07855,-114.1439,apartment,1800.0,1.0,1.0,545.0,0,0,1,1,12,365
572324,Calgary,Alberta,4150 Seton Dr SE,50.8769101,-113.9489791,apartment,1400.0,1.0,1.0,890.0,1,0,0,0,12,365
571888,Calgary,Alberta,Glenbrook,51.0292544,-114.1493829,apartment,1100.0,1.0,1.0,900.0,2,0,0,1,12,365
387408,Calgary,Alberta,5112 Elbow Drive Southwest,51.00805,-114.081114,apartment,2400.0,1.0,1.0,921.0,0,0,1,1,12,365
553224,Calgary,Alberta,160 Cornerstone Path Northeast,51.157255240289,-113.940949274036,townhouse,2450.0,4.0,2.5,1600.0,0,0,1,1,12,365
411860,Calgary,Alberta,1711 11 St SW,51.0372584,-114.0904398,apartment,1000.0,0.0,1.0,400.0,0,0,1,0,12,365
316344,Calgary,Alberta,921 17 Avenue Southwest,51.0376312,-114.0831935,apartment,1800.0,0.0,1.0,450.0,1,0,0,0,12,365
359534,Calgary,Alberta,515 4 Ave NE,51.0557629,-114.0516643,townhouse,0.0,2.0,2.5,1100.0,0,0,1,1,12,365
560243,Calgary,Alberta,681 Savanna Boulevard Northeast,51.1343357187,-113.94940089682,apartment,2100.0,2.0,2.0,871.0,0,0,1,1,12,365
405788,Calgary,Alberta,5610 3 St SW,51.0038465,-114.0699268,apartment,2300.0,2.0,1.0,754.0,0,0,1,1,12,365
507114,Calgary,Alberta,924 Memorial Drive Northwest,51.0543,-114.0806751,apartment,2050.0,1.0,1.0,468.0,0,0,0,0,12,365
507119,Calgary,Alberta,1750 29 Street Southwest,51.03804,-114.12934,apartment,1700.0,0.0,1.0,430.0,0,0,1,1,12,365
537089,Calgary,Alberta,Spring Willow St SW,51.0342839,-114.2010175,apartment,1600.0,1.0,1.0,702.0,0,0,1,1,12,365
360545,Calgary,Alberta,1720 7 Street Southwest,51.0369876,-114.0790484,apartment,2500.0,2.0,1.5,1146.0,0,0,1,1,12,365
515543,Calgary,Alberta,1403 26A Street Southwest,51.041274227067,-114.125482017791,apartment,2150.0,1.0,1.0,745.0,0,0,1,1,12,365
47994,Calgary,Alberta,"#104, 224 - 90th Avenue SE",50.972543,-114.066826,apartment,1350.0,0.0,1.0,550.0,0,0,0,0,12,365
559310,Calgary,Alberta,60 Skyview Ranch Rd NE,51.1642158,-113.9614729,apartment,2200.0,2.0,2.0,955.0,0,0,1,1,12,365
528369,Calgary,Alberta,Highland Park,51.088050820348,-114.062167654631,apartment,1900.0,2.0,1.0,698.0,0,0,0,0,12,365
406865,Calgary,Alberta,76 Cornerstone Passage Northeast,51.1645766,-113.94518,apartment,1700.0,1.0,1.0,632.0,0,0,1,1,12,365
549138,Calgary,Alberta,2502 16A Street Southwest,51.0324107,-114.0997489,apartment,1750.0,1.0,1.0,515.0,0,0,1,0,12,365
532551,Calgary,Alberta,738 1 Avenue Southwest,51.0525612,-114.076908,apartment,4550.0,2.0,2.0,1060.0,0,0,1,1,12,365
540179,Calgary,Alberta,725 Cornerstone Boulevard Northeast,51.15099798471,-113.939354431738,townhouse,2450.0,4.0,2.5,1580.0,0,0,1,1,12,365
448227,Calgary,Alberta,7711 Macleod Trail Southwest,50.9849116,-114.0726799,apartment,2265.0,2.0,2.0,813.0,0,0,1,1,12,30
520164,Calgary,Alberta,745 77 Street Southwest,51.0645972,-114.2003107,apartment,1881.0,1.0,1.0,670.0,0,0,1,1,12,365
471634,Calgary,Alberta,380 Smith Street Northwest,51.0780886,-114.1500782,apartment,2750.0,2.0,2.0,820.0,0,0,1,1,12,365
426571,Calgary,Alberta,7777 Macleod Trail Southwest,50.9838397,-114.072764,apartment,2149.0,2.0,1.0,779.0,0,0,1,1,12,365
102502,Calgary,Alberta,4303 1 St NE,51.090537,-114.0598406,apartment,1995.0,1.0,1.0,571.0,0,0,0,1,12,365
543482,Calgary,Alberta,424 Sabrina Road Southwest,50.9510662,-114.0795312,apartment,2100.0,3.0,1.5,1280.0,0,0,1,1,6,365
444839,Calgary,Alberta,1916 8 Street SW,51.0354768,-114.0815721,apartment,1600.0,1.0,1.0,550.0,1,0,1,1,6,365
407788,Calgary,Alberta,8505 Broadcast Avenue SW,51.064735378703,-114.209955114017,apartment,2150.0,2.0,2.0,635.0,0,0,1,1,12,365
319079,Calgary,Alberta,2424 2 Avenue Northwest,51.054636,-114.1167639,apartment,2150.0,1.0,1.0,703.0,0,0,1,1,12,365
368446,Calgary,Alberta,202 14 Avenue SW,51.0398526,-114.0665193,apartment,1900.0,1.0,1.0,498.0,0,0,1,1,12,365
481917,Calgary,Alberta,627 23 Ave SW,51.0322636,-114.0752951,apartment,1450.0,1.0,1.0,600.0,0,0,0,0,12,365
435770,Calgary,Alberta,777 77 Street Southwest,51.0641288,-114.1997604,apartment,1800.0,1.0,1.0,628.0,0,0,1,1,12,365
393635,Calgary,Alberta,880 9 St SE,51.042894686774,-114.03890694205,apartment,2420.0,1.0,1.5,845.0,0,0,1,1,12,365
312965,Calgary,Alberta,1310 9 Street Southwest,51.0408851,-114.0838949,apartment,1400.0,2.0,1.0,800.0,0,0,1,1,6,365
474475,Calgary,Alberta,811 McDougall Rd NE,51.0506337,-114.0450861,apartment,2450.0,3.0,2.0,1171.0,0,0,1,1,12,365
563923,Calgary,Alberta,115 23 Avenue Southwest,51.0320884,-114.0656032,apartment,1335.0,1.0,1.0,500.0,0,0,1,0,12,365
440472,Calgary,Alberta,805 14 Avenue Southwest,51.039783,-114.07958,apartment,1650.0,1.0,1.0,515.0,0,0,1,1,12,365
569323,Calgary,Alberta,99 Copperstone Park SE,50.9146675,-113.9187407,apartment,1950.0,2.0,2.0,825.0,0,0,1,0,12,365
297950,Calgary,Alberta,1721 12 St SW,51.0369847,-114.0918323,apartment,1350.0,1.0,1.0,800.0,0,0,1,0,12,365
316346,Calgary,Alberta,1215 5 Street Southwest,51.041047,-114.0745879,apartment,1750.0,1.0,1.0,559.0,0,0,1,1,12,365
446933,Calgary,Alberta,70 Panamount Drive NW,51.1580738,-114.0721951,apartment,2300.0,2.0,2.0,920.0,0,0,1,1,12,365
488219,Calgary,Alberta,6459 128 Avenue Northeast,51.1649858,-113.9395459,townhouse,2300.0,2.0,2.5,1078.0,0,0,1,1,12,365
305938,Calgary,Alberta,310 5 Avenue Northeast,51.057301,-114.0571056,apartment,1150.0,1.0,1.0,575.0,0,0,0,0,12,365
439597,Calgary,Alberta,330 23 Avenue Southwest,51.0327199,-114.0706328,apartment,1695.0,1.0,1.0,780.0,0,0,1,1,12,365
348260,Calgary,Alberta,1324 1 Street Southwest,51.0397665,-114.0657125,apartment,1150.0,1.0,1.0,355.0,0,0,1,1,12,365
41174,Calgary,Alberta,2305 - 17 B St. S.W.,51.0340614,-114.102587,apartment,1695.0,1.0,1.0,575.0,0,0,0,0,12,365
302543,Calgary,Alberta,605 7 Avenue Northeast,51.0580173,-114.0491637,apartment,2000.0,1.0,1.5,745.0,0,0,0,0,12,365
43499,Calgary,Alberta,417 2 Ave NE,51.0541713,-114.0533083,apartment,1495.0,1.0,1.0,535.0,0,0,0,0,12,365
91277,Calgary,Alberta,527 18 Ave SW,51.0367603,-114.0730631,apartment,1200.0,1.0,1.0,500.0,0,0,0,0,12,365
567494,Camrose,Alberta,4920 66th St. #100,53.020655,-112.858134,apartment,1365.0,2.0,1.0,800.0,0,0,1,1,12,0
334181,Camrose,Alberta,4612 57 Street,53.0153177,-112.8380476,apartment,1329.0,2.0,1.0,759.0,0,0,1,1,12,0
334183,Camrose,Alberta,4718 46 Street,53.017426,-112.819139,apartment,1498.0,2.0,1.0,700.0,0,0,1,1,12,0
334184,Camrose,Alberta,4908 53 Street,53.021751,-112.831358,apartment,1234.0,1.0,1.0,494.0,0,0,1,1,12,0
334275,Camrose,Alberta,4814 46 St,53.018997,-112.81929,apartment,1499.0,2.0,1.0,700.0,0,0,1,1,12,0
334279,Camrose,Alberta,4810 60 Street,53.0190735,-112.8430957,apartment,1329.0,1.0,1.0,675.0,0,0,1,1,12,0
334270,Camrose,Alberta,29 Grand Drive,53.020467,-112.8479401,apartment,1284.0,1.0,1.0,675.0,0,0,1,1,12,0
354687,Camrose,Alberta,4720 46 Street,53.0175699,-112.8193502,apartment,1309.0,1.0,1.0,530.0,0,0,1,1,12,0
354689,Camrose,Alberta,6217 48A Avenue,53.018892,-112.8511782,apartment,1429.0,2.0,1.0,880.0,0,0,1,1,12,0
354688,Camrose,Alberta,6211 48A Avenue,53.018915831595,-112.85075890105,apartment,1479.0,2.0,1.0,880.0,0,0,1,1,12,0
334266,Camrose,Alberta,4714 54 St,53.017169,-112.833032,apartment,1454.0,2.0,1.0,950.0,0,0,1,1,12,0
334182,Camrose,Alberta,4722 46 Street,53.0179212,-112.8190481,apartment,1044.0,0.0,1.0,432.0,0,0,1,1,12,0
334271,Camrose,Alberta,119 Mount Pleasant Drive,53.0077113,-112.8452663,townhouse,1264.0,2.0,1.0,720.0,0,0,1,1,12,0
563525,Camrose,Alberta,4912 52A Street,53.0218532,-112.8300021,apartment,1200.0,2.0,1.0,850.0,0,0,0,0,12,365
572269,Canmore,Alberta,209 Stewart Creek Rise,51.04795,-115.30591,townhouse,4650.0,3.0,2.0,1160.0,0,0,0,0,12,0
569734,Canmore,Alberta,100 Rummel Place,51.0809634,-115.3676006,duplex,4200.0,3.0,1.5,1200.0,0,0,1,1,12,30
567647,Canmore,Alberta,105 Riva Court,51.0535656,-115.3231895,townhouse,5200.0,3.0,3.5,2959.0,0,0,1,0,12,44
439511,Canmore,Alberta,243 Stewart Creek Rise,51.0495303,-115.3114194,house,5995.0,4.0,3.5,2003.0,1,0,1,1,12,44
554486,Canmore,Alberta,101 Stewart Creek Landing,51.049660018534,-115.314907058336,apartment,5500.0,2.0,2.0,1700.0,1,0,0,1,3,75
567471,Carmangay,Alberta,418 Armstrong Street,50.1245838,-113.1064087,house,1500.0,3.0,1.0,1120.0,0,2,1,1,12,365
565299,Chestermere,Alberta,80 Dawson Drive,51.035822591063,-113.84646167407,apartment,1698.0,1.0,1.0,635.0,0,0,1,1,12,0
572280,Chestermere,Alberta,300 Marina Drive,51.0523606,-113.8262073,townhouse,1700.0,2.0,1.0,800.0,0,0,0,0,12,0
569260,Chestermere,Alberta,Dawson Hbr Hl,51.0337561,-113.8466111,house,3000.0,4.0,3.0,1850.0,0,0,1,1,12,0
558915,Chestermere,Alberta,304 West Creek Circle,51.04038655586,-113.826191219196,basement,1850.0,2.0,1.0,1216.0,0,0,0,0,6,0
570235,Chestermere,Alberta,S Shr Mt,51.0187146,-113.8291781,basement,1750.0,3.0,1.0,1070.0,0,0,0,0,6,0
548594,Chestermere,Alberta,S Shr Ct,51.01618044263,-113.830151416394,townhouse,1600.0,1.0,1.0,611.0,0,0,1,1,12,0
570353,Chestermere,Alberta,239 Kinniburgh Road,51.0257398,-113.8104055,duplex,2800.0,3.0,2.5,1800.0,0,0,1,1,12,0
531389,Chestermere,Alberta,33 Merganser Drive West East,51.0356809,-113.8582307,townhouse,2500.0,3.0,2.5,1308.0,0,0,0,0,12,0
441106,Chestermere,Alberta,129 Hawkmere Close,51.051059,-113.8372257,house,2500.0,4.0,2.5,2449.0,0,0,0,0,12,30
567070,Chestermere,Alberta,38 South Shore Bay,51.0179912,-113.8332355,basement,1399.0,2.0,1.0,970.0,0,0,0,0,12,30
22429,Chestermere,Alberta,163 Hawkmere Way,51.051717,-113.8403599,house,3450.0,3.0,2.5,2450.0,0,0,0,0,12,30
571305,Chestermere,Alberta,128 Magenta Crescent,51.0256226,-113.835473,basement,2000.0,2.0,1.0,1300.0,0,0,0,0,12,30
570807,Chestermere,Alberta,155 Rainbow Falls Drive,51.0283064,-113.8393169,townhouse,900.0,1.0,1.0,1400.0,0,0,0,0,3,44
572119,Chestermere,Alberta,Springmere Grove,51.0421909,-113.8394144,duplex,2850.0,3.0,2.5,2024.0,0,0,0,0,12,75
442563,Cochrane,Alberta,101 - 1704 Heartland Ave,51.2004477,-114.5052702,townhouse,2150.0,3.0,2.5,1140.0,0,0,1,1,12,0
484056,Cochrane,Alberta,625 Glenbow Drive,51.1909311,-114.4752153,apartment,1850.0,2.0,1.0,742.0,0,0,1,1,12,0
570871,Cochrane,Alberta,279 Clydesdale Way,51.197408,-114.5098741,house,3200.0,3.0,2.5,1935.0,0,0,1,1,12,0
348942,Cochrane,Alberta,285049 Range Road 35 (close to Bottrel),51.434748314922,-114.403300919891,basement,2475.0,3.0,1.0,1850.0,1,0,0,1,12,0
542338,Cochrane,Alberta,17 Glenbrook Place,51.1925923,-114.4789806,house,2850.0,4.0,3.0,2200.0,0,0,0,0,12,0
570135,Cochrane,Alberta,229 Clydesdale Way,51.1982963,-114.511496,basement,1650.0,1.0,1.0,700.0,0,0,0,0,12,0
560066,Cochrane,Alberta,250 Fireside View,51.1572972,-114.4735972,townhouse,2175.0,2.0,1.5,1200.0,0,0,0,0,12,0
570592,Cochrane,Alberta,16 Fireside Way,51.159654,-114.4752748,duplex,3000.0,3.0,4.0,1365.0,0,0,1,1,12,0
570258,Cochrane,Alberta,Heartland St.,51.2007096,-114.5034154,duplex,850.0,1.0,1.0,1500.0,1,0,0,0,3,0
569450,Cochrane,Alberta,435 Rivercrest Boulevard,51.1668567,-114.4606986,house,3500.0,5.0,3.5,3500.0,2,0,0,1,12,0
569773,Cochrane,Alberta,55 Fireside Burrow,51.1580971,-114.4758806,house,2800.0,3.0,2.5,1432.0,0,0,0,0,12,0
571212,Cochrane,Alberta,265 River Heights Drive,51.164936,-114.4575264,house,3000.0,3.0,2.5,1380.0,0,0,1,1,12,30
572025,Cochrane,Alberta,176 Sunrise Common,51.21999,-114.46169,house,2795.0,3.0,2.5,2400.0,0,0,0,0,12,30
517423,Cochrane,Alberta,7 Sunset Park,51.2111414,-114.4647353,house,2600.0,3.0,2.5,2800.0,0,0,0,1,12,30
571800,Cochrane,Alberta,95 Buckskin Way,51.1963344,-114.5068752,basement,1500.0,1.0,1.0,500.0,0,0,0,0,12,30
570682,Cochrane,Alberta,11 Sunset Court,51.2113446,-114.4667399,house,2450.0,3.0,2.5,2139.0,0,0,0,0,12,30
571006,Cochrane,Alberta,189 Sunset Common,51.2146224,-114.4666239,duplex,2500.0,3.0,2.5,1539.0,0,0,0,0,12,30
535952,Cochrane,Alberta,62 Rivercrest Common,51.1658744,-114.45941,basement,1325.0,1.0,1.0,639.0,0,0,0,0,12,33
471143,Cochrane,Alberta,Fireside Way,51.1594591,-114.4792547,duplex,2500.0,3.0,2.5,1400.0,0,0,1,1,12,44
572352,Cochrane,Alberta,8  Sunset Manor,51.2142755,-114.4637741,basement,1500.0,1.0,1.0,1144.0,0,0,0,0,12,61
141860,Cochrane,Alberta,"Heritage Hills, Cochrane, Alberta",51.2051419,-114.5052971,townhouse,2250.0,2.0,2.5,1650.0,0,0,0,0,12,61
472022,Cochrane,Alberta,146 Bow Ridge Drive,51.1843088,-114.5130385,house,2850.0,3.0,2.5,1700.0,0,0,1,1,6,61
569456,Cochrane,Alberta,22 Precedence Glen,51.1689597,-114.4436053,house,2700.0,3.0,2.5,1550.0,0,0,0,0,12,61
487485,Cochrane,Alberta,250 Fireside View,51.1573141,-114.4731319,townhouse,3200.0,3.0,2.5,1494.0,1,0,0,1,3,67
571488,Cochrane,Alberta,112 Emberside Place,51.1588333,-114.4840905,basement,1550.0,1.0,1.0,700.0,1,0,0,0,6,122
481084,Cold Lake,Alberta,5623 54 Street,54.4227698,-110.2083626,apartment,1395.0,0.0,1.0,450.0,0,0,0,0,12,0
288393,Cold Lake,Alberta,2505 3rd Avenue,54.469418,-110.2003,apartment,1368.0,2.0,1.0,859.0,0,0,1,1,12,34
568638,De Winton,Alberta,173 HERITAGE LAKE BLVD HERITAGE POINTE AB ,50.840296,-114.0126309,house,6500.0,4.0,3.0,2267.0,0,0,1,1,12,30
572558,Drumheller,Alberta,360 4 Street West,51.463097,-112.713043,apartment,2600.0,2.0,2.0,600.0,1,0,1,1,12,0
549526,Edmonton,Alberta,11329 University Avenue,53.5159751,-113.5244347,apartment,1598.0,1.0,1.0,525.0,0,0,1,1,12,0
478927,Edmonton,Alberta,10049 103 Street,53.5402876,-113.4970901,apartment,1163.0,0.0,1.0,462.0,0,0,1,1,12,30
517036,Edmonton,Alberta,10110 120 STREET NW,53.5412895,-113.5292479,apartment,1750.0,1.0,1.0,589.0,0,0,1,1,12,0
377693,Edmonton,Alberta,10141 124 Street Northwest,53.5428264,-113.5355289,apartment,1551.0,1.0,1.0,545.0,0,0,1,1,12,37
437811,Edmonton,Alberta,8122 106 ST NW,53.5177227,-113.5034953,apartment,2134.0,2.0,2.0,943.0,0,0,1,1,12,30
470242,Edmonton,Alberta,10045 111 Street NW,53.5401546,-113.5115349,apartment,1800.0,1.0,1.0,804.0,0,0,1,1,12,0
455426,Edmonton,Alberta,200-255 & 300-391 Huntington Hill NW,53.485090720822,-113.49679622989,townhouse,1445.0,2.0,1.0,980.0,0,0,1,1,12,0
455425,Edmonton,Alberta,1-89 Huntington Hill NW,53.485211,-113.498257,townhouse,1930.0,3.0,1.5,980.0,0,0,1,1,12,0
460758,Edmonton,Alberta,10043 108  Northwest Street,53.5399968,-113.5063117,apartment,1691.0,1.0,1.0,661.0,0,0,1,1,12,0
456767,Edmonton,Alberta,1-14 Horner Rd NW,53.585511613282,-113.38921797116,townhouse,1695.0,3.0,1.5,1047.0,0,0,1,1,12,0
455314,Edmonton,Alberta,1-33 Hooke Rd NW,53.584281364143,-113.39035104302,townhouse,1655.0,3.0,1.5,1039.0,0,0,1,1,12,0
358143,Edmonton,Alberta,8217 130 Ave,53.5890269,-113.4684235,townhouse,1365.0,2.0,1.0,952.0,0,0,1,1,12,0
455313,Edmonton,Alberta,4-8 Hooper Crescent,53.584613938027,-113.38568191482,apartment,1435.0,2.0,1.0,940.0,0,0,1,1,12,0
455427,Edmonton,Alberta,400-463 & 500-563 Huntington Hill NW,53.48277983347,-113.49721703254,townhouse,1395.0,2.0,1.0,1050.0,0,0,1,1,12,0
470341,Edmonton,Alberta,10620 116 St NW,53.5504344,-113.5215685,apartment,1375.0,1.0,1.0,520.0,0,0,1,1,12,0
455312,Edmonton,Alberta,"350, 354 & 358 Hooper Crescent",53.5855249,-113.392691,apartment,1124.0,1.0,1.0,744.0,0,0,1,1,12,0
566365,Edmonton,Alberta,11313 102 Street Northwest,53.5631798,-113.4951738,townhouse,2097.0,3.0,3.5,1825.0,0,0,1,1,12,0
455310,Edmonton,Alberta,1102 Hermitage Road,53.582952799621,-113.39319958836,apartment,1599.0,3.0,1.5,1003.0,0,0,1,1,12,0
566414,Edmonton,Alberta,10023 104 Street Northwest,53.5395397,-113.4990321,apartment,1930.0,1.0,1.0,555.0,0,0,1,1,12,0
334224,Edmonton,Alberta,12607 118 Avenue,53.5700013,-113.5399811,apartment,1544.0,2.0,1.0,906.0,0,0,1,1,12,0
552401,Edmonton,Alberta,9312 83 Street Northwest,53.5284886,-113.45551,townhouse,2800.0,3.0,2.5,1425.0,0,0,0,1,12,0
552098,Edmonton,Alberta,11130 86 Avenue NW,53.522526162623,-113.5204524762,apartment,3495.0,3.0,2.5,1605.0,0,0,1,1,12,0
334286,Edmonton,Alberta,7315 Yellowhead Trail,53.582332,-113.4585276,apartment,1160.0,2.0,1.0,748.0,0,0,1,1,12,0
456596,Edmonton,Alberta,1-15 Hyndman Crescent,53.5792244,-113.3790085,townhouse,1565.0,2.0,1.0,900.0,0,0,1,1,12,0
571487,Edmonton,Alberta,11141 84 Avenue,53.5187796,-113.5195406,apartment,2291.0,2.0,2.0,790.0,0,0,1,1,12,0
354691,Edmonton,Alberta,10910 110 St NW,53.5549766,-113.510633,apartment,1574.0,2.0,1.0,876.0,0,0,1,1,12,0
564458,Edmonton,Alberta,14005 28 Avenue SW,53.4100753,-113.5646546,apartment,1655.0,1.0,1.0,605.0,0,0,0,1,12,0
538187,Edmonton,Alberta,1104 Windermere Way SW,53.4379664,-113.620372,apartment,1714.0,2.0,2.0,842.0,0,0,1,1,12,0
478151,Edmonton,Alberta,10542 45 Avenue NW,53.4831757,-113.5036568,townhouse,1695.0,3.0,1.5,1232.0,0,0,1,1,12,0
526694,Edmonton,Alberta,Price Way/Price Lane/ Price Link,53.4156021,-113.5558947,townhouse,2050.0,2.0,2.5,1319.0,0,0,0,1,12,0
550991,Edmonton,Alberta,9660 229 St NW,53.5344178,-113.710505,apartment,1730.0,2.0,2.0,931.0,0,0,1,1,12,0
454900,Edmonton,Alberta,5016 & 5008 4 Ave SW,53.4294066,-113.4203601,apartment,1840.0,2.0,2.0,1020.0,0,0,1,1,12,0
370059,Edmonton,Alberta,14904 96 Ave NW,53.5332221,-113.5784926,apartment,1174.0,1.0,1.0,588.0,0,0,1,1,12,0
478152,Edmonton,Alberta,10500 45 Avenue NW,53.483114,-113.5023377,apartment,1495.0,2.0,1.0,1054.0,0,0,1,1,12,0
294096,Edmonton,Alberta,10020 103 Avenue,53.5456934,-113.492029,apartment,1129.0,0.0,1.0,357.0,0,0,0,0,12,0
289370,Edmonton,Alberta,16404 115 Street NW,53.625677,-113.52429,apartment,1229.0,1.0,1.0,630.0,0,0,1,1,12,0
565047,Edmonton,Alberta,11228 86 Street Northwest,53.5619349,-113.4736377,apartment,1295.0,1.0,1.0,671.0,0,0,1,0,12,0
334147,Edmonton,Alberta,10125 153 Street,53.5421565,-113.5844926,apartment,1184.0,1.0,1.0,515.0,0,0,1,1,12,0
538188,Edmonton,Alberta,16517 55 Street NW,53.6279367,-113.4178601,apartment,1710.0,2.0,2.0,837.0,0,0,1,1,12,0
540915,Edmonton,Alberta,1250 PODERSKY WYND SW,53.4124505,-113.5588613,townhouse,2150.0,2.0,2.5,1191.0,0,0,0,1,12,0
401429,Edmonton,Alberta,11010 82 Street Northwest,53.558313,-113.467605,apartment,1000.0,1.0,1.0,650.0,0,0,1,0,12,0
453234,Edmonton,Alberta,7912 109 St NW,53.5158932,-113.5123378,apartment,1750.0,1.0,2.0,950.0,0,0,1,1,12,0
554977,Edmonton,Alberta,11329 University Avenue,53.5159751,-113.5244347,apartment,1495.0,1.0,1.0,526.0,0,0,1,1,12,0
288688,Edmonton,Alberta,10167 118 St. NW,53.5426379,-113.524482,apartment,1299.0,1.0,1.0,510.0,0,0,1,1,12,23
333578,Edmonton,Alberta,2474 Bowen Wynd,53.417062015518,-113.51704597377,apartment,1635.0,2.0,2.0,836.0,0,0,1,1,12,75
412759,Edmonton,Alberta,9950 90 Avenue Northwest,53.5256539,-113.4880895,apartment,1200.0,1.0,1.0,700.0,0,0,0,0,6,365
399462,Edmonton,Alberta,5205 110 Street Northwest,53.490038,-113.51356,apartment,1300.0,1.0,1.0,700.0,0,0,1,0,12,365
313667,Edmonton,Alberta,Alberta Avenue,53.5698409,-113.479492,apartment,970.0,0.0,1.0,520.0,0,0,1,1,12,365
360187,Edmonton,Alberta,12220 Jasper Avenue,53.54155,-113.533377,apartment,1575.0,1.0,1.0,598.0,0,0,1,1,12,365
450153,Edmonton,Alberta,11212 102 Avenue Northwest,53.543109,-113.514517,apartment,1675.0,2.0,1.0,840.0,0,0,0,0,12,0
523496,Edmonton,Alberta,8210 111 Street NW,53.5186238,-113.5182316,apartment,1950.0,1.0,1.0,789.0,0,0,1,1,12,0
450159,Edmonton,Alberta,9837 110 Street Northwest,53.5367243,-113.5098689,apartment,1485.0,1.0,1.0,720.0,0,0,0,0,12,0
301691,Edmonton,Alberta,"2703, 2707, 2711 & 2715 James Mowatt Trail SW",53.4052129,-113.53633739999,apartment,1465.0,1.0,1.0,593.0,0,0,1,1,12,0
450155,Edmonton,Alberta,231A Creston Place (56 Street - 144 Avenue),53.606807,-113.427183,townhouse,1515.0,2.0,1.5,1060.0,0,0,0,0,12,0
508376,Edmonton,Alberta,7607 172 St,53.5083818,-113.6193564,apartment,1250.0,1.0,1.0,654.0,0,0,1,1,12,0
450156,Edmonton,Alberta,3529 78 Street,53.4675384,-113.4515804,townhouse,1899.0,3.0,1.5,1170.0,0,0,0,0,12,0
358171,Edmonton,Alberta,11440 & 11444 Ellerslie Road SW,53.425749,-113.521457,apartment,1535.0,1.0,1.0,672.0,0,0,1,1,12,0
450160,Edmonton,Alberta,10159 118 Street Northwest,53.5423078,-113.5244197,apartment,1385.0,1.0,1.0,525.0,0,0,0,0,12,0
450162,Edmonton,Alberta,11808 100 Avenue Northwest,53.5396521,-113.5254746,apartment,1720.0,1.0,1.0,780.0,0,0,0,0,12,0
262920,Edmonton,Alberta,8401 169 Street,53.5180682,-113.6114342,apartment,1579.0,2.0,1.0,978.0,0,0,1,0,12,0
572355,Edmonton,Alberta,10506 - 10512 121 St NW,53.5484023,-113.5311059,apartment,1535.0,1.0,1.0,603.0,0,0,1,1,12,0
263030,Edmonton,Alberta,4905 107 Street,53.4873471,-113.5078877,townhouse,1659.0,2.0,1.0,926.0,0,0,1,0,12,0
554878,Edmonton,Alberta,12235 106 Avenue NW,53.54906,-113.53363,apartment,1410.0,1.0,1.0,422.0,0,0,1,1,12,0
263041,Edmonton,Alberta,10711 47 Avenue,53.4847989,-113.5079373,apartment,1399.0,1.0,1.0,646.0,0,0,1,0,12,0
263032,Edmonton,Alberta,4519 101A Ave NW,53.542698,-113.4131482,apartment,1499.0,2.0,1.0,893.0,0,0,1,0,12,0
262970,Edmonton,Alberta,4440 - 106 Street,53.4826759,-113.5044371,apartment,1354.0,1.0,1.0,625.0,0,0,1,0,12,0
262969,Edmonton,Alberta,9717 111 Street,53.5342904,-113.5114957,apartment,2124.0,2.0,2.0,1305.0,0,0,1,0,12,0
482131,Edmonton,Alberta,1332 Watt Drive Southwest,53.4148178,-113.431259,townhouse,1350.0,1.0,1.0,505.0,0,0,1,1,12,75
477790,Edmonton,Alberta,11711 105 Avenue NW,53.5480872,-113.5237526,apartment,1570.0,1.0,1.0,752.0,0,0,1,1,12,0
567620,Edmonton,Alberta,10127 121st Street,53.5415981,-113.5301962,apartment,1505.0,1.0,1.0,675.0,0,0,1,1,12,0
300071,Edmonton,Alberta,16265 51 St NW,53.6233723,-113.41452759999,apartment,1595.0,2.0,1.0,775.0,0,0,1,1,12,0
495803,Edmonton,Alberta,10611 – 116 St NW,53.550393089394,-113.5207478159,apartment,1795.0,2.0,1.0,1096.0,0,0,1,1,12,0
559561,Edmonton,Alberta,5045 Whitemud Road,53.4889063,-113.5816368,apartment,1524.0,2.0,1.0,850.0,0,0,1,1,12,0
546595,Edmonton,Alberta,5026 129 Avenue,53.5877557,-113.419512,apartment,1600.0,1.0,1.0,904.0,0,0,1,1,12,0
537244,Edmonton,Alberta,6855 Ad Astra Blvd NW,53.6061806,-113.5136895,apartment,1690.0,2.0,2.0,927.0,0,0,1,1,12,0
529799,Edmonton,Alberta,10310 102 St NW,53.5450299,-113.49616,apartment,1530.0,1.0,1.0,490.0,0,0,1,1,12,0
554010,Edmonton,Alberta,7604 108 Street,53.5126119,-113.5097051,apartment,1275.0,0.0,1.0,371.0,0,0,1,1,12,0
529631,Edmonton,Alberta,10312 111 Street,53.5450384,-113.5127219,apartment,1525.0,1.0,1.0,560.0,0,0,1,1,12,0
262888,Edmonton,Alberta,4605 106A Street Northwest,53.483375,-113.5077169,apartment,1199.0,0.0,1.0,578.0,0,0,1,0,12,0
412229,Edmonton,Alberta,10621 100 Avenue NW,53.5385022,-113.504201,apartment,1725.0,2.0,1.0,798.0,0,0,1,1,12,0
466212,Edmonton,Alberta,11025 26 Ave N.W.,53.455970268895,-113.51459525035,apartment,1875.0,2.0,2.0,770.0,0,0,1,1,3,0
508373,Edmonton,Alberta,10333 121 St. NW,53.5457805,-113.5303152,apartment,1650.0,2.0,1.0,1044.0,0,0,1,0,12,0
541954,Edmonton,Alberta,13025 69 Street,53.5901571,-113.4472411,apartment,1400.0,1.0,1.0,700.0,0,0,1,1,12,0
477775,Edmonton,Alberta,9999 111th Street NW,53.538051,-113.51213,apartment,1235.0,0.0,1.0,408.0,0,0,1,1,12,0
466211,Edmonton,Alberta,2610 109 Street Northwest,53.457381385213,-113.51214651237,apartment,1525.0,1.0,1.0,475.0,0,0,1,1,12,0
508370,Edmonton,Alberta,9550 & 9604 129B Ave,53.5894573,-113.490758,apartment,1200.0,1.0,1.0,740.0,0,0,1,1,12,0
477780,Edmonton,Alberta,8510 111th Street,53.521426,-113.517728,apartment,1185.0,0.0,1.0,430.0,1,0,1,1,12,0
564448,Edmonton,Alberta,10058 102 St NW,53.540616,-113.4959894,apartment,2995.0,3.0,2.0,1306.0,0,0,1,1,12,0
454506,Edmonton,Alberta,10215 95 Street,53.54576269947,-113.47905490675,apartment,2250.0,3.0,2.0,1160.0,0,0,1,1,12,0
547552,Edmonton,Alberta,8520 Jasper Avenue,53.5551747,-113.4718367,apartment,1759.0,2.0,2.0,951.0,0,0,1,1,12,28
344534,Edmonton,Alberta,1665 & 1671 Jamha Road,53.4845786,-113.4124841,apartment,1695.0,2.0,1.0,922.0,0,0,1,1,12,30
340735,Edmonton,Alberta,5868 - 5872 Mullen Place,53.4320628,-113.5697698,apartment,1650.0,2.0,1.0,914.0,0,0,1,1,12,30
419725,Edmonton,Alberta,789 Tamarack Way NW,53.4789297,-113.3646865,apartment,1735.0,1.0,1.0,652.0,0,0,1,1,12,37
567628,Edmonton,Alberta,10022 – 110 Street NW,53.5395903,-113.5105776,apartment,1527.0,1.0,1.0,476.0,0,0,1,1,12,30
554875,Edmonton,Alberta,11009 109A Avenue,53.5554803,-113.51168255159,apartment,1586.0,1.0,1.0,578.0,0,0,1,1,12,29
510464,Edmonton,Alberta,10001 Bellamy Hill,53.5384991,-113.4943113,apartment,2100.0,2.0,2.0,1036.0,0,0,1,1,12,30
478186,Edmonton,Alberta,8455 106A Ave NW,53.556874042637,-113.47157111639,apartment,1395.0,1.0,1.0,500.0,0,0,1,1,12,20
508372,Edmonton,Alberta,10405 Saskatchewan Dr NW,53.5228608,-113.4980868,apartment,1300.0,1.0,1.0,630.0,0,0,1,0,12,30
568647,Edmonton,Alberta,10211 Princess Elizabeth Ave,53.5614016,-113.5058861,apartment,1545.0,2.0,1.0,877.0,0,0,1,1,12,30
543924,Edmonton,Alberta,1790 Keene Crescent SW,53.419506,-113.6179289,apartment,1800.0,2.0,2.0,866.0,0,0,1,1,12,30
340737,Edmonton,Alberta,2315 / 2319 Maple Road,53.4766816,-113.361518,apartment,1697.0,2.0,1.0,895.0,0,0,1,1,12,30
567141,Edmonton,Alberta,10231 120 Street NW,53.54365,-113.52813,apartment,1520.0,1.0,1.0,501.0,0,0,1,1,12,30
340736,Edmonton,Alberta,707 / 711 Tamarack Way,53.4770357,-113.363582,apartment,1727.0,2.0,1.0,914.0,0,0,1,1,12,30
526146,Edmonton,Alberta,17103 94A Avenue NW,53.5305613,-113.6168234,apartment,1455.0,1.0,1.0,655.0,0,0,1,1,12,30
523499,Edmonton,Alberta,11703 51 Avenue NW,53.4874458,-113.5347987,townhouse,1947.0,2.0,2.5,1126.0,0,0,1,1,12,30
512562,Edmonton,Alberta,10650 83 Ave,53.5192951,-113.5057575,apartment,1489.0,1.0,1.0,711.0,0,0,0,1,12,44
519098,Edmonton,Alberta,10735 84 Ave,53.5198378,-113.5080801,apartment,1949.0,2.0,2.0,788.0,0,0,1,1,12,44
278452,Edmonton,Alberta,1776 Cunningham Way Southwest,53.40701,-113.5300657,townhouse,2100.0,3.0,2.5,1270.0,0,0,1,1,12,106
572592,Edmonton,Alberta,8022 222a Street NW,53.5134735,-113.7009054,basement,1200.0,2.0,1.0,1000.0,0,0,0,0,12,0
271304,Edmonton,Alberta,Glenora,53.543782964063,-113.563500864026,townhouse,1950.0,2.0,2.0,1220.0,0,0,1,1,12,0
563241,Edmonton,Alberta,8222 79 Street Northwest,53.5187636,-113.4493226,duplex,2595.0,5.0,6.0,2350.0,0,0,0,0,12,0
570288,Edmonton,Alberta,11933 106 Avenue Northwest,53.55322127159,-113.523561658691,apartment,1400.0,1.0,1.0,610.0,0,0,0,1,6,0
486619,Edmonton,Alberta,9208 106 Avenue Northwest,53.5523107,-113.4779413,apartment,995.0,1.0,1.0,800.0,0,1,0,0,12,0
572585,Edmonton,Alberta,8022 222a Street NW,53.5134735,-113.7009054,house,2600.0,3.0,2.5,2450.0,0,0,0,0,12,0
428967,Edmonton,Alberta,7551 82 Avenue Northwest,53.5176876,-113.4459557,house,1195.0,2.0,1.0,950.0,0,0,0,0,12,0
565954,Edmonton,Alberta,21750 93 avenue NW,53.5289023,-113.6937545,townhouse,2095.0,3.0,2.5,1425.0,0,0,1,1,12,0
525248,Edmonton,Alberta,Edgemont,53.4721364,-113.6713131,basement,1499.0,2.0,1.0,1890.0,0,0,0,0,6,0
568371,Edmonton,Alberta,8128 227 Street Northwest,53.515331,-113.7092468,apartment,1275.0,1.0,1.0,457.0,0,0,1,1,12,0
546434,Edmonton,Alberta,4229 Veterans Way Northwest,53.6105083,-113.5096657,house,3150.0,3.0,2.5,2665.0,0,0,0,0,12,0
569233,Edmonton,Alberta,8132 227 Street Northwest,53.5153945,-113.7092472,apartment,1275.0,1.0,1.0,454.0,0,0,1,1,12,0
560157,Edmonton,Alberta,740 Daniels Way Southwest,53.4000163,-113.5439542,townhouse,1890.0,3.0,2.5,1120.0,0,0,1,1,12,0
571670,Edmonton,Alberta,5339 Lark Crescent Northwest,53.5804894,-113.692419,house,3100.0,4.0,3.5,2650.0,2,0,1,1,12,0
501801,Edmonton,Alberta,Downtown,53.5517815,-113.4834594,apartment,1500.0,1.0,1.0,750.0,2,0,1,0,12,0
569549,Edmonton,Alberta,2175 Haddow Drive Northwest,53.451903,-113.5929587,house,2800.0,4.0,3.5,1693.0,0,0,1,1,12,0
528967,Edmonton,Alberta,6607 106 Street,53.5027951,-113.5041315,basement,1395.0,2.0,1.0,800.0,0,0,0,0,12,61
572057,Edmonton,Alberta,Terwillegar,53.444001,-113.5774373,townhouse,2300.0,2.0,2.5,1100.0,1,0,0,0,12,0
568929,Edmonton,Alberta,15004 45 Avenue NW,53.4842792,-113.5806597,apartment,1295.0,1.0,1.0,846.0,0,0,0,0,12,0
572300,Edmonton,Alberta,10525 83 Ave.,53.519072,-113.500619,apartment,1795.0,2.0,1.0,697.0,0,0,0,1,12,0
385272,Edmonton,Alberta,10410 102 Avenue NW,53.5433368,-113.499671,apartment,2290.0,2.0,2.0,991.0,0,0,0,0,12,0
561658,Edmonton,Alberta,3252 20 Street Northwest,53.4632352,-113.3715662,house,2000.0,3.0,2.0,1800.0,0,0,0,0,12,0
510745,Edmonton,Alberta,1751 Erker Way Northwest,53.475078,-113.6689351,basement,1400.0,2.0,1.0,800.0,0,0,1,1,12,0
572326,Edmonton,Alberta,12235 52 Street,53.5778886,-113.4211903,house,2395.0,3.0,1.0,1164.0,0,0,1,1,12,0
512268,Edmonton,Alberta,10145 109 St NW,53.5423495,-113.5078978,apartment,1495.0,2.0,1.0,1098.0,0,0,1,1,12,0
470340,Edmonton,Alberta,11189 Ellerslie Road,53.4240247,-113.5201524,apartment,2420.0,2.0,2.0,1152.0,0,0,1,1,12,0
566891,Edmonton,Alberta, 10422 16 Avenue NW,53.4465305,-113.4962885,house,2675.0,4.0,2.5,1620.0,0,0,0,0,12,0
412416,Edmonton,Alberta,11142 78 Avenue Northwest,53.514319,-113.5188299,basement,1650.0,2.0,1.0,800.0,0,0,0,0,12,0
570715,Edmonton,Alberta,926 Hollingsworth Bend Northwest,53.4583924,-113.5553499,house,6500.0,8.0,6.5,4000.0,1,0,1,1,12,0
537985,Edmonton,Alberta,Riverside Crescent NW,53.5312654,-113.5615471,house,3550.0,6.0,2.5,1900.0,0,0,1,1,12,0
488970,Edmonton,Alberta,21805 91A Avenue NW,53.525161854071,-113.69344714131,apartment,1678.0,2.0,2.0,939.0,0,0,1,1,12,0
569210,Edmonton,Alberta,11819 53 Street Northwest,53.5710532,-113.42274,basement,1250.0,1.0,1.0,600.0,0,0,1,1,12,0
283354,Edmonton,Alberta,"27, 2204 - 118 Street NW",53.4525253,-113.5328437,house,1700.0,2.0,1.0,888.0,0,0,0,0,12,0
369306,Edmonton,Alberta,10238 103 St NW,53.543986748716,-113.497926713492,apartment,4650.0,2.0,2.5,1316.0,1,0,0,0,6,0
553192,Edmonton,Alberta,6951 25th Ave SW,53.408993085973,-113.44716961575,townhouse,1899.0,3.0,2.5,1244.0,0,0,1,1,12,0
566751,Edmonton,Alberta,17635 58 Street Northwest,53.6394555,-113.4239882,townhouse,2200.0,3.0,2.5,1454.0,0,2,1,1,12,0
568619,Edmonton,Alberta,14332 121 Street Northwest,53.6060922,-113.5296182,house,1450.0,3.0,1.5,1100.0,0,0,1,0,12,0
571903,Edmonton,Alberta,7463 May Common Northwest,53.4478135,-113.5496164,apartment,1895.0,1.0,1.0,854.0,0,0,1,1,12,0
572298,Edmonton,Alberta,7411 80 Avenue Northwest,53.5159422,-113.4419316,duplex,1595.0,3.0,1.0,1200.0,0,0,0,0,12,0
512609,Edmonton,Alberta,23107 77 Avenue NE,53.5096893,-113.7157923,apartment,1509.0,2.0,2.0,901.0,0,0,1,1,12,0
340874,Edmonton,Alberta,14204-103 ave,53.544128,-113.566223,townhouse,1750.0,3.0,1.5,1100.0,0,0,0,0,12,0
263381,Edmonton,Alberta,10106 105 Street Northwest,53.5412371,-113.5013766,apartment,1320.0,0.0,1.0,665.0,0,0,0,0,6,0
567493,Edmonton,Alberta,5011 - 140 Avenue NW,53.603552,-113.421347,apartment,1310.0,1.0,1.0,588.0,0,0,1,1,12,0
572442,Edmonton,Alberta,4220 139 Avenue Northwest,53.60098,-113.4092182,apartment,1595.0,2.0,1.0,840.0,0,0,1,1,12,0
529789,Edmonton,Alberta,10923 77 Avenue Northwest,53.5130267,-113.5132192,townhouse,1322.0,1.0,1.0,500.0,0,0,1,1,12,0
525643,Edmonton,Alberta,7021 South Terwillegar Dr,53.437509,-113.5716471,apartment,2025.0,2.0,2.0,965.0,0,0,0,0,12,0
572007,Edmonton,Alberta,Edgemont,53.4663364,-113.6802582,duplex,2299.0,3.0,2.5,1600.0,0,0,1,1,12,0
566101,Edmonton,Alberta,9918 101 Street Northwest,53.5378949,-113.4942044,apartment,1525.0,1.0,1.0,712.0,0,0,1,0,12,0
288674,Edmonton,Alberta,14407 121 St. NW,53.606302,-113.528421,apartment,1282.0,1.0,1.0,750.0,0,0,1,1,12,0
571262,Edmonton,Alberta,414 Jennings Bay Northwest,53.4867363,-113.4018633,house,2550.0,4.0,3.0,1097.0,0,0,0,0,6,0
318016,Edmonton,Alberta,10503 98 Ave NW,53.5354791,-113.5016368,apartment,2000.0,2.0,2.0,1020.0,0,0,0,0,12,0
326836,Edmonton,Alberta,10011 116 St NW,53.5392416,-113.5209188,apartment,1900.0,2.0,1.0,1200.0,0,0,1,0,6,0
435477,Edmonton,Alberta,Spruce Avenue,53.565307,-113.4952554,house,1900.0,3.0,2.0,1000.0,0,0,0,0,6,0
537270,Edmonton,Alberta,Crytallina Nera Drive 178 Avenue,53.6387615,-113.4558389,duplex,1075.0,1.0,1.0,600.0,0,0,1,1,12,0
472478,Edmonton,Alberta,8824 93 Street Northwest,53.5241879,-113.470162,apartment,1295.0,1.0,1.0,800.0,0,0,0,0,12,0
536671,Edmonton,Alberta,11450 80 Ave,53.5165259,-113.5279992,apartment,2495.0,3.0,2.0,1173.0,0,0,1,1,12,0
484531,Edmonton,Alberta,Wild Rose,53.4664824,-113.3886868,basement,750.0,1.0,1.0,700.0,2,0,0,0,6,0
510253,Edmonton,Alberta,10303 105 St NW,53.5450607,-113.5006527,apartment,1900.0,2.0,1.0,780.0,0,0,0,0,6,0
330525,Edmonton,Alberta,10508 119 Street Northwest,53.5482077,-113.5272098,apartment,1400.0,1.0,1.0,900.0,0,0,0,0,12,0
520119,Edmonton,Alberta,20103 19 Avenue Northwest,53.4502184,-113.6668643,townhouse,1750.0,3.0,2.5,1530.0,0,0,0,0,12,0
571865,Edmonton,Alberta,3429 Abbott Way Southwest,53.4004042,-113.5255634,house,2400.0,3.0,2.5,1650.0,1,0,0,0,12,0
566640,Edmonton,Alberta,10332 114 Street Northwest,53.545338,-113.5181362,apartment,1595.0,0.0,1.0,450.0,2,0,1,0,12,0
572353,Edmonton,Alberta,7902 113 Street,53.5153381,-113.5233146,basement,1500.0,3.0,1.0,1400.0,0,0,0,0,12,0
566889,Edmonton,Alberta,11309 79 Avenue Northwest,53.5148774,-113.5234598,house,2199.0,2.0,2.5,1550.0,0,0,1,1,12,0
572393,Edmonton,Alberta,15621 121 Street Northwest,53.61835,-113.52917,townhouse,2095.0,3.0,2.5,1450.0,0,0,1,1,12,0
566363,Edmonton,Alberta,8714 83 Avenue Northwest,53.5192842,-113.4622138,apartment,1547.0,1.0,1.0,900.0,0,0,1,1,12,0
572236,Edmonton,Alberta,2711 194 Street Northwest,53.4596338,-113.6582244,house,2000.0,3.0,2.5,1400.0,0,0,1,1,12,0
546786,Edmonton,Alberta,4211 Savaryn Dr SW,53.4121645,-113.4676879,apartment,1685.0,2.0,2.0,847.0,0,0,1,1,12,0
556315,Edmonton,Alberta,11503 100 Avenue Northwest,53.5384491,-113.5199831,apartment,1695.0,0.0,1.0,485.0,0,0,0,0,12,0
510761,Edmonton,Alberta,11910 35 Avenue Southwest,53.4018,-113.54655,townhouse,2150.0,3.0,2.5,1700.0,0,0,0,0,12,0
475101,Edmonton,Alberta,10250 122nd Street NW,53.5443305,-113.5329811,apartment,1020.0,1.0,1.0,580.0,0,0,1,1,12,0
522642,Edmonton,Alberta,7920 84 Avenue Northwest,53.5202428,-113.4502615,house,1795.0,3.0,1.0,1000.0,0,0,1,1,12,0
271833,Edmonton,Alberta,10160 114 St NW,53.5424659,-113.5180673,apartment,1400.0,1.0,1.0,600.0,0,0,0,0,6,0
286824,Edmonton,Alberta,10238 103 St NW,53.5440266,-113.4976216,apartment,2250.0,2.0,2.0,795.0,1,0,0,0,12,0
572151,Edmonton,Alberta,McConachie,53.6346146,-113.4302661,apartment,1650.0,2.0,2.0,950.0,0,0,0,0,12,0
278794,Edmonton,Alberta,7751 8 Avenue Southwest,53.4262571,-113.4542306,duplex,1845.0,3.0,2.5,1306.0,0,0,0,0,12,0
329253,Edmonton,Alberta,9342 103 Avenue Northwest,53.5474927,-113.4785843,apartment,1895.0,3.0,1.0,1150.0,0,0,1,1,12,0
572205,Edmonton,Alberta,9540 Carson Bend Southwest,53.3979576,-113.590105,house,1400.0,1.0,1.0,900.0,0,0,0,0,12,0
571348,Edmonton,Alberta,604 62 Street Southwest,53.4272355,-113.437666,townhouse,1795.0,2.0,1.0,894.0,1,0,1,1,12,0
572248,Edmonton,Alberta,7331 South Terwillegar Drive Northwest,53.4342875,-113.579,apartment,1750.0,2.0,2.0,835.0,0,0,0,0,12,0
501277,Edmonton,Alberta,10310 102 Street Northwest,53.5450299,-113.49616,apartment,1695.0,1.0,1.0,628.0,0,0,1,1,12,0
571449,Edmonton,Alberta,Ambleside,53.4226878,-113.6102283,duplex,2190.0,3.0,2.5,1320.0,2,0,1,0,12,0
572005,Edmonton,Alberta,1921 33 Street Northwest,53.4501684,-113.3896876,house,3200.0,5.0,3.5,2252.0,0,0,0,0,6,0
557698,Edmonton,Alberta,727 Orchards Boulevard Southwest,53.402733,-113.4607051,townhouse,2300.0,3.0,2.5,1368.0,0,0,1,1,12,0
495582,Edmonton,Alberta,8609 111 Street Northwest,53.5222877,-113.5175179,apartment,1050.0,1.0,2.5,1200.0,1,0,0,0,12,0
398108,Edmonton,Alberta,10532 66 Avenue Northwest,53.5027755,-113.5020492,basement,1300.0,1.0,1.0,675.0,0,0,0,0,12,0
520092,Edmonton,Alberta,12204 121 Avenue Northwest,53.5751432,-113.4690902,basement,1050.0,1.0,1.0,579.0,0,0,0,0,12,0
478702,Edmonton,Alberta,12619 17 Avenue Southwest,53.4166669,-113.539731,house,2600.0,3.0,3.0,2200.0,0,0,0,0,6,0
499022,Edmonton,Alberta,McDougall,53.5568624,-113.5043099,basement,1250.0,1.0,1.0,550.0,2,0,1,0,6,0
565483,Edmonton,Alberta,Cloverdale,53.5372906,-113.4674312,townhouse,3000.0,3.0,2.0,2063.0,0,0,1,0,12,0
302421,Edmonton,Alberta,10805 79 Avenue Northwest,53.5149704,-113.5097886,apartment,1495.0,2.0,1.0,900.0,0,0,0,0,6,0
571237,Edmonton,Alberta,8028 Orchards Green Southwest,53.4041893,-113.466283,house,2300.0,3.0,2.5,1600.0,0,0,0,0,6,0
430764,Edmonton,Alberta,11511 27 Ave NW,53.4595341,-113.5317854,apartment,1300.0,1.0,1.0,590.0,0,0,0,0,12,0
571151,Edmonton,Alberta,Queen Alexandra,53.5093331,-113.5041705,house,2300.0,3.0,1.5,1100.0,0,0,0,0,12,0
527741,Edmonton,Alberta,9736 160 Street Northwest,53.5359387,-113.5976605,house,2500.0,3.0,2.5,1960.0,2,0,1,1,6,0
568290,Edmonton,Alberta,5812 8 Avenue Southwest,53.4258035,-113.4315297,house,1850.0,3.0,2.0,1250.0,0,0,1,1,12,0
571787,Edmonton,Alberta,Heritage Valley,53.4015473,-113.5389383,duplex,2800.0,4.0,3.5,1600.0,1,0,0,0,12,0
297108,Edmonton,Alberta,10108 125 Street Northwest,53.5421915,-113.5382281,apartment,2500.0,2.0,2.0,1380.0,0,0,0,0,12,0
563707,Edmonton,Alberta,16807 32 Avenue Southwest,53.409066221694,-113.609737508673,duplex,2200.0,3.0,2.5,1375.0,0,0,0,0,12,0
518655,Edmonton,Alberta,Allard,53.40006103883,-113.521665830688,townhouse,1600.0,2.0,2.0,1100.0,0,0,0,0,12,0
411721,Edmonton,Alberta,Carlton,53.6224619,-113.5632209,basement,1400.0,2.0,1.0,1176.0,0,0,1,0,12,0
545125,Edmonton,Alberta,5308 - 147th Ave,53.610376,-113.423206,apartment,1235.0,0.0,1.0,560.0,0,0,1,1,12,0
410022,Edmonton,Alberta,10235 111 St NW,53.5437433,-113.5118683,townhouse,2150.0,2.0,2.0,1400.0,0,0,0,0,12,0
567744,Edmonton,Alberta,1915 164 Street Southwest,53.4165799,-113.6036839,duplex,2250.0,3.0,2.5,1400.0,0,0,0,0,12,0
549845,Edmonton,Alberta,Secord Blvd NW,53.5343131,-113.6951918,basement,1300.0,1.0,1.0,800.0,0,0,0,0,12,0
562530,Edmonton,Alberta,12222 101 Street Northwest,53.5774933,-113.4942445,duplex,1750.0,3.0,2.5,1050.0,0,0,0,0,12,0
277059,Edmonton,Alberta,5407 162nd Avenue,53.622456,-113.419092,apartment,1920.0,2.0,2.0,924.0,0,0,0,0,12,0
568816,Edmonton,Alberta,446 Allard Boulevard Southwest,53.398722,-113.5216935,townhouse,1790.0,2.0,2.5,1100.0,0,0,1,1,12,0
567746,Edmonton,Alberta,1915 164 Street Southwest,53.4165799,-113.6036839,basement,1250.0,1.0,1.0,464.0,0,0,0,0,12,0
435566,Edmonton,Alberta,4322 114B Street Northwest,53.480614,-113.5278519,basement,975.0,1.0,1.0,539.0,0,0,0,0,6,0
480087,Edmonton,Alberta,2016 152 Ave NW,53.6156947,-113.3725507,basement,1300.0,2.0,1.0,1200.0,0,0,0,0,6,0
474926,Edmonton,Alberta,9914 Bellamy Hill,53.5376845,-113.4960787,apartment,1000.0,1.0,1.0,850.0,0,1,1,1,12,0
567828,Edmonton,Alberta,"6008 (Main) Naden Landing NW - Main, Edmonton, AB T5E 6V4",53.6043588,-113.5083482,house,2275.0,4.0,2.5,1743.0,0,0,0,0,12,0
560221,Edmonton,Alberta,"1472 (Main) Keswick Drive Southwest - Main, Edmonton, AB T6W 1A5",53.412804,-113.6348663,house,2000.0,3.0,2.5,1457.0,0,0,0,0,12,0
525498,Edmonton,Alberta,9825 103 Street Northwest,53.5361733,-113.4968511,apartment,1675.0,2.0,1.0,985.0,0,0,1,1,6,0
571896,Edmonton,Alberta,1238 Windermere Way Southwest,53.4349522,-113.617892,apartment,1750.0,2.0,2.0,835.0,0,0,0,0,12,0
475070,Edmonton,Alberta,9535 165 Street NW,53.533175121206,-113.60544022275,apartment,1200.0,1.0,1.0,696.0,0,0,1,1,12,0
460504,Edmonton,Alberta,7235 101 Ave,53.540927,-113.439833,apartment,900.0,0.0,1.0,500.0,0,1,1,1,12,0
369132,Edmonton,Alberta,10121 80 Avenue NW,53.5158124,-113.4917512,apartment,2100.0,2.0,2.0,1000.0,2,0,1,1,12,0
560359,Edmonton,Alberta,15144 14 Street Northwest,53.6145748,-113.3645285,house,2900.0,3.0,2.5,1631.0,0,0,1,1,12,0
570211,Edmonton,Alberta,McKernan,53.5105381,-113.5136152,basement,1450.0,2.0,1.0,950.0,1,0,0,0,12,0
536513,Edmonton,Alberta,9632 96 Street Northwest,53.5355772,-113.4750953,apartment,1500.0,1.0,1.0,540.0,0,0,0,0,12,0
568338,Edmonton,Alberta,11214 105 Street Northwest,53.5615865,-113.5015503,house,2100.0,4.0,2.0,2000.0,0,0,1,1,12,0
525737,Edmonton,Alberta,10666 63 Avenue Northwest,53.5002844,-113.5077921,duplex,2150.0,3.0,2.5,1300.0,0,0,0,0,12,0
571778,Edmonton,Alberta,Edgemont,53.46756,-113.68011,house,2600.0,3.0,2.5,1711.0,0,0,0,0,12,0
571815,Edmonton,Alberta,7503 Getty Gate Northwest,53.4965549,-113.6775962,townhouse,1900.0,3.0,2.5,1112.0,0,0,1,1,12,0
571854,Edmonton,Alberta,9316 82 Avenue Northwest,53.518379287398,-113.471588982495,apartment,2600.0,1.0,2.0,1107.0,2,0,1,1,6,0
505838,Edmonton,Alberta,722 43A Ave NW,53.48182,-113.3543,apartment,1450.0,1.0,1.0,596.0,0,0,1,1,12,0
570846,Edmonton,Alberta,10570 62 Avenue Northwest,53.499126,-113.5035381,house,2250.0,3.0,2.0,1005.0,0,0,1,1,12,0
571639,Edmonton,Alberta,10180 103 ST NW,53.5428168,-113.4979766,apartment,2400.0,2.0,2.0,812.0,0,0,1,1,12,0
436210,Edmonton,Alberta,11819 75 Ave NW,53.5110355,-113.5360055,house,2950.0,4.0,2.5,1450.0,0,0,1,1,6,0
571718,Edmonton,Alberta,11442 93 Street Northwest,53.5654926,-113.4845149,house,1795.0,3.0,2.5,1174.0,0,0,1,1,12,0
334159,Edmonton,Alberta,11820 88 Street,53.5709868,-113.4764645,apartment,1264.0,1.0,1.0,616.0,0,0,1,1,12,0
281098,Edmonton,Alberta,8315-91 St,53.5198293,-113.4671308,apartment,1500.0,3.0,1.0,1100.0,0,0,1,1,6,0
571324,Edmonton,Alberta,10135 Saskatchewan Dr NW,53.5241199,-113.4928894,apartment,2200.0,2.0,1.0,1100.0,1,0,0,0,12,0
557174,Edmonton,Alberta, 2828 193 St NW,53.458848689505,-113.656912132788,house,1800.0,3.0,2.5,1410.0,0,0,0,0,12,0
569914,Edmonton,Alberta,10346 117 Street Northwest,53.5459655,-113.5234175,apartment,1850.0,2.0,2.0,1000.0,0,0,0,0,12,0
566583,Edmonton,Alberta,9819 104 Street,53.5364138,-113.4987758,apartment,2399.0,2.0,2.0,1252.0,0,0,0,0,12,0
570844,Edmonton,Alberta,Edgemont,53.4751667,-113.673666,house,2300.0,3.0,2.5,1350.0,0,0,0,0,12,0
546665,Edmonton,Alberta,8211/8213 98 Avenue,53.5372567,-113.4542785,apartment,1395.0,2.0,2.0,665.0,0,0,0,1,12,0
571574,Edmonton,Alberta,4411 117A Street Northwest,53.4821099,-113.5339462,house,2300.0,5.0,2.5,2500.0,0,0,1,1,12,0
567973,Edmonton,Alberta,9640 Colak Lane Southwest,53.3980015,-113.5931277,house,2100.0,3.0,2.5,1557.0,0,0,0,0,12,0
571804,Edmonton,Alberta,6125 17A Avenue Northwest,53.4469432,-113.4312186,house,1.0,6.0,2.5,1600.0,0,0,1,1,12,0
479451,Edmonton,Alberta,3830 105th Street NW,53.474663,-113.504924,apartment,1425.0,2.0,1.0,996.0,0,0,1,1,12,0
563506,Edmonton,Alberta,18004 62B Avenue Northwest,53.4970426,-113.6351419,apartment,1750.0,2.0,1.0,1087.0,1,0,0,0,12,0
489879,Edmonton,Alberta,9139 142 Street Northwest,53.5267246,-113.5651822,house,2500.0,4.0,2.0,1300.0,0,0,1,1,6,0
571303,Edmonton,Alberta,3108 169 Street Southwest,53.4071614,-113.6133648,basement,1250.0,1.0,1.0,530.0,0,0,0,0,12,0
571579,Edmonton,Alberta,5339 Lark Crescent Northwest,53.5804894,-113.692419,house,2100.0,3.0,2.5,1850.0,0,0,1,1,12,0
456015,Edmonton,Alberta,11428 105 Street Northwest,53.565416,-113.501811,house,1095.0,2.0,1.0,1300.0,0,0,0,0,12,0
288628,Edmonton,Alberta,8715 104 St. NW,53.5229733,-113.4971486,apartment,1365.0,1.0,1.0,780.0,0,0,1,1,12,0
571155,Edmonton,Alberta,Charlesworth,53.4298032,-113.3956024,apartment,1500.0,1.0,1.0,685.0,0,0,0,0,6,0
288672,Edmonton,Alberta,115-11919 162 Ave. NW,53.621746,-113.530138,apartment,1359.0,1.0,1.0,523.0,0,0,1,1,12,0
571556,Edmonton,Alberta,7709 82 Avenue Northwest,53.517731,-113.4465088,duplex,2400.0,3.0,2.5,1400.0,0,0,1,1,12,0
525482,Edmonton,Alberta,11220 103 Ave NW,53.544803,-113.515255,apartment,1645.0,2.0,2.0,809.0,0,0,1,1,12,0
571625,Edmonton,Alberta,10130 114 Street NW,53.5417593,-113.5182362,apartment,2600.0,2.0,2.0,1285.0,0,0,0,0,12,0
558768,Edmonton,Alberta,1023 173 St. SW,53.4237027,-113.6182371,townhouse,2350.0,3.0,2.5,1734.0,0,0,1,1,12,0
570545,Edmonton,Alberta,804 Welsh Drive,53.422370561982,-113.441091130688,townhouse,1950.0,3.0,2.5,1312.0,0,0,0,0,12,0
571458,Edmonton,Alberta,3442 Cameron Heights Cove Northwest,53.4743814,-113.634657,townhouse,2950.0,3.0,2.5,1500.0,1,0,0,0,6,0
568121,Edmonton,Alberta,5730 Riverbend Road Northwest,53.4948049,-113.5795125,apartment,1250.0,1.0,1.0,721.0,0,0,1,1,12,0
549174,Edmonton,Alberta,8709 118 Street Northwest,53.52326,-113.53377,apartment,1600.0,1.0,1.0,585.0,0,0,1,1,12,0
567830,Edmonton,Alberta,9128 99 Street Northwest,53.5270202,-113.4863823,apartment,1050.0,1.0,1.0,650.0,0,0,0,0,12,0
566919,Edmonton,Alberta,Capilano,53.5532738,-113.4152291,house,2100.0,2.0,2.0,1000.0,0,0,1,1,12,0
423035,Edmonton,Alberta,10535 122 St NW,53.5490629,-113.531798,apartment,1850.0,2.0,2.0,727.0,0,0,1,1,12,0
558148,Edmonton,Alberta,10303 105 St NW,53.5450607,-113.5006527,apartment,1800.0,2.0,1.0,1000.0,2,0,0,0,12,0
571600,Edmonton,Alberta,8604 Gateway Boulevard Northwest,53.5223167,-113.4959695,apartment,2000.0,2.0,1.0,860.0,0,0,1,1,12,0
568600,Edmonton,Alberta,Summerlea,53.5282373,-113.6168124,apartment,2400.0,2.0,1.0,908.0,1,0,0,0,6,0
571451,Edmonton,Alberta,6893 Evans Wynd Northwest,53.4746939,-113.6699454,house,3000.0,3.0,2.5,2500.0,0,0,1,1,12,0
570634,Edmonton,Alberta,10650 158 Avenue Northwest,53.6189892,-113.5035177,townhouse,2095.0,3.0,2.5,1371.0,0,0,1,1,12,0
571519,Edmonton,Alberta,McAllister Loop SW,53.4301931,-113.5191245,apartment,1450.0,1.0,1.0,698.58,0,0,0,0,12,0
485236,Edmonton,Alberta,2554 Rabbit Hill Rd NW,53.458242,-113.567318,duplex,2100.0,3.0,2.5,1600.0,1,0,0,0,6,0
517586,Edmonton,Alberta,4445 Kinsella Green Southwest,53.41532,-113.6221,house,1175.0,1.0,1.0,1000.0,0,0,0,0,12,0
541130,Edmonton,Alberta,10180 103 ST NW,53.5428168,-113.4979766,apartment,2550.0,2.0,2.0,812.0,0,0,1,1,12,0
293214,Edmonton,Alberta,18122 77 St NW,53.64433441121,-113.465547165112,apartment,1450.0,2.0,1.0,750.0,0,0,1,1,6,0
445057,Edmonton,Alberta,11255 31 Ave NW,53.462716,-113.524323,apartment,1250.0,2.0,1.0,800.0,0,0,0,0,12,0
487748,Edmonton,Alberta,10180 103 ST NW,53.5428168,-113.4979766,apartment,3250.0,2.0,2.0,812.0,1,0,1,0,6,0
564450,Edmonton,Alberta,16549 20 Avenue Southwest,53.4163149,-113.6083025,duplex,2145.0,3.0,2.5,1471.0,0,0,1,1,12,0
361981,Edmonton,Alberta,7544 (bsmt) 177 Avenue Northwest,53.640011283732,-113.458588150556,basement,1100.0,2.0,1.0,744.0,0,0,0,0,12,0
569854,Edmonton,Alberta,Ritchie,53.5120806,-113.4841793,basement,1300.0,2.0,1.0,1100.0,0,0,0,0,12,0
570639,Edmonton,Alberta,10180 103 ST NW,53.5428168,-113.4979766,apartment,3250.0,2.0,2.0,973.0,1,0,0,0,12,0
336255,Edmonton,Alberta,10149 83 Avenue Northwest,53.5188761,-113.4934102,apartment,1495.0,2.0,1.0,865.0,0,0,0,0,12,0
571289,Edmonton,Alberta,Windsor Park,53.518522,-113.532807,basement,1850.0,2.0,1.0,1200.0,0,0,0,0,12,0
566337,Edmonton,Alberta,8043 Cedric Mah Road,53.5697167,-113.5197454,house,1299.0,1.0,1.0,688.0,0,0,1,1,12,0
503585,Edmonton,Alberta,9999 111 Street Northwest,53.5384657,-113.511695,apartment,1235.0,0.0,1.0,400.0,0,0,1,1,12,0
511648,Edmonton,Alberta,368 Chappelle Dr SW,53.4048889,-113.5628148,house,2400.0,4.0,3.5,2200.0,0,0,1,1,12,0
369671,Edmonton,Alberta,9720 106 St NW,53.5345502,-113.5034092,apartment,2400.0,2.0,2.0,925.0,0,0,0,0,6,0
287704,Edmonton,Alberta,7815 159 street,53.5111207,-113.5962664,apartment,1600.0,2.0,1.5,1100.0,0,0,0,0,12,0
334165,Edmonton,Alberta,11707 80 Street,53.5692049,-113.4638,apartment,1144.0,1.0,1.0,570.0,0,0,1,1,12,0
492971,Edmonton,Alberta,11512 87 Street Northwest,53.5662093,-113.475192,duplex,2500.0,4.0,3.5,1950.0,0,0,0,0,12,0
289664,Edmonton,Alberta,Lewis Estate,53.51706,-113.67785,basement,1750.0,1.0,1.0,875.0,2,0,0,0,6,0
571302,Edmonton,Alberta,10160 114 Street Northwest,53.5425213,-113.5180852,apartment,1050.0,0.0,1.0,337.0,0,0,0,0,12,0
423569,Edmonton,Alberta,10403 98 Avenue Northwest,53.5351477,-113.4996734,apartment,1650.0,1.0,1.0,826.78,0,0,1,1,12,0
506926,Edmonton,Alberta,Charlesworth,53.4297481,-113.426816,basement,1875.0,2.0,1.0,1200.0,0,0,0,0,12,0
567314,Edmonton,Alberta,10212 120 Avenue Northwest,53.573727,-113.4967612,apartment,1595.0,3.0,1.5,1300.0,0,0,1,1,12,0
523397,Edmonton,Alberta,11336 79 Avenue Northwest,53.5154368,-113.5249546,house,1900.0,4.0,1.0,1000.0,0,0,0,0,12,0
571114,Edmonton,Alberta,4433 117 Avenue Northwest,53.5693011,-113.4113217,basement,1350.0,2.0,1.0,800.0,0,0,1,1,12,0
260790,Edmonton,Alberta,10136 104 Street Northwest,53.5418331,-113.4995046,apartment,2700.0,2.0,2.0,1269.0,0,0,0,0,12,0
463027,Edmonton,Alberta,10360 102 St NW,53.5460192,-113.495815,apartment,2650.0,1.0,1.0,750.0,0,0,0,0,12,0
475608,Edmonton,Alberta,9945 167 Street Northwest,53.538548662681,-113.608903115869,apartment,1500.0,2.0,2.0,89.0,0,0,0,0,12,0
570843,Edmonton,Alberta,2905 141 Street Southwest,53.409068,-113.5643486,townhouse,2000.0,3.0,2.5,1200.0,0,0,0,1,12,0
533536,Edmonton,Alberta,10360 102 St NW,53.5457543,-113.4962335,apartment,2999.0,2.0,2.0,915.0,0,0,0,1,12,0
289248,Edmonton,Alberta,12220 82 Street NW,53.577384,-113.4677135,apartment,979.0,0.0,1.0,446.0,0,0,1,1,12,0
570143,Edmonton,Alberta,10518 113 St,53.548677,-113.5160995,apartment,1650.0,2.0,2.0,800.0,0,0,1,0,12,0
560421,Edmonton,Alberta,9736 160 Street Northwest,53.5359387,-113.5976605,basement,1280.0,1.0,1.0,850.0,1,0,1,0,6,0
571111,Edmonton,Alberta,9632 Colak Link SW,53.398931816432,-113.59144623347,house,2200.0,3.0,2.5,1500.0,0,0,0,0,12,0
527067,Edmonton,Alberta,10406 97 Avenue,53.534332,-113.4996259,apartment,850.0,1.0,1.0,900.0,0,0,0,0,12,30
570973,Edmonton,Alberta,4576 Turner Square Northwest,53.4459903,-113.5846917,house,2350.0,3.0,2.5,1900.0,0,0,0,0,12,0
557863,Edmonton,Alberta,17755 95 Street,53.6403061,-113.4877759,townhouse,1450.0,3.0,1.0,1000.0,0,0,0,0,12,0
334170,Edmonton,Alberta,10657 103 Street,53.551088,-113.496698,apartment,1184.0,1.0,1.0,657.0,0,0,1,1,12,0
571050,Edmonton,Alberta,3203 73 Street Northwest,53.4638597,-113.4451044,basement,1300.0,2.0,1.0,800.0,0,0,0,0,12,0
524955,Edmonton,Alberta,11025 Jasper Avenue,53.5406116,-113.5108438,apartment,1500.0,0.0,1.0,450.0,1,0,1,1,12,0
519586,Edmonton,Alberta,8275 29 Avenue,53.4600582,-113.457236,townhouse,1550.0,3.0,1.0,1033.0,0,0,1,1,12,0
433276,Edmonton,Alberta,7223 80 Ave NW,53.515859880329,-113.439589364418,basement,1200.0,1.0,1.0,750.0,0,0,0,0,12,0
571058,Edmonton,Alberta,Strathcona,53.5215786,-113.4859058,apartment,2600.0,2.0,2.0,800.0,1,0,1,1,3,0
566644,Edmonton,Alberta,9927 76 Street Northwest,53.5402351,-113.4442277,house,1950.0,3.0,1.0,1100.0,0,0,1,1,12,0
445950,Edmonton,Alberta,9730 106 St NW,53.5350039,-113.5033793,apartment,1375.0,1.0,1.0,500.0,0,0,1,0,12,0
490581,Edmonton,Alberta,10532 66 Avenue Northwest,53.502594840802,-113.502021513492,duplex,2800.0,3.0,2.5,1600.0,0,0,0,0,12,0
566791,Edmonton,Alberta,High Park,53.5576646,-113.5814597,basement,1500.0,2.0,1.0,925.0,0,0,1,1,12,0
542487,Edmonton,Alberta,7116 Cardinal Way Southwest,53.396781,-113.5763316,house,2300.0,3.0,2.5,1700.0,0,0,1,1,12,0
437105,Edmonton,Alberta,3511 118 Avenue Northwest,53.569825,-113.3960861,apartment,925.0,1.0,1.0,650.0,0,0,1,0,12,0
354982,Edmonton,Alberta,1820 Rutherford Rd SW,53.416193545117,-113.522228977247,apartment,1750.0,1.0,1.0,850.0,1,0,0,0,12,0
284197,Edmonton,Alberta,340 Windermere Rd NW,53.4403434,-113.6198071,apartment,1600.0,2.0,2.0,831.0,0,0,0,0,12,0
393307,Edmonton,Alberta,10149 Saskatchewan Drive,53.5234996,-113.4936618,apartment,1450.0,2.0,2.0,925.0,0,0,0,0,12,0
567358,Edmonton,Alberta,11969 Jasper Ave,53.5407736,-113.5289202,apartment,3500.0,2.0,2.0,1260.0,0,0,0,0,12,0
563873,Edmonton,Alberta,1729 Keene Crescent Southwest,53.4189292,-113.6193747,townhouse,1850.0,2.0,2.5,1209.0,0,0,0,0,12,0
566471,Edmonton,Alberta,10205 100 Avenue,53.5386005,-113.4950539,apartment,1400.0,1.0,1.0,650.0,0,0,0,0,12,0
544372,Edmonton,Alberta,11730 91 Street Northwest,53.5695892,-113.4816049,basement,995.0,1.0,1.0,515.0,0,0,0,0,6,0
546661,Edmonton,Alberta,4703 104 Avenue Northwest,53.5464568,-113.415938,basement,995.0,2.0,1.0,800.0,0,0,0,0,12,0
563423,Edmonton,Alberta,10904 159 Street Northwest,53.5539079,-113.5949574,apartment,1375.0,2.0,1.0,632.28,0,0,0,0,12,0
284387,Edmonton,Alberta,Rutherford,53.4113173,-113.5356493,apartment,1800.0,2.0,2.0,890.0,0,0,0,0,6,0
370054,Edmonton,Alberta,10139 155 St NW,53.5424685,-113.5882,apartment,1489.0,2.0,1.0,699.0,0,0,1,1,12,0
570928,Edmonton,Alberta,10108 125 Street Northwest,53.5420186,-113.5381384,apartment,2900.0,1.0,2.0,1350.0,0,0,1,1,6,0
428153,Edmonton,Alberta,9336 Jasper Avenue,53.5467834,-113.4775188,apartment,1875.0,1.0,2.0,700.0,2,0,1,1,6,0
470622,Edmonton,Alberta,Paisley,53.4159378,-113.5593027,basement,1500.0,2.0,1.0,1000.0,0,0,0,0,12,0
547858,Edmonton,Alberta,12122 121 Avenue Northwest,53.5752955,-113.5320479,townhouse,2395.0,4.0,2.5,1575.0,0,0,1,1,12,0
455311,Edmonton,Alberta,35 Homestead Crescent,53.5858551,-113.3944819,apartment,1280.0,1.0,1.0,744.0,0,0,1,1,12,0
569167,Edmonton,Alberta,Avonmore,53.5078373,-113.4532055,house,1800.0,3.0,1.0,1200.0,0,0,0,0,12,0
542172,Edmonton,Alberta,Evansdale,53.6142965,-113.4749638,apartment,595.0,3.0,2.0,1000.0,0,1,1,1,6,0
475400,Edmonton,Alberta,Delwood,53.5930736,-113.4609181,basement,1300.0,2.0,1.0,1000.0,0,0,1,1,6,0
570061,Edmonton,Alberta,8505 83 Avenue Northwest,53.518853489332,-113.458734690807,duplex,1600.0,2.0,1.0,960.0,0,0,0,0,12,0
397061,Edmonton,Alberta,480 Crystallina Nera Drive Northwest,53.6371631,-113.464399,apartment,1700.0,2.0,2.0,924.0,0,0,1,1,12,0
570082,Edmonton,Alberta,908 Albany Point Northwest,53.6303133,-113.5606557,house,2900.0,3.0,2.5,2122.0,0,0,1,1,12,0
463927,Edmonton,Alberta,1051 Graydon Hill Boulevard Southwest,53.4221674,-113.5543992,townhouse,2300.0,3.0,2.5,1552.0,0,0,1,1,12,0
570806,Edmonton,Alberta,Eastwood,53.5728196,-113.4641955,house,1950.0,3.0,2.0,1200.0,0,0,1,1,12,0
568669,Edmonton,Alberta,7511 171 Street Northwest,53.5071424,-113.6162231,apartment,1500.0,2.0,2.0,800.0,0,0,0,0,3,0
570511,Edmonton,Alberta,7433 87 Avenue Northwest,53.5218381,-113.4423513,house,650.0,1.0,1.0,120.0,0,0,1,1,12,0
570566,Edmonton,Alberta,2904 139 Avenue Northwest,53.6030672,-113.3874874,apartment,1695.0,2.0,1.5,970.0,2,1,1,0,12,0
570692,Edmonton,Alberta,4433 117 Avenue Northwest,53.5692898,-113.4112959,house,1650.0,3.0,1.0,1000.0,0,0,1,1,12,0
507605,Edmonton,Alberta,12232 95 Street,53.5776294,-113.4876991,basement,595.0,1.0,1.0,750.0,1,0,0,0,6,0
524494,Edmonton,Alberta,741 Burton Crescent Northwest,53.4774822,-113.5683063,house,3200.0,4.0,3.5,2600.0,0,0,0,0,12,0
457076,Edmonton,Alberta,9720 106 St NW,53.5345502,-113.5034092,apartment,2300.0,2.0,2.0,925.0,0,0,0,0,12,0
570644,Edmonton,Alberta,11540 83 Street Northwest,53.5669412,-113.4691657,house,2100.0,3.0,2.0,1500.0,0,0,1,1,12,0
283513,Edmonton,Alberta,11010 101 St NW,53.5574405,-113.4945972,apartment,1250.0,0.0,1.0,468.0,0,1,0,0,6,0
274202,Edmonton,Alberta,12105 102 Avenue,53.5428649,-113.5313135,apartment,1200.0,1.0,1.0,750.0,0,0,1,1,6,0
566910,Edmonton,Alberta,8061 166A Avenue Northwest,53.6282249,-113.4658963,duplex,3000.0,4.0,3.5,1600800.0,0,0,0,0,12,0
570332,Edmonton,Alberta,9704 106 St NW,53.534305,-113.5033002,apartment,1975.0,1.0,1.0,611.0,1,0,0,0,12,0
570486,Edmonton,Alberta,8205 85 Avenue Northwest,53.5206842,-113.4540837,house,1250.0,2.0,1.0,850.0,0,0,0,0,12,0
567881,Edmonton,Alberta,745 Payipwat Common Southwest,53.4116154,-113.5551837,duplex,2100.0,3.0,2.5,1651.0,0,0,0,0,12,0
334155,Edmonton,Alberta,10620 107 Street,53.550478,-113.5054731,apartment,1539.0,2.0,1.0,780.0,0,0,1,1,12,0
570412,Edmonton,Alberta,UPPER 12019 56 Street Northwest,53.5740804,-113.4273212,house,1595.0,3.0,1.0,850.0,0,0,0,0,12,0
569742,Edmonton,Alberta,5411 102 Avenue,53.5429305,-113.4222544,house,3400.0,5.0,1.5,1086.0,0,0,0,1,12,0
503926,Edmonton,Alberta,6520 2 Avenue Southwest,53.4315989,-113.4417577,house,1750.0,2.0,2.0,1038.0,0,0,0,0,12,0
554622,Edmonton,Alberta,10024 Jasper Avenue NW,53.5412406,-113.4913889,apartment,1100.0,1.0,1.0,450.0,0,0,0,0,12,0
545827,Edmonton,Alberta,12064 96 Street,53.5751064,-113.490825,basement,690.0,1.0,1.0,700.0,0,0,0,0,6,0
560318,Edmonton,Alberta,Heritage Valley,53.3989719,-113.5852598,house,2400.0,3.0,2.5,1750.0,0,0,0,0,12,0
554487,Edmonton,Alberta,7430 77 Avenue Northwest,53.5134596,-113.4424793,apartment,1300.0,3.0,1.5,750.0,0,0,1,1,12,0
570039,Edmonton,Alberta,10837 83 Avenue Northwest,53.5188809,-113.5110976,apartment,1650.0,1.0,2.0,800.0,1,0,0,0,3,0
567589,Edmonton,Alberta,13625 34 St NW,53.598912,-113.390987,apartment,1600.0,2.0,2.0,864.0,0,0,0,0,12,0
570414,Edmonton,Alberta,1262 Aster Boulevard,53.45071,-113.3680099,townhouse,2000.0,3.0,2.5,1355.83,0,0,1,1,12,0
402005,Edmonton,Alberta,5730 Riverbend Road NW,53.494635,-113.579542,apartment,1350.0,2.0,1.0,940.0,0,0,0,0,12,0
497279,Edmonton,Alberta,Lendrum Place,53.4946442,-113.5254657,basement,995.0,1.0,1.0,800.0,0,0,1,0,12,0
541931,Edmonton,Alberta,3012 Kostash Court SW,53.4185632,-113.6279571,basement,1800.0,2.0,2.0,1028.0,1,0,0,0,12,0
570083,Edmonton,Alberta,3170 Cameron Heights Way NW,53.476564159928,-113.63210280318,apartment,1830.0,3.0,2.0,1022.0,0,0,1,1,12,0
555378,Edmonton,Alberta,2035 Chalmers Way SW,53.404614837375,-113.57558583069,townhouse,1899.0,3.0,2.5,1462.0,0,0,1,1,12,0
490734,Edmonton,Alberta,1824 111A Street Northwest,53.44868,-113.51975,apartment,1450.0,2.0,1.0,1000.0,0,0,1,0,6,0
524749,Edmonton,Alberta,1031 173 Street Southwest,53.4236478,-113.6183541,apartment,1550.0,1.0,1.0,700.0,0,0,1,1,12,0
519562,Edmonton,Alberta,11204 55 Avenue Northwest,53.4930004,-113.5203294,duplex,2550.0,3.0,2.5,1500.0,0,0,1,1,12,0
569409,Edmonton,Alberta,8924 85 Avenue Northwest,53.521224,-113.4650438,duplex,1750.0,3.0,1.0,1100.0,0,0,0,0,12,0
346458,Edmonton,Alberta,8424 117 St NW,53.5209286,-113.5327698,apartment,690.0,4.0,2.0,1350.0,1,0,0,0,12,0
566515,Edmonton,Alberta,3539 8 Street Northwest,53.471214,-113.3520152,house,3000.0,5.0,3.0,2405.0,0,0,1,1,12,0
551702,Edmonton,Alberta,10518 113 St,53.548677,-113.5160995,apartment,1800.0,2.0,2.0,900.0,2,0,0,1,12,0
464416,Edmonton,Alberta,13423 118 Avenue Northwest,53.5698964,-113.5534181,basement,1200.0,2.0,1.0,1000.0,0,0,0,0,12,0
569439,Edmonton,Alberta,5187 Terwillegar Boulevard Northwest,53.4444888,-113.5768138,townhouse,2000.0,3.0,2.5,1220.0,0,0,0,0,12,0
569224,Edmonton,Alberta,Aster,53.450489197065,-113.365432406885,townhouse,2225.0,3.0,2.5,1200.0,0,0,0,0,12,0
476861,Edmonton,Alberta,Richford,53.425093504619,-113.514355178296,apartment,2100.0,2.0,2.0,938.0,0,0,0,0,12,0
471353,Edmonton,Alberta,269 Albany Drive Northwest,53.6297894,-113.5502555,basement,1895.0,2.0,1.0,1000.0,1,0,0,1,6,0
570145,Edmonton,Alberta,2144 Haddow Drive Northwest,53.4513368,-113.5958462,house,2750.0,4.0,3.5,2200.0,0,0,1,1,12,0
566180,Edmonton,Alberta,9431 Pear Crescent Southwest,53.400379119057,-113.467311946558,basement,1550.0,1.0,1.0,882.0,1,0,0,0,12,0
569846,Edmonton,Alberta,11969 Jasper Ave,53.5407736,-113.5289202,apartment,2750.0,2.0,2.0,960.0,0,0,1,1,12,0
273901,Edmonton,Alberta,404 McConachie Way NW,53.62903,-113.432008,apartment,1698.0,2.0,1.0,859.0,0,0,1,1,12,0
566840,Edmonton,Alberta,16642 31 Avenue Southwest,53.4075804,-113.6101321,house,1895.0,3.0,2.5,1400.0,0,0,1,1,12,0
533726,Edmonton,Alberta,9938 104 St NW,53.5384,-113.499521,apartment,1950.0,2.0,2.0,990.0,0,0,0,0,12,0
565997,Edmonton,Alberta,8107 77 Avenue Northwest,53.51306,-113.4526037,basement,1100.0,2.0,1.0,850.0,0,0,1,1,12,0
523859,Edmonton,Alberta,15675G 18 Avenue Southwest,53.4173626,-113.5964267,apartment,1350.0,1.0,1.0,511.0,0,0,0,0,12,0
570023,Edmonton,Alberta,12921 127 Street Northwest,53.5882747,-113.5408256,apartment,700.0,3.0,2.0,1100.0,1,0,0,0,6,0
534281,Edmonton,Alberta,11011 86 Ave NW,53.521765,-113.515835,apartment,1790.0,1.0,1.0,725.0,0,0,0,0,3,0
570068,Edmonton,Alberta,340 Windermere Road Northwest,53.440488,-113.6194326,apartment,1700.0,2.0,2.0,756.0,0,0,0,0,12,0
566934,Edmonton,Alberta,14620 59 Street Northwest,53.6092483,-113.4323306,basement,2000.0,2.0,1.5,1040.0,0,0,0,0,12,0
511838,Edmonton,Alberta,10046 110 Street Northwest,53.5401784,-113.5107729,apartment,1900.0,2.0,2.0,1194.0,0,0,1,1,12,0
569768,Edmonton,Alberta,2024 104B Street Northwest,53.4517678,-113.5009746,basement,1600.0,2.0,2.0,1000.0,2,0,0,0,12,0
476316,Edmonton,Alberta,Garneau,53.5153685,-113.5181774,apartment,690.0,6.0,4.5,2400.0,1,0,0,0,12,0
568366,Edmonton,Alberta,11039 83 Ave NW,53.5189614,-113.5167607,apartment,1800.0,2.0,1.0,846.0,0,0,1,1,12,0
525006,Edmonton,Alberta,15503 106 Street,53.6167858,-113.5036805,apartment,1900.0,2.0,2.0,1200.0,0,0,0,0,6,0
482456,Edmonton,Alberta,11303 52 Street Northwest,53.5689732,-113.4212592,house,1475.0,2.0,1.0,1150.0,0,0,1,1,12,0
569938,Edmonton,Alberta,Lauderdale,53.5893772,-113.5048345,house,2200.0,3.0,2.0,1100.0,0,0,0,0,12,0
514286,Edmonton,Alberta,10006 83 Ave NW,53.5192089,-113.489085,apartment,2995.0,2.0,2.5,1040.0,1,0,1,1,6,0
569975,Edmonton,Alberta,3611 145 Avenue Northwest,53.6074079,-113.3969622,apartment,1295.0,2.0,1.0,831.0,0,0,1,1,12,0
569936,Edmonton,Alberta,12841 65 Street Northwest,53.5872673,-113.441102,apartment,1125.0,2.0,1.0,882.0,0,0,0,0,12,0
483177,Edmonton,Alberta,11303 52 Street Northwest,53.5689732,-113.4212592,basement,1125.0,2.0,1.0,1000.0,0,0,1,1,12,0
569953,Edmonton,Alberta,3306 116A Avenue Northwest,53.5695254,-113.3917949,townhouse,1695.0,3.0,2.5,1087.0,0,0,1,1,12,0
438494,Edmonton,Alberta,11302 89 Street Northwest,53.5628795,-113.4785128,apartment,900.0,0.0,1.0,1.0,1,0,0,0,12,0
569769,Edmonton,Alberta,5813 Riverbend Road Northwest,53.495286,-113.577263,townhouse,1725.0,2.0,1.0,935.0,0,0,1,1,12,0
569948,Edmonton,Alberta,15718 84 Street Northwest,53.6182403,-113.470863,house,1950.0,3.0,1.5,1100.0,0,0,0,1,12,0
569981,Edmonton,Alberta,6220 5 Avenue Southwest,53.4284836,-113.4375576,house,2595.0,3.0,2.5,1752.0,0,0,0,0,12,0
563518,Edmonton,Alberta,Glengarry,53.5970251,-113.4766232,apartment,500.0,6.0,3.0,2550.0,0,0,0,1,12,0
473147,Edmonton,Alberta,460 37th Ave NW,53.473262708667,-113.34834008872,townhouse,1899.0,3.0,1.5,1200.0,0,0,1,1,12,0
286022,Edmonton,Alberta,10235 112 St NW,53.54298,-113.5219,apartment,1950.0,2.0,2.0,975.0,1,0,1,1,6,0
569377,Edmonton,Alberta,12045 22 Avenue Southwest,53.4108163,-113.5375687,apartment,1350.0,1.0,1.0,676.19,0,0,1,0,12,0
504939,Edmonton,Alberta,10823 Jasper Ave,53.5406278,-113.5075375,apartment,2400.0,0.0,1.0,600.0,1,0,1,1,3,0
498264,Edmonton,Alberta,8424 117 Street Northwest,53.5208981,-113.5328389,apartment,700.0,4.0,2.0,1350.0,1,0,0,0,12,0
278193,Edmonton,Alberta,MacTaggart,53.434108268921,-113.57133882019,townhouse,1950.0,3.0,2.5,1400.0,0,0,0,0,12,0
533542,Edmonton,Alberta,10504 99 Avenue,53.5375323,-113.5015478,apartment,2000.0,2.0,2.0,900.0,0,0,0,0,6,0
568548,Edmonton,Alberta,Summerside,53.4110907,-113.4586857,apartment,1900.0,2.0,2.0,990.0,0,0,1,0,12,0
499652,Edmonton,Alberta,5816 Mullen Pl NW,53.4335747,-113.570852,apartment,1550.0,2.0,2.0,742.0,0,0,0,0,12,0
451941,Edmonton,Alberta,11969 Jasper Ave,53.5407736,-113.5289202,apartment,4750.0,2.0,3.0,2000.0,2,0,1,1,6,0
569285,Edmonton,Alberta,Keswick,53.419120998039,-113.630609750363,basement,1700.0,2.0,1.0,886.0,0,0,0,0,12,0
569474,Edmonton,Alberta,9026 Jasper Avenue,53.5509208,-113.4749291,townhouse,2600.0,2.0,2.5,1460.0,0,0,1,1,6,0
569329,Edmonton,Alberta,2503 24 Street Northwest,53.473866910809,-113.363111736401,duplex,2000.0,4.0,3.0,1600.0,0,0,0,0,12,0
569645,Edmonton,Alberta,8879 Carson Way Southwest,53.3966962,-113.5896538,basement,1100.0,1.0,1.0,480.0,0,0,0,0,12,0
568649,Edmonton,Alberta,15926 92A Avenue Northwest,53.5276436,-113.5966008,house,2300.0,3.0,2.0,1405.0,0,0,0,0,12,0
569430,Edmonton,Alberta,9704 114 Avenue Northwest,53.5643766,-113.4923776,townhouse,2000.0,2.0,2.5,1246.0,0,0,1,1,12,0
569400,Edmonton,Alberta,12303 Jasper Ave,53.5410207,-113.5346907,apartment,1850.0,1.0,1.0,865.0,0,0,0,0,12,0
561853,Edmonton,Alberta,8122 106 Street,53.5177116,-113.504074,apartment,1952.0,2.0,1.0,701.0,0,0,1,1,12,0
455659,Edmonton,Alberta,302 Village On The Green Northwest,53.602272855477,-113.441220667737,townhouse,1700.0,3.0,1.5,1300.0,0,0,0,0,6,0
569359,Edmonton,Alberta,4407 23 St NW,53.4815375,-113.3771723,apartment,1800.0,2.0,2.0,1035.0,0,0,1,0,12,0
566893,Edmonton,Alberta,20725 19a Avenue Northwest,53.4509744,-113.6749726,basement,1500.0,1.0,1.0,500.0,1,0,0,0,6,0
513100,Edmonton,Alberta,10180 104 Street NW,53.5425745,-113.4994229,apartment,2450.0,2.0,1.0,800.0,1,0,0,0,6,0
565439,Edmonton,Alberta,10110 120 Street Northwest,53.5412774,-113.5292483,apartment,2304.0,2.0,2.0,870.0,0,0,1,1,12,0
274875,Edmonton,Alberta,Queen Mary Park,53.5487564,-113.5228897,apartment,1900.0,2.0,2.0,1100.0,0,0,1,1,6,0
289380,Edmonton,Alberta,11819 106 Street NW,53.570953,-113.502214,apartment,719.0,0.0,1.0,200.0,0,0,1,1,12,0
553191,Edmonton,Alberta,5275 Chappelle Red SW,53.39919,-113.57477,townhouse,1949.0,3.0,2.5,1414.0,0,0,1,1,12,0
490089,Edmonton,Alberta,9711 104 Street NW,53.534358,-113.4988445,apartment,779.0,0.0,1.0,341.0,0,0,1,1,12,0
567741,Edmonton,Alberta,20725 19a Avenue Northwest,53.4509744,-113.6749726,duplex,2500.0,3.0,2.5,1400.0,0,0,0,0,12,0
289328,Edmonton,Alberta,10715 116 Street NW,53.5519311,-113.5209106,apartment,1099.0,1.0,1.0,533.0,0,0,1,1,12,0
489788,Edmonton,Alberta,9835 106 Street NW,53.536746,-113.5026401,apartment,960.0,0.0,1.0,294.0,0,0,0,0,12,0
289399,Edmonton,Alberta,11820 102 Street NW,53.571027,-113.496265,apartment,1049.0,0.0,1.0,501.0,0,0,1,1,12,0
289381,Edmonton,Alberta,11416 124 Street NW,53.564119,-113.536436,apartment,979.0,0.0,1.0,336.0,0,0,1,1,12,0
568492,Edmonton,Alberta,9538 Carson Bend Southwest,53.3979538,-113.5899985,house,2500.0,4.0,3.0,1650.0,0,0,0,0,12,0
370055,Edmonton,Alberta,10159 155 St NW,53.543083,-113.5881699,apartment,1514.0,2.0,1.0,859.0,0,0,1,1,12,0
289283,Edmonton,Alberta,10125 152 Street NW,53.541976,-113.582707,apartment,989.0,0.0,1.0,459.0,0,0,1,1,12,0
490337,Edmonton,Alberta,10529 99 Avenue NW,53.5369857,-113.5025631,apartment,739.0,0.0,1.0,180.0,0,0,1,1,12,0
480738,Edmonton,Alberta,9745 106 Street NW,53.5352417,-113.5026175,apartment,1139.0,1.0,1.0,783.0,0,0,1,1,12,0
490090,Edmonton,Alberta,9715 104 Street NW,53.5345096,-113.4987611,apartment,988.0,0.0,1.0,490.0,0,0,1,1,12,0
569073,Edmonton,Alberta,616 McAllister Loop Southwest,53.4313293,-113.5206473,apartment,1675.0,2.0,2.0,865.0,0,0,1,1,12,0
492104,Edmonton,Alberta,9723 105 Street NW,53.5348032,-113.5005775,apartment,801.0,0.0,1.0,400.0,0,0,1,1,12,0
455550,Edmonton,Alberta,8515 112 Street NW,53.5214824,-113.5202676,apartment,1167.0,0.0,1.0,425.0,0,0,1,1,12,0
289408,Edmonton,Alberta,11930 82 Street NW,53.5730936,-113.4675818,apartment,999.0,0.0,1.0,261.0,0,0,1,1,12,0
289340,Edmonton,Alberta,15216 100 Avenue NW,53.5395132,-113.5847117,apartment,929.0,0.0,1.0,223.0,0,0,1,1,12,0
289273,Edmonton,Alberta,10614 122 Street NW,53.549837,-113.5327119,apartment,1209.0,1.0,1.0,681.0,0,0,1,1,12,0
289345,Edmonton,Alberta,11841 105 Street NW,53.5716896,-113.5008046,apartment,1034.0,0.0,1.0,449.0,0,0,1,1,12,0
289289,Edmonton,Alberta,10730 111 Street NW,53.552402,-113.512437,apartment,929.0,0.0,1.0,295.0,0,0,1,1,12,0
289293,Edmonton,Alberta,10720 108 Street NW,53.5521995,-113.5068953,apartment,889.0,0.0,1.0,329.0,0,0,1,1,12,0
289385,Edmonton,Alberta,"10727 110 Street Northwest, Edmonton, AB, Canada",53.5522171,-113.5099959,apartment,929.0,0.0,1.0,326.0,0,0,1,1,12,0
289350,Edmonton,Alberta,10823 115 Street NW,53.5536854,-113.5190495,apartment,1089.0,1.0,1.0,590.0,0,0,1,1,12,0
569011,Edmonton,Alberta,1512 161 Street Southwest,53.4197842,-113.6001153,house,2800.0,4.0,2.5,2600.0,0,0,1,1,12,0
289403,Edmonton,Alberta,11624 124 Street NW,53.5675246,-113.5361877,apartment,979.0,0.0,1.0,452.0,0,0,1,1,12,0
296455,Edmonton,Alberta,10435 156 street NW,53.5473911,-113.5900628,apartment,1509.0,3.0,1.0,930.0,0,0,1,1,12,0
289313,Edmonton,Alberta,10730 109 Street NW,53.5523485,-113.5087132,apartment,1049.0,1.0,1.0,553.0,0,0,1,1,12,0
289324,Edmonton,Alberta,"13220 113A Street NW |
13225 - 114  Street NW",53.593036,-113.5170725,apartment,1149.0,1.0,1.0,562.0,0,0,1,1,12,0
289272,Edmonton,Alberta,10729 104 Street NW,53.5523759,-113.4988179,apartment,1049.0,1.0,1.0,625.0,0,0,1,1,12,0
289280,Edmonton,Alberta,10443 156 Street NW,53.547816,-113.5900794,apartment,1119.0,1.0,1.0,570.0,0,0,1,1,12,0
289266,Edmonton,Alberta,7107 79 Avenue NW,53.514529,-113.437475,apartment,1049.0,0.0,1.0,292.0,0,0,1,1,12,0
289321,Edmonton,Alberta,10416 119 Avenue NW,53.572268,-113.500544,apartment,1129.0,1.0,1.0,625.0,0,0,1,1,12,0
289355,Edmonton,Alberta,10330 115 St NW,53.5454555,-113.5198304,apartment,1129.0,1.0,1.0,421.0,0,0,1,1,12,0
289276,Edmonton,Alberta,12207 82 Street NW,53.5771179,-113.4669034,apartment,999.0,0.0,1.0,425.0,0,0,1,1,12,0
289327,Edmonton,Alberta,11930 104 Street NW,53.5728825,-113.4996809,apartment,1029.0,0.0,1.0,400.0,0,0,1,1,12,0
289319,Edmonton,Alberta,10224 122 Street NW,53.543706,-113.532603,apartment,1119.0,1.0,1.0,463.0,0,0,1,1,12,0
294094,Edmonton,Alberta,11124 124 Street,53.5594913,-113.5364087,apartment,1339.0,2.0,1.0,768.0,0,0,1,1,12,0
289391,Edmonton,Alberta,10316 119 Street NW,53.5451843,-113.5272037,apartment,999.0,0.0,1.0,591.0,0,0,1,1,12,0
289279,Edmonton,Alberta,2606 139 Avenue NW,53.6028405,-113.3827519,apartment,1149.0,1.0,1.0,567.0,0,0,1,1,12,0
289407,Edmonton,Alberta,10635 115 Street NW,53.5507264,-113.5190194,apartment,979.0,0.0,1.0,330.0,0,0,1,1,12,0
431737,Edmonton,Alberta,10730 102 St NW,53.5523007,-113.4959436,apartment,979.0,0.0,1.0,501.0,0,0,1,1,12,0
289375,Edmonton,Alberta,10320 123 Street NW,53.545137,-113.5344051,apartment,1149.0,1.0,1.0,636.0,0,0,1,1,12,0
289368,Edmonton,Alberta,11906 104 Street NW,53.5722653,-113.4996503,apartment,1129.0,1.0,1.0,565.0,0,0,1,1,12,0
492103,Edmonton,Alberta,9722 104 Street NW,53.5347693,-113.499772,apartment,909.0,0.0,1.0,470.0,0,0,1,1,12,0
402727,Edmonton,Alberta,13220 140 St NW | 13528 140 St NW,53.5959698,-113.5622913,townhouse,1399.0,2.0,1.0,960.0,0,0,1,1,12,0
289295,Edmonton,Alberta,10615 107 Street NW,53.5500874,-113.5043377,apartment,1029.0,0.0,1.0,467.0,0,0,1,1,12,0
289395,Edmonton,Alberta,11233 124 Street NW,53.561588,-113.535438,apartment,1099.0,1.0,1.0,568.0,0,0,1,1,12,0
289292,Edmonton,Alberta,10715 104 Street NW,53.551999,-113.498709,apartment,1039.0,1.0,1.0,535.0,0,0,1,1,12,0
289282,Edmonton,Alberta,10650 103 Street NW,53.550895,-113.497697,apartment,1079.0,1.0,1.0,451.0,0,0,1,1,12,0
289378,Edmonton,Alberta,8215 144 Avenue NW,53.606591,-113.468857,apartment,1179.0,1.0,1.0,651.0,0,0,1,1,12,0
289352,Edmonton,Alberta,10320 115 St NW,53.5452081,-113.5199233,apartment,1189.0,1.0,1.0,490.0,0,0,1,1,12,0
328492,Edmonton,Alberta,9010 144 Ave NW,53.6062221,-113.4797268,apartment,1359.0,2.0,1.0,807.0,0,0,1,1,12,0
289346,Edmonton,Alberta,10745 110 Street NW,53.55275,-113.509626,apartment,929.0,0.0,1.0,303.0,0,0,1,1,12,0
289356,Edmonton,Alberta,10735 104 Street NW,53.552684,-113.498709,apartment,1169.0,1.0,1.0,646.0,0,0,1,1,12,0
289336,Edmonton,Alberta,10711 103 Street NW,53.551968,-113.4970064,apartment,1029.0,1.0,1.0,539.0,0,0,1,1,12,0
294095,Edmonton,Alberta,10356 92 Street,53.5492425,-113.4761906,apartment,999.0,0.0,1.0,356.0,0,0,1,1,12,0
490092,Edmonton,Alberta,9615 104 Street NW,53.5329094,-113.4988177,apartment,1099.0,1.0,1.0,650.0,0,0,1,1,12,0
289374,Edmonton,Alberta,10325 123 Street NW,53.5451371,-113.5336247,apartment,1109.0,1.0,1.0,614.0,0,0,1,1,12,0
289404,Edmonton,Alberta,11940 82 Street NW,53.5733446,-113.4676184,apartment,979.0,0.0,1.0,457.0,0,0,1,1,12,0
539130,Edmonton,Alberta,10178 117 Street Northwest,53.5426896,-113.5236602,apartment,3495.0,2.0,2.0,1500.0,0,0,1,1,12,0
289347,Edmonton,Alberta,10128 161 Street NW,53.542083,-113.599859,apartment,1179.0,1.0,1.0,631.0,0,0,1,1,12,0
289338,Edmonton,Alberta,11225 117 Street NW,53.5616109,-113.523279,apartment,1079.0,1.0,1.0,550.0,0,0,1,1,12,0
289316,Edmonton,Alberta,10721 117 Street NW,53.552299,-113.522442,apartment,1069.0,1.0,1.0,452.0,0,0,1,1,12,0
289388,Edmonton,Alberta,10016 152 Street NW,53.539761,-113.58395,apartment,1079.0,1.0,1.0,448.0,0,0,1,1,12,0
289397,Edmonton,Alberta,10633 116 Street NW,53.55062,-113.520621,apartment,1069.0,1.0,1.0,595.0,0,0,1,1,12,0
344029,Edmonton,Alberta,8730 82 Avenue Northwest,53.5182665,-113.4633762,apartment,1675.0,1.0,1.0,820.0,0,0,1,1,6,0
289309,Edmonton,Alberta,11217 124 Street NW,53.561058,-113.535445,apartment,949.0,0.0,1.0,218.0,0,0,1,1,12,0
289277,Edmonton,Alberta,10041 152 Street NW,53.540313,-113.582663,apartment,1099.0,1.0,1.0,483.0,0,0,1,1,12,0
296454,Edmonton,Alberta,10625 113 Street NW,53.550499,-113.515114,apartment,949.0,0.0,1.0,342.0,0,0,1,1,12,0
289344,Edmonton,Alberta,10040 152 Street NW,53.540309,-113.583945,apartment,929.0,0.0,1.0,389.0,0,0,1,1,12,0
289294,Edmonton,Alberta,10610 115 Street NW,53.550205,-113.520203,apartment,949.0,0.0,1.0,315.0,0,0,1,1,12,0
289326,Edmonton,Alberta,10630 105 Street NW,53.550614,-113.501382,apartment,1099.0,1.0,1.0,602.0,0,0,1,1,12,0
289351,Edmonton,Alberta,11708 124 Street NW,53.568809,-113.536597,apartment,939.0,0.0,1.0,280.0,0,0,1,1,12,0
549901,Edmonton,Alberta,Pollard Meadows,53.4541001,-113.4150443,basement,1200.0,2.0,1.0,950.0,0,0,1,1,6,0
568958,Edmonton,Alberta,7416 81 Avenue Northwest,53.5172919,-113.4421692,duplex,1500.0,2.0,2.0,1200.0,0,0,1,0,6,0
405953,Edmonton,Alberta,10930 87 Avenue Northwest,53.52323,-113.513571,house,2400.0,6.0,2.0,2000.0,0,0,0,0,12,0
567636,Edmonton,Alberta,6544 175 Avenue Northwest,53.6370433,-113.4415753,basement,1350.0,1.0,1.0,750.0,0,0,0,0,12,0
474476,Edmonton,Alberta,10424 82 Avenue NW,53.5182204,-113.4986257,apartment,1350.0,1.0,1.0,579.0,0,0,1,1,12,0
562009,Edmonton,Alberta,1106 Plum Lane Southwest,53.4065304,-113.4454211,duplex,2000.0,3.0,2.5,1447.0,0,0,1,1,12,0
568227,Edmonton,Alberta,665 Kinglet Blvd NW,53.5817677,-113.6968013,house,2400.0,3.0,2.5,1850.0,0,0,0,0,12,0
480597,Edmonton,Alberta,11438 79ave NW,53.5149244,-113.5280812,apartment,720.0,1.0,2.0,2500.0,1,0,0,0,6,0
478518,Edmonton,Alberta,10719 80 Avenue Northwest,53.5158645,-113.5072098,apartment,1950.0,2.0,2.0,900.0,0,0,1,0,12,0
492102,Edmonton,Alberta,9737 105 Street NW,53.5351757,-113.5005845,apartment,849.0,0.0,1.0,391.0,0,0,1,1,12,0
423895,Edmonton,Alberta,12040 103 st nw,53.574852,-113.4979228,apartment,710.0,4.0,3.5,1586.0,1,0,0,0,12,0
567497,Edmonton,Alberta,10225 117 Street NW,53.543638,-113.522646,apartment,1675.0,2.0,1.0,800.0,0,0,1,1,12,0
562298,Edmonton,Alberta,Heritage Valley,53.4000899,-113.5525643,basement,1200.0,1.0,1.0,702.0,0,0,0,0,12,0
568465,Edmonton,Alberta,10149 Saskatchewan Dr NW,53.5239955,-113.4939247,apartment,2000.0,2.0,2.0,890.0,0,0,1,0,12,0
566143,Edmonton,Alberta,10180 103 ST NW,53.551537324817,-113.488792716333,apartment,2300.0,2.0,2.0,812.0,0,0,1,1,12,0
568442,Edmonton,Alberta,7023 137 Avenue NorthWest,53.5992725,-113.4504501,house,2100.0,4.0,2.0,1205.0,0,0,0,0,12,0
560935,Edmonton,Alberta,11704 109 Avenue Northwest,53.5545781,-113.5239864,townhouse,2100.0,3.0,2.5,1200.0,0,0,1,1,12,0
456473,Edmonton,Alberta,11424 104 Street Northwest,53.5649838,-113.499568,basement,800.0,1.0,1.0,800.0,1,0,0,0,6,0
334251,Edmonton,Alberta,11811 67 St,53.5707316,-113.4442094,apartment,1140.0,1.0,1.0,492.0,0,0,1,1,12,0
431231,Edmonton,Alberta,11211 11 Avenue Southwest,53.422043,-113.518809,house,2800.0,4.0,3.5,1700.0,0,0,1,1,12,0
568345,Edmonton,Alberta,1804 70 Street Southwest,53.4160728,-113.4537174,townhouse,1700.0,3.0,2.5,1120.0,0,0,0,0,12,0
474477,Edmonton,Alberta,10319 83 Avenue NW,53.5188987,-113.4957976,apartment,1200.0,0.0,1.0,375.0,0,0,1,1,12,0
477283,Edmonton,Alberta,109 3170 Cameron Heights Way NW,53.4765357,-113.6329645,apartment,1627.0,2.0,2.0,863.0,0,0,0,1,12,0
404689,Edmonton,Alberta,10924 87 Avenue Northwest,53.5230824,-113.5133402,apartment,1150.0,1.0,1.0,480.0,0,0,1,0,12,0
334149,Edmonton,Alberta,11825 101 Street,53.5711767,-113.4933124,apartment,1094.0,1.0,1.0,645.0,0,0,1,1,12,0
558777,Edmonton,Alberta,11642 90 Street Northwest,53.5685792,-113.4800381,duplex,2000.0,3.0,2.5,1100.0,0,0,0,1,12,0
334210,Edmonton,Alberta,11825 88 St,53.5712088,-113.4759118,apartment,1094.0,1.0,1.0,600.0,0,0,1,1,12,0
334212,Edmonton,Alberta,11760 129th St NW,53.5700069,-113.5450029,apartment,1225.0,1.0,1.0,678.0,0,0,1,1,12,0
334151,Edmonton,Alberta,12625 107 Avenue,53.5507406,-113.5408914,apartment,1394.0,1.0,1.0,494.0,0,0,1,1,12,0
370056,Edmonton,Alberta,10750 116 St NW,53.5527555,-113.5218207,apartment,1290.0,1.0,1.0,652.0,0,0,1,1,12,0
490091,Edmonton,Alberta,10310 96 Avenue NW,53.532675,-113.498712,apartment,1069.0,1.0,1.0,612.0,0,0,1,1,12,0
558699,Edmonton,Alberta,10050 115 Avenue Northwest,53.565889,-113.4932923,basement,1200.0,2.0,1.0,600.0,0,0,0,0,12,0
334139,Edmonton,Alberta,11008 83rd Street,53.5583248,-113.4694946,apartment,1350.0,2.0,1.0,680.0,0,0,1,1,12,0
437988,Edmonton,Alberta,7513 89 St NW,53.512079698092,-113.46291934418,basement,1095.0,1.0,1.0,532.0,1,0,0,0,12,0
534617,Edmonton,Alberta,10388 105 Street Northwest,53.5459843,-113.5015319,apartment,1900.0,2.0,2.0,891.0,0,0,0,0,12,0
334143,Edmonton,Alberta,10930 83 Street NW,53.5570342,-113.4696952,apartment,1199.0,1.0,1.0,529.0,0,0,1,1,12,0
334171,Edmonton,Alberta,8411 119 Avenue,53.571759,-113.4703491,apartment,1244.0,1.0,1.0,618.0,0,0,1,1,12,0
334288,Edmonton,Alberta,9615 123 Ave NW,53.5781079,-113.4915126,apartment,1199.0,1.0,1.0,601.0,0,0,1,1,12,0
289363,Edmonton,Alberta,3147 151 Avenue NW,53.6136994,-113.3876232,apartment,1043.0,1.0,1.0,533.0,0,0,1,1,12,0
316892,Edmonton,Alberta,12121 Jasper Ave,53.540803436582,-113.531529053967,apartment,1380.0,1.0,1.0,600.0,0,0,0,0,6,0
567571,Edmonton,Alberta,9316 109 Avenue Northwest,53.5571451,-113.4826914,duplex,1950.0,3.0,2.5,1287.0,0,0,0,0,12,0
464085,Edmonton,Alberta,10644 113 Street NW,53.5510004,-113.516512,apartment,1000.0,1.0,1.0,672.0,0,0,0,0,12,0
412452,Edmonton,Alberta,10837 83 Avenue Northwest,53.518744,-113.5110899,apartment,2000.0,1.0,1.0,662.0,1,0,0,0,6,0
567926,Edmonton,Alberta,2011 Maple Road Northwest,53.466997,-113.3487357,duplex,2250.0,3.0,2.5,1415.0,0,0,0,0,12,0
567299,Edmonton,Alberta,8079 Cedric Mah Road,53.5691639,-113.5214115,townhouse,1600.0,2.0,1.0,588.0,0,0,0,0,12,0
464243,Edmonton,Alberta,11331 79 Ave NW,53.5149053,-113.5245977,basement,1750.0,2.0,1.0,662.0,0,0,1,1,12,0
568043,Edmonton,Alberta,10360 102 St NW,53.5458997,-113.4960541,apartment,1945.0,1.0,1.0,540.0,0,0,0,0,12,0
472658,Edmonton,Alberta,12004 22 Avenue Southwest,53.4112467,-113.5348614,townhouse,2795.0,3.0,2.5,1240.0,1,0,1,1,6,0
516486,Edmonton,Alberta,6247 (bsmt) 176 Avenue Northwest,53.638591305897,-113.433666275708,basement,975.0,1.0,1.0,484.0,0,0,0,0,12,0
562415,Edmonton,Alberta,Heritage Valley,53.3971631,-113.5777102,apartment,800.0,1.0,1.0,1500.0,1,0,0,0,6,0
530038,Edmonton,Alberta,15718 111 Street Northwest,53.6190765,-113.5145104,house,3500.0,3.0,2.5,2200.0,1,0,1,1,6,0
567939,Edmonton,Alberta,2013 Maple Road Northwest,53.467063,-113.3487885,duplex,2250.0,3.0,2.5,1435.0,0,0,0,0,12,0
539079,Edmonton,Alberta,15004 89 Avenue Northwest,53.5214557,-113.5801644,house,1895.0,3.0,2.5,1250.0,0,0,1,1,12,0
490880,Edmonton,Alberta,10011 116 St NW,53.5392416,-113.5209188,apartment,1800.0,2.0,1.5,1100.0,2,0,0,0,12,0
528818,Edmonton,Alberta,11619 Saskatchewan Drive Northwest,53.5305039,-113.5317891,house,4999.0,4.0,3.5,4000.0,1,0,1,1,6,0
567721,Edmonton,Alberta,11804 22 Ave SW,53.4093053,-113.5310442,apartment,1725.0,2.0,1.0,700.0,0,0,1,1,12,0
525080,Edmonton,Alberta,10434 138 Street Northwest,53.5474756,-113.5601115,house,2900.0,4.0,1.0,1493.0,0,0,0,0,12,0
524066,Edmonton,Alberta,7505 105A Street Northwest,53.5115398,-113.5023796,house,1500.0,3.0,1.0,1000.0,0,0,0,0,12,0
547781,Edmonton,Alberta,2069 Maple Road Northwest,53.4688017,-113.3492873,basement,1100.0,1.0,1.0,495.0,0,0,0,0,12,0
567832,Edmonton,Alberta,10024 Jasper Ave,53.5413493,-113.4914845,apartment,1120.0,1.0,1.0,400.0,1,0,0,0,12,0
261489,Edmonton,Alberta,9909 104 Street NW,53.537967681789,-113.499014646033,apartment,1400.0,1.0,1.0,700.0,1,0,0,0,3,0
527853,Edmonton,Alberta,42 Ebbers Close NW,53.6077784,-113.4089223,apartment,1200.0,1.0,1.0,560.0,0,0,0,0,12,0
525343,Edmonton,Alberta,Minchau,53.4647186,-113.4008926,house,2500.0,3.0,2.0,2000.0,0,0,0,1,12,0
513738,Edmonton,Alberta,8309 14 Ave SW,53.4207044,-113.4600792,apartment,700.0,1.0,1.5,2100.0,2,0,0,0,6,0
556664,Edmonton,Alberta,Allendale,53.5055116,-113.5048332,apartment,800.0,1.0,1.0,700.0,1,0,0,0,12,0
567190,Edmonton,Alberta,8922 144 Avenue Northwest,53.60619527852,-113.479529045508,townhouse,1250.0,2.0,1.0,900.0,0,0,0,0,12,0
560865,Edmonton,Alberta,1472 (Bsmt) Keswick Drive Southwest - Bsmt Edmonton AB T6W 1A5,53.412804,-113.6348663,basement,995.0,1.0,1.0,576.0,0,0,0,0,12,0
425494,Edmonton,Alberta,14524 56 Street Northwest,53.61346253252,-113.42304925572,townhouse,2000.0,3.0,1.5,2100.0,0,0,0,0,12,0
366339,Edmonton,Alberta,6934 23 Ave SW,53.4114843,-113.4495277,apartment,650.0,3.0,2.5,1600.0,2,0,0,0,6,0
313028,Edmonton,Alberta,9939 Jasper Avenue,53.5410853,-113.4889028,apartment,1635.0,1.0,1.0,721.0,0,0,1,1,12,0
567330,Edmonton,Alberta,10015 119 Street Northwest,53.5403483,-113.5263066,apartment,1295.0,1.0,1.0,825.0,0,0,0,0,12,0
311684,Edmonton,Alberta,10614 103 Street Northwest,53.5502087,-113.4978886,apartment,1200.0,1.0,1.0,750.0,0,0,1,1,12,0
561069,Edmonton,Alberta,7607 13 Avenue Northwest,53.4434951,-113.4519717,house,1980.0,3.0,1.5,1300.0,1,0,0,0,12,0
529770,Edmonton,Alberta,Walker,53.42306091816,-113.438723496959,apartment,700.0,1.0,1.5,87.5,1,0,0,0,12,0
439090,Edmonton,Alberta,14305 121 Street Northwest,53.6050679,-113.5289433,townhouse,1350.0,2.0,1.5,985.0,0,0,1,1,6,0
525325,Edmonton,Alberta,Edgemont,53.4772542,-113.6648186,basement,1300.0,1.0,1.0,558.0,0,0,0,0,12,0
566473,Edmonton,Alberta,7805 159 STreet NW,53.5103556,-113.5959098,apartment,1695.0,2.0,1.5,1059.0,0,0,1,1,12,0
564921,Edmonton,Alberta,12841 65 Street,53.5872673,-113.441102,apartment,1400.0,2.0,1.0,882.0,0,0,1,1,12,0
567156,Edmonton,Alberta,9836 149 Street NW,53.5369047,-113.5784999,apartment,1050.0,1.0,1.0,700.0,0,0,1,0,12,0
567011,Edmonton,Alberta,15636 15 Avenue SW,53.4190117,-113.5922651,house,3500.0,5.0,5.0,3388.0,0,0,1,1,12,0
565967,Edmonton,Alberta,10620 99 Avenue,53.5372645,-113.503902,apartment,1845.0,1.0,1.0,650.0,0,0,0,0,6,0
327508,Edmonton,Alberta,10238 103 St NW,53.543973998448,-113.497969628836,apartment,3250.0,2.0,2.0,831.0,1,0,0,0,12,0
461493,Edmonton,Alberta,13802 102 Avenue Northwest,53.54328532289,-113.560182,house,2000.0,2.0,2.0,1062.0,0,0,0,0,6,0
566805,Edmonton,Alberta,10121 80 Avenue NW,53.5157006,-113.4923224,apartment,1599.0,1.0,1.0,602.0,0,0,1,1,12,0
486563,Edmonton,Alberta,5123 168A Avenue Northwest,53.6305865,-113.4145201,duplex,1950.0,3.0,2.5,1450.0,0,0,1,1,12,0
564980,Edmonton,Alberta,Cavanagh blvd SW,53.4095106,-113.5163808,duplex,1375.0,1.0,1.0,565.0,1,0,0,0,12,0
405317,Edmonton,Alberta,10360 102 Street Northwest,53.5460192,-113.495815,apartment,2500.0,1.0,1.0,568.0,1,0,0,0,12,0
566103,Edmonton,Alberta,6905 25 Avenue Southwest,53.4097705,-113.4470561,townhouse,1600.0,1.0,1.0,500.0,0,0,0,0,12,0
526819,Edmonton,Alberta,4147 122 Street Northwest,53.4783284,-113.5451816,house,2500.0,3.0,1.5,1100.0,0,0,0,0,3,0
565886,Edmonton,Alberta,22047 82 Avenue Northwest,53.5155928,-113.6973825,basement,1150.0,1.0,1.0,627.0,0,0,0,0,12,0
257014,Edmonton,Alberta,10184 92 Street Northwest,53.547542116962,-113.47242300105,house,1395.0,3.0,1.0,1100.0,0,0,1,0,6,0
566091,Edmonton,Alberta,10136 104 Street Northwest,53.5418331,-113.4995046,apartment,3000.0,2.0,2.0,1215.0,0,0,0,0,12,0
305121,Edmonton,Alberta,22130 Stony Plain Road Northwest,53.542383,-113.699666,apartment,1100.0,0.0,1.0,300.0,1,1,0,0,3,0
293531,Edmonton,Alberta,Clareview,53.609258930221,-113.404129463671,apartment,699.0,1.0,1.0,1540.0,1,0,0,0,3,0
506711,Edmonton,Alberta,5052 Mcluhan Road Northwest,53.4375249,-113.5631151,house,4200.0,3.0,3.5,3000.0,0,0,1,1,12,0
469519,Edmonton,Alberta,10255 114 Street Northwest,53.5442723,-113.517101,house,1850.0,3.0,1.0,1500.0,0,0,1,1,12,0
565721,Edmonton,Alberta,17404 64 Avenue Northwest,53.5007493,-113.623455,apartment,1500.0,1.0,1.0,625.0,1,0,0,0,12,0
565521,Edmonton,Alberta,10837 83 Avenue,53.5188809,-113.5110976,apartment,1675.0,1.0,1.0,712.0,0,0,1,1,12,0
483293,Edmonton,Alberta,Windsor Park,53.5270557,-113.5311571,house,550.0,7.0,2.0,2600.0,2,0,0,0,12,0
390394,Edmonton,Alberta,10309 107 St NW,53.5453048,-113.5041904,apartment,1750.0,1.0,1.0,900.0,1,0,0,0,12,0
563170,Edmonton,Alberta,Kilkenny,53.6154688,-113.4601546,apartment,700.0,2.0,2.5,200.0,1,2,0,0,6,0
565011,Edmonton,Alberta,24 Lakewood Village Northwest,53.4592602,-113.4392699,townhouse,1850.0,3.0,1.5,968.0,0,0,0,0,12,0
565308,Edmonton,Alberta,3642 117 Avenue Northwest,53.5696797,-113.3989656,apartment,1400.0,2.0,1.0,800.0,1,0,0,0,12,0
268308,Edmonton,Alberta,8125-110 St,53.517128,-113.5149832,apartment,1650.0,2.0,1.5,1030.0,2,0,0,0,12,0
564501,Edmonton,Alberta,10045 117 St NW,53.5402042,-113.5226112,apartment,1500.0,1.0,1.0,773.72,0,0,0,0,12,0
564788,Edmonton,Alberta,10645 106 Street,53.55082,-113.5025312,apartment,1500.0,2.0,1.0,1200.0,0,0,0,0,12,0
536670,Edmonton,Alberta,11041 86 Ave,53.5217191,-113.5169903,apartment,2050.0,2.0,1.0,827.0,0,0,1,1,12,0
506754,Edmonton,Alberta,8510 111 Street Northwest,53.5214693,-113.5178339,apartment,660.0,4.0,1.0,235.0,1,0,0,0,6,0
565055,Edmonton,Alberta,9381 222 Street Northwest,53.540043,-113.6975266,house,2300.0,3.0,2.5,1581.0,0,0,1,1,12,0
560154,Edmonton,Alberta,10323 121 Street Northwest,53.5451886,-113.5305065,townhouse,2900.0,3.0,3.0,2000.0,0,0,0,0,12,0
531465,Edmonton,Alberta,10360 102 St NW,53.5458997,-113.4960541,apartment,4900.0,3.0,2.5,1691.0,0,0,1,1,12,0
452123,Edmonton,Alberta,9610 149 Street Northwest,53.5336045,-113.5784416,apartment,1095.0,2.0,1.0,989.0,0,0,1,0,12,0
447684,Edmonton,Alberta,8908 116 Street NW,53.5250851,-113.5311277,apartment,700.0,4.0,1.0,1800.0,1,0,0,0,12,0
538581,Edmonton,Alberta,10403 116 Avenue Northwest,53.5663228,-113.4994364,apartment,725.0,9.0,4.0,4600.0,1,0,0,0,6,0
529297,Edmonton,Alberta,4881 Alwood Point SW,53.3968322,-113.5398607,duplex,1799.0,3.0,2.5,1500.0,0,0,1,1,12,0
515264,Edmonton,Alberta,10355 93 Street,53.5489344,-113.4768052,apartment,1000.0,1.0,1.0,680.0,0,0,0,0,12,0
305357,Edmonton,Alberta,11116 95A Street Northwest,53.5600772,-113.4889839,apartment,875.0,1.0,1.0,1200.0,2,0,0,0,6,0
397953,Edmonton,Alberta,11015 83 St NW,53.558613,-113.468462,apartment,1250.0,2.0,1.0,900.0,0,0,1,0,12,0
562948,Edmonton,Alberta,10821 128 Street Northwest,53.55329,-113.5425138,apartment,975.0,1.0,1.0,3000.0,1,0,0,0,6,0
259103,Edmonton,Alberta,8210 182 St,53.5158127,-113.6377704,apartment,1550.0,2.0,1.0,870.0,0,0,1,1,6,0
518136,Edmonton,Alberta,10131 - 10141 154 Street,53.5427936,-113.5864277,apartment,1100.0,1.0,1.0,642.0,0,0,1,1,12,0
483932,Edmonton,Alberta,11434 76 Ave NW,53.5125017,-113.5275665,apartment,700.0,2.0,1.0,3500.0,0,0,0,0,12,0
540448,Edmonton,Alberta,9503 101 Ave NW,53.5380009,-113.512493,apartment,3500.0,3.0,2.0,1177.0,0,0,1,1,12,0
535364,Edmonton,Alberta,5250 Chapelle Road SW,53.4002399,-113.57262,townhouse,2100.0,3.0,2.5,1403.0,0,0,1,1,12,0
294792,Edmonton,Alberta,10047 109 Street Northwest,53.5401789,-113.507878,apartment,1032.0,0.0,1.0,448.0,0,0,1,0,12,0
482716,Edmonton,Alberta,9910 104 ST,53.5376424,-113.4996188,apartment,1000.0,0.0,1.0,400.0,0,0,0,0,12,0
250647,Edmonton,Alberta,10411 105th Avenue,53.546919384229,-113.49966655952,apartment,1540.0,2.0,2.0,916.0,0,0,1,1,12,0
549379,Edmonton,Alberta,7423 Elmer Road Northwest,53.4698324,-113.6736182,townhouse,2200.0,3.0,2.5,1500.0,1,0,1,1,6,0
288658,Edmonton,Alberta,150-8930 Jasper Ave. NW,53.5526427,-113.4739792,apartment,1379.0,1.0,1.0,736.0,0,0,1,1,12,43
545126,Edmonton,Alberta,9033 184th Street NW,53.524976,-113.643608,apartment,1555.0,2.0,1.0,860.0,0,0,1,1,12,0
415566,Edmonton,Alberta,11405 132 St NW,53.563705,-113.549995,apartment,1035.0,1.0,1.0,800.0,0,0,1,1,12,16
357176,Edmonton,Alberta,7611 172 St. NW,53.5081932,-113.6166221,apartment,1379.0,1.0,1.0,600.0,0,0,1,1,12,43
288631,Edmonton,Alberta,8708 106 St. NW,53.5228544,-113.5039201,apartment,1544.0,1.0,1.0,755.0,0,0,1,0,12,30
496614,Edmonton,Alberta,823 Daniels Way Southwest,53.3988537,-113.5426144,apartment,1325.0,1.0,1.0,660.0,0,0,1,1,12,30
288641,Edmonton,Alberta,10615 47 Ave. NW,53.484775,-113.505067,apartment,1529.0,1.0,1.0,913.0,0,0,1,0,12,42
271878,Edmonton,Alberta,466 MacEwan Road SW,53.427564,-113.536821,apartment,1760.0,1.0,1.0,850.0,0,0,0,0,12,29
359929,Edmonton,Alberta,17916 78 Street NW,53.64205,-113.46598,apartment,1529.0,1.0,1.0,593.0,0,0,1,1,12,30
509644,Edmonton,Alberta,7969 91 Avenue,53.5256641,-113.4537666,apartment,2050.0,3.0,2.5,1276.0,0,0,1,1,12,30
275871,Edmonton,Alberta,9925 Jasper Ave NW,53.5410853,-113.4883582,apartment,1210.0,0.0,1.0,453.0,0,0,0,0,12,29
352857,Edmonton,Alberta,9810 105 St NW,53.536096,-113.5015692,apartment,1480.0,1.0,1.0,600.0,0,0,0,0,12,29
567118,Edmonton,Alberta,2701 Maple Way NW,53.48011615256,-113.34800037567,apartment,1650.0,2.0,2.0,744.0,0,0,1,1,12,14
571086,Edmonton,Alberta,12832 205 Street Northwest,53.5876499,-113.67603,duplex,2500.0,3.0,2.5,1860.0,0,0,1,1,12,0
571906,Edmonton,Alberta,9347 221 Street Northwest,53.5288808,-113.6984701,house,2300.0,3.0,2.5,1444.0,0,0,1,1,12,0
294276,Edmonton,Alberta,17119 64 Ave. NW,53.500203,-113.619374,apartment,1249.0,1.0,1.0,636.0,0,0,1,1,12,0
288636,Edmonton,Alberta,10711 Saskatchewan Dr.,53.5232455,-113.5070034,apartment,1266.0,1.0,1.0,592.0,0,0,1,1,12,36
294278,Edmonton,Alberta,17311 69 Ave. NW,53.5022084,-113.6219086,apartment,1309.0,1.0,1.0,900.0,0,0,1,0,12,0
288629,Edmonton,Alberta,10020 115 St. NW,53.539478,-113.519977,apartment,1407.0,1.0,1.0,750.0,0,0,1,1,12,30
288683,Edmonton,Alberta,8830 85 St. NW,53.5241524,-113.4586098,apartment,1394.0,1.0,1.0,771.0,0,0,1,0,12,0
288663,Edmonton,Alberta,3624 119 St. NW,53.471735,-113.53969,apartment,1369.0,1.0,1.0,644.0,0,0,1,1,12,0
294279,Edmonton,Alberta,15503 87 Ave. NW,53.5193935,-113.5884839,apartment,1299.0,1.0,1.0,734.0,0,0,1,0,12,17
288681,Edmonton,Alberta,3741 16A Ave. NW,53.4449102,-113.40228,townhouse,1509.0,2.0,1.0,1175.0,0,0,1,1,12,30
294284,Edmonton,Alberta,113-17139 69 Ave. NW,53.5063101,-113.6171564,apartment,1549.0,2.0,1.0,737.0,0,0,1,1,12,0
288644,Edmonton,Alberta,13124 126 St. NW,53.5908066,-113.5397126,apartment,1299.0,1.0,1.0,775.0,0,0,1,1,12,17
289646,Edmonton,Alberta,9820 104 St. NW,53.536248,-113.499585,apartment,1578.0,2.0,1.0,1164.0,0,0,1,0,12,20
288649,Edmonton,Alberta,121 St.& 152 Ave.,53.6140362,-113.5304736,townhouse,1669.0,3.0,1.0,1200.0,0,0,1,1,12,0
288633,Edmonton,Alberta,155 Royal Rd.,53.4822482,-113.5402311,apartment,1489.0,2.0,1.0,900.0,0,0,1,1,12,0
294270,Edmonton,Alberta,17104 75 Ave.,53.5068691,-113.6177004,apartment,1439.0,2.0,1.0,838.0,0,0,1,1,12,0
288673,Edmonton,Alberta,5314 Riverbend Rd.,53.4913832,-113.5788479,apartment,1489.0,2.0,1.0,958.0,0,0,1,1,12,43
566559,Edmonton,Alberta,11715 124 Street,53.5689401,-113.5356144,apartment,1100.0,1.0,1.0,700.0,0,0,1,1,12,14
373527,Edmonton,Alberta,1828 Keene Crescent,53.4179015,-113.6173984,apartment,1958.0,3.0,2.0,1048.0,0,0,1,1,12,33
572067,Edmonton,Alberta,Hillview,53.4669195,-113.4329257,basement,1500.0,2.0,1.0,1170.0,0,0,0,0,12,14
570891,Edmonton,Alberta,Cy Becker,53.6305838,-113.4090269,house,750.0,3.0,2.5,1800.0,0,0,0,0,12,14
491035,Edmonton,Alberta,2610 Maple Way,53.47687,-113.34911,townhouse,1960.0,3.0,2.5,1510.0,0,0,1,1,6,30
570271,Edmonton,Alberta,Walker,53.415373,-113.4209794,duplex,2400.0,4.0,2.5,1700.0,0,0,0,0,12,14
537033,Edmonton,Alberta,Walker,53.415373,-113.4209794,house,2400.0,4.0,2.5,1700.0,0,0,0,0,12,14
572319,Edmonton,Alberta,8311 76 Avenue Northwest,53.5120723,-113.4557072,apartment,1400.0,1.0,1.0,600.0,0,0,0,0,12,14
327967,Edmonton,Alberta,10524 77 Ave NW,53.513422,-113.501745,apartment,2400.0,2.0,2.0,950.0,1,0,0,0,6,14
572316,Edmonton,Alberta,8311 76 Avenue Northwest,53.5120723,-113.4557072,basement,1300.0,2.0,1.0,800.0,0,0,0,0,12,14
570691,Edmonton,Alberta,Ozerna,53.6215657,-113.4455073,house,2000.0,3.0,2.0,1500.0,0,0,1,1,12,14
572054,Edmonton,Alberta,465 Edgemont Drive,53.464021407372,-113.678693536246,house,2500.0,3.0,3.0,1550.0,0,0,0,0,12,14
570166,Edmonton,Alberta,1158 Aster Boulevard,53.4504137,-113.3636792,townhouse,2000.0,2.0,2.5,1100.0,0,0,0,0,12,14
571921,Edmonton,Alberta,Kinglet Gardens,53.5728509,-113.6925982,house,2200.0,3.0,2.5,1510.0,0,0,0,0,12,14
569492,Edmonton,Alberta,8516 76 Avenue Northwest,53.5125334,-113.4593461,basement,1500.0,1.0,1.0,750.0,0,0,0,0,12,14
571908,Edmonton,Alberta,3901 Chrustawka Place Southwest,53.4063411,-113.5879782,basement,1350.0,1.0,1.0,625.0,0,0,0,0,12,14
570861,Edmonton,Alberta,Cy Becker,53.6305838,-113.4090269,house,2350.0,3.0,2.5,1800.0,0,0,0,0,12,14
569047,Edmonton,Alberta,12008 101 Street Northwest,53.5738728,-113.4941216,house,1700.0,3.0,1.0,1000.0,0,0,1,0,12,14
570178,Edmonton,Alberta,3901 Chrustawka Place Southwest,53.4063411,-113.5879782,house,2550.0,3.0,2.5,1582.0,0,0,0,0,12,14
572029,Edmonton,Alberta,Kinglet Gardens,53.5726888,-113.692325,house,3800.0,3.0,2.5,1450.0,1,0,0,0,3,14
571996,Edmonton,Alberta,4207 103 Avenue Northwest,53.5445335,-113.408581,house,1795.0,3.0,1.0,1050.0,0,0,1,1,12,14
571339,Edmonton,Alberta,8122 106 Street,53.5177116,-113.504074,apartment,1626.0,1.0,1.0,705.0,0,0,1,1,12,14
570064,Edmonton,Alberta,17447 98A Ave,53.533697,-113.6230148,apartment,1599.0,2.0,2.0,989.0,0,0,1,1,12,14
571284,Edmonton,Alberta,11825 62 Street Northwest,53.5711059,-113.4364347,house,1400.0,2.0,1.0,860.0,0,0,1,1,12,14
571447,Edmonton,Alberta,10625 83 Ave NW,53.5188822,-113.5048166,apartment,1650.0,1.0,1.0,630.0,1,0,0,0,12,14
568074,Edmonton,Alberta,1432 Cherniak Way Southwest,53.4103406,-113.5153537,duplex,2200.0,3.0,2.5,1450.0,0,0,1,1,12,14
493974,Edmonton,Alberta,920 172 Street Southwest,53.4256494,-113.6165764,townhouse,1975.0,3.0,1.5,1369.0,0,0,0,0,12,14
467727,Edmonton,Alberta,12050 17 Avenue Southwest,53.4163895,-113.5301018,townhouse,2200.0,3.0,2.5,1288.0,0,0,0,0,12,14
553425,Edmonton,Alberta,9311 Pear Link Southwest,53.4017698,-113.4687446,basement,995.0,1.0,1.0,700.0,0,0,1,1,12,14
478384,Edmonton,Alberta,5879 Sutter Place Northwest,53.4435547,-113.5874946,house,2050.0,3.0,2.5,1350.0,0,0,1,1,12,14
571059,Edmonton,Alberta,10134 100 Street Northwest,53.5419928,-113.4908483,apartment,1700.0,1.0,1.0,560.0,1,0,0,0,12,14
281801,Edmonton,Alberta,7293 South Terwillegar Dr NW,53.4351951,-113.5797286,townhouse,2300.0,3.0,2.5,1713.0,0,0,1,1,12,14
570875,Edmonton,Alberta,Mayfield,53.5552278,-113.6049298,house,2000.0,3.0,1.0,1200.0,0,0,1,0,12,14
456295,Edmonton,Alberta,Albany,53.6313055,-113.548547,basement,1300.0,1.0,1.0,950.0,0,0,0,0,12,14
419468,Edmonton,Alberta,Bonnie Doon,53.526471,-113.4728649,basement,1350.0,1.0,1.0,785.0,2,0,0,0,6,14
294265,Edmonton,Alberta,175 St. & 92 Ave. NW,53.5273443,-113.622227,townhouse,1599.0,2.0,1.0,1175.0,0,0,1,1,12,22
569284,Edmonton,Alberta,11912 18 Avenue Southwest,53.4148901,-113.5296054,duplex,2195.0,3.0,3.5,1250.0,0,0,1,1,12,14
285073,Edmonton,Alberta,3425 19 St NW,53.4686882,-113.3717356,apartment,1650.0,2.0,2.0,890.0,0,0,0,0,12,14
569166,Edmonton,Alberta,Lewis Estate,53.5253972,-113.6859122,apartment,700.0,1.0,1.0,700.0,1,0,0,0,12,14
498369,Edmonton,Alberta,Terwillegar,53.4531934,-113.5824301,house,2495.0,4.0,3.5,1600.0,0,0,0,0,12,14
558779,Edmonton,Alberta,11642 90 Street Northwest,53.5685792,-113.4800381,basement,1200.0,1.0,1.0,515.0,0,0,0,0,12,14
436255,Edmonton,Alberta,10045 117 St NW,53.5402042,-113.5226112,apartment,1650.0,2.0,1.5,1190.0,0,0,0,0,12,14
568046,Edmonton,Alberta,"1434 Cherniak Way Southwest, Edmonton, AB, Canada",53.408734,-113.5091222,duplex,2200.0,3.0,2.5,1450.0,0,0,0,0,12,14
476563,Edmonton,Alberta,10610 82 Street Northwest,53.5496601,-113.4544437,apartment,1950.0,2.0,2.0,1164.0,0,0,1,1,12,14
571825,Edmonton,Alberta,Beverly Heights,53.5692794,-113.4139411,house,1650.0,3.0,1.0,1107.0,0,0,0,0,12,16
288652,Edmonton,Alberta,9947 Saskatchewan Dr.,53.5263053,-113.4884963,apartment,1304.0,1.0,1.0,572.0,0,0,1,1,12,24
377484,Edmonton,Alberta,1736 51 Street Northwest,53.4474769,-113.420984,house,1725.0,3.0,1.5,1100.0,0,0,1,1,6,17
288630,Edmonton,Alberta,11230 St.Albert Trail,53.5620656,-113.5444608,apartment,1413.0,1.0,1.0,810.0,0,0,1,0,12,19
572626,Edmonton,Alberta,11539 16 Avenue Southwest,53.4165457,-113.5256603,house,2950.0,4.0,2.5,2000.0,0,0,0,0,12,20
288637,Edmonton,Alberta,15123 45 Ave. NW,53.483854,-113.582672,apartment,1489.0,2.0,1.0,859.0,0,0,1,1,12,20
288661,Edmonton,Alberta,9830 105 St. NW,53.536614,-113.501592,apartment,965.0,0.0,1.0,311.0,0,0,0,1,12,43
460680,Edmonton,Alberta,17104 75 Ave. NW,53.5075731,-113.6177012,apartment,1279.0,1.0,1.0,600.0,0,0,1,1,12,37
294277,Edmonton,Alberta,8905 184 St. NW,53.5237146,-113.6410085,apartment,1359.0,1.0,1.0,787.0,0,0,1,1,12,20
446491,Edmonton,Alberta,10310 102 St NW,53.5450299,-113.49616,apartment,1668.0,1.0,1.0,628.0,0,0,1,1,6,21
288642,Edmonton,Alberta,101-3116 116A Ave. NW,53.5688961,-113.3893774,apartment,1179.0,1.0,1.0,564.0,0,0,1,1,12,43
288623,Edmonton,Alberta,10350 122 St. NW,53.546194052241,-113.53271226085,apartment,1649.0,2.0,1.5,1100.0,0,0,1,1,12,23
288669,Edmonton,Alberta,East Parkview Estates,53.5688633,-113.3906294,townhouse,1559.0,3.0,1.0,900.0,0,0,1,1,12,25
545123,Edmonton,Alberta,8808 - 165th St. NW,53.524157,-113.611016,apartment,1235.0,1.0,1.0,900.0,0,0,1,1,12,34
572153,Edmonton,Alberta,5404 101A Avenue Northwest,53.5424603,-113.4218017,house,2750.0,5.0,2.0,1100.0,0,0,1,1,12,27
570622,Edmonton,Alberta,Crystallina Nera,53.6403961,-113.4641601,townhouse,2100.0,2.0,2.5,1500.0,0,0,1,0,12,27
345133,Edmonton,Alberta,7551 80 Avenue,53.5159177,-113.4460453,duplex,2750.0,4.0,3.5,2400.0,0,0,0,0,6,28
521329,Edmonton,Alberta,"20, 15215 126 Street",53.6159525,-113.5375287,house,1575.0,2.0,2.5,2160.0,0,0,0,0,12,29
567745,Edmonton,Alberta,1211 16 Avenue NW,53.4504223,-113.3618586,house,2400.0,4.0,3.0,1600.0,0,0,0,0,12,29
273149,Edmonton,Alberta,10515 99th Ave. NW,53.544389,-113.490927,apartment,1500.0,1.0,1.0,581.0,0,0,1,1,12,29
483500,Edmonton,Alberta,16035 132 St NW,53.6222921,-113.5515143,apartment,1950.0,2.0,2.0,1028.0,0,0,0,0,12,29
536882,Edmonton,Alberta,3715 Whitelaw Ln NW,53.440856,-113.6125434,apartment,1599.0,1.0,1.0,700.0,0,0,0,0,12,29
531960,Edmonton,Alberta,BSMT 22204 87 Avenue Northwest,53.5213899,-113.69931,basement,1125.0,1.0,1.0,622.0,0,0,1,1,12,29
555838,Edmonton,Alberta,9725 119 Ave NW,53.5718034,-113.4934371,apartment,1100.0,1.0,1.0,750.0,0,0,0,0,12,29
520963,Edmonton,Alberta,Windermere,53.439350032672,-113.612565018555,house,2599.0,5.0,3.5,2400.0,0,0,0,1,12,30
336439,Edmonton,Alberta,10136 95 St,53.5442675,-113.4784933,apartment,850.0,0.0,1.0,280.0,0,0,0,0,12,30
272757,Edmonton,Alberta,3303 18th Ave NW,53.4471948,-113.3909032,apartment,1738.0,2.0,1.0,859.0,0,0,1,1,12,30
572412,Edmonton,Alberta,4205 30 Street Northwest,53.4791478,-113.3873584,townhouse,1950.0,3.0,1.5,1153.0,0,0,1,1,12,30
434172,Edmonton,Alberta,6435 King Wynd SW,53.4133537,-113.6325462,basement,1100.0,1.0,1.0,636.0,0,0,1,1,12,30
522140,Edmonton,Alberta,10611 117 St NW,53.5502234,-113.5227058,apartment,2200.0,2.0,2.0,896.0,1,0,1,1,6,30
572607,Edmonton,Alberta,Kernohan,53.5958594,-113.3821355,townhouse,1590.0,3.0,1.0,1000.0,0,0,1,0,12,30
470337,Edmonton,Alberta,10326 121 Street Northwest,53.5453511,-113.5314401,townhouse,1750.0,2.0,2.0,1200.0,0,0,1,1,12,30
479640,Edmonton,Alberta,Windermere,53.426540962056,-113.62509450734,basement,1300.0,1.0,1.0,974.0,0,0,0,0,12,30
518938,Edmonton,Alberta,15210 109 Avenue Northwest,53.5543368,-113.5838902,townhouse,2025.0,2.0,3.0,1200.0,0,0,1,1,12,30
408747,Edmonton,Alberta,2204 118 Street Northwest,53.4525253,-113.5328437,apartment,1450.0,2.0,1.0,887.0,0,0,1,1,12,30
571926,Edmonton,Alberta,603 Orchards Boulevard Southwest,53.4052937,-113.4657107,townhouse,2100.0,3.0,2.5,1411.0,0,0,1,1,12,30
270506,Edmonton,Alberta,6133 Stanton Dr SW,53.420539,-113.4454954,apartment,1728.0,2.0,1.0,859.0,0,0,1,1,12,30
528916,Edmonton,Alberta,10403 98 Avenue Northwest,53.5351477,-113.4996735,apartment,2000.0,2.0,2.0,1015.0,0,0,1,1,12,30
273885,Edmonton,Alberta,9230 213th St NW,53.5274927,-113.6870769,apartment,1728.0,2.0,1.0,860.0,0,0,1,1,12,30
572507,Edmonton,Alberta,11915 106 Ave NW,53.5488044,-113.527798,apartment,1900.0,2.0,2.0,1100.0,0,0,0,0,12,30
509354,Edmonton,Alberta,5712 Cautley Crescent Southwest,53.40045,-113.58957,house,2400.0,3.0,2.5,1600.0,0,0,0,0,12,30
278945,Edmonton,Alberta,1745 Cunningham Way SW,53.407248,-113.529935,apartment,1768.0,2.0,2.0,954.0,0,0,1,1,12,30
569316,Edmonton,Alberta,Tamarack,53.4581895,-113.3680912,duplex,2149.0,3.0,3.0,1450.0,0,0,0,0,12,30
516331,Edmonton,Alberta,545-563 Paterson Way SW,53.4142731,-113.5562456,duplex,2050.0,2.0,2.5,1413.0,0,0,0,1,12,30
568784,Edmonton,Alberta,84 St NW,53.601935507672,-113.470113349707,house,2100.0,3.0,1.5,1200.0,0,0,0,1,12,30
524183,Edmonton,Alberta,9907 74 Street Northwest,53.5394332,-113.4411329,house,1850.0,3.0,1.0,1100.0,0,0,1,1,12,30
570279,Edmonton,Alberta,7828 Erasmus Wynd Northwest,53.471149,-113.6741013,house,2100.0,3.0,2.5,1982.0,0,0,0,0,12,0
288679,Edmonton,Alberta,10140 113 St. NW,53.5418954,-113.516331,apartment,1669.0,2.0,1.0,1012.0,0,0,1,0,12,61
572470,Edmonton,Alberta,2344 82 Street Southwest,53.4111384,-113.4616792,house,3800.0,4.0,3.5,1760.0,1,0,0,0,12,30
431411,Edmonton,Alberta,15011 59 Street Northwest,53.6125942,-113.4317214,basement,1300.0,2.0,2.0,700.0,0,0,1,1,3,30
539221,Edmonton,Alberta,952 Burrows Crescent Northwest,53.4810737,-113.5684777,house,3200.0,6.0,3.5,2200.0,0,0,1,0,12,30
515269,Edmonton,Alberta,10180 103 ST NW,53.5428168,-113.4979766,apartment,3200.0,2.0,2.0,1500.0,0,0,1,1,12,30
572503,Edmonton,Alberta,3660 109 Street Northwest,53.4718827,-113.5114388,basement,1800.0,3.0,1.5,1000.0,0,0,0,0,12,30
572469,Edmonton,Alberta,9519 160 Avenue Northwest,53.6204524,-113.4892538,apartment,1500.0,2.0,2.0,900.0,0,0,0,0,12,30
288647,Edmonton,Alberta,3840 Millwoods Rd.,53.4725352,-113.4552009,apartment,1519.0,2.0,1.0,1135.0,0,0,1,1,12,30
526096,Edmonton,Alberta,UPPER 9432 150 Avenue Northwest,53.611506413579,-113.487019569677,house,1850.0,3.0,1.5,1140.0,0,0,1,1,12,30
571518,Edmonton,Alberta,King Edward Park,53.5125204,-113.4499976,basement,1225.0,1.0,1.0,900.0,0,0,0,0,12,30
346354,Edmonton,Alberta,Forest Heights,53.549324832884,-113.452379031213,apartment,1700.0,3.0,2.5,1725.0,0,0,0,0,12,30
472753,Edmonton,Alberta,10238 103 St NW,53.5440505,-113.4979589,apartment,1800.0,2.0,1.0,950.0,0,0,0,0,6,30
571144,Edmonton,Alberta,79 Belmead Gardens Northwest,53.5221153,-113.6390907,townhouse,1900.0,3.0,1.5,1054.0,0,0,0,0,12,30
565112,Edmonton,Alberta,4532 Alwood Way Southwest,53.3980634,-113.538619,duplex,2100.0,3.0,2.5,1300.0,0,0,1,1,12,30
288675,Edmonton,Alberta,3431 139 Ave. NW,53.6026602,-113.3956651,apartment,1279.0,1.0,1.0,750.0,0,0,1,1,12,30
461499,Edmonton,Alberta,15805 Beaumaris Road,53.6191482,-113.5025199,apartment,1225.0,1.0,1.0,775.0,0,0,0,0,12,30
482455,Edmonton,Alberta,Ottewell,53.5241932,-113.4254097,duplex,1800.0,4.0,1.5,1050.0,0,0,1,1,12,30
453888,Edmonton,Alberta,12847 50 Street NW,53.5885238,-113.4169036,apartment,1750.0,2.0,2.0,891.0,0,0,1,1,12,30
572389,Edmonton,Alberta,11578 38 Street Northwest,53.5687149,-113.3999787,duplex,2300.0,3.0,2.5,1600.0,1,0,0,0,12,30
572310,Edmonton,Alberta,10180 103 Street Northwest,53.5428168,-113.4979766,apartment,2400.0,2.0,2.0,800.0,0,0,0,0,12,30
572361,Edmonton,Alberta,10921 122 Street Northwest,53.5547107,-113.532068,house,1450.0,2.0,2.0,1583.0,0,0,0,0,12,30
536669,Edmonton,Alberta,11303 105 Ave,53.5479159,-113.5166078,apartment,1650.0,2.0,1.0,743.0,0,0,1,1,12,30
572359,Edmonton,Alberta,10921 122 Street Northwest,53.5547107,-113.532068,basement,1300.0,2.0,2.0,1317.0,0,0,0,0,12,30
288656,Edmonton,Alberta,8920 100 St. NW,53.5249926,-113.4890686,apartment,1549.0,1.0,1.0,734.0,0,0,1,0,12,43
570113,Edmonton,Alberta,7722 105 Ave,53.548103,-113.4472658,apartment,2195.0,2.0,2.5,1100.0,0,0,1,1,12,30
572394,Edmonton,Alberta,10360 102 St NW,53.5457543,-113.4962335,apartment,3000.0,1.0,1.0,600.0,1,0,1,1,6,30
396352,Edmonton,Alberta,5317 3 Ave SW,53.4294273,-113.4267408,duplex,2000.0,3.0,2.5,1300.0,0,0,0,0,12,30
288643,Edmonton,Alberta,14624 72 St. NW,53.6081528,-113.4497096,apartment,1309.0,1.0,1.0,614.0,0,0,1,1,12,43
489415,Edmonton,Alberta,10615 83 Street Northwest,53.5497135,-113.4552636,house,1450.0,2.0,1.0,800.0,0,0,1,1,12,30
570543,Edmonton,Alberta,7907 109 St NW,53.5155284,-113.5115994,apartment,1925.0,2.0,2.0,850.0,0,0,1,1,12,30
514890,Edmonton,Alberta,9429 Colak Lane Southwest,53.3984729,-113.5889874,basement,1000.0,1.0,1.0,660.0,0,0,0,0,12,30
565508,Edmonton,Alberta,1568 Esaiw Place Northwest,53.4604577,-113.676417,basement,1600.0,2.0,1.0,1250.0,0,0,0,0,12,30
522839,Edmonton,Alberta,10620 79 Avenue Northwest,53.515461,-113.504288,apartment,1250.0,1.0,1.0,750.0,0,0,1,0,6,30
569809,Edmonton,Alberta,13114 Fort Road Northwest,53.5911503,-113.4330363,townhouse,1600.0,2.0,2.0,870.0,0,0,1,0,12,30
571962,Edmonton,Alberta,Glenridding Heights,53.4245606,-113.5958085,house,2700.0,4.0,2.5,2008.0,0,0,0,0,12,30
572217,Edmonton,Alberta,11109 84 Avenue Northwest,53.519838,-113.5186,apartment,2150.0,2.0,2.0,1048.0,0,0,0,0,12,30
288635,Edmonton,Alberta,9927 114 St NW,53.5382055,-113.5171372,apartment,1387.0,1.0,1.0,740.0,0,0,1,0,12,30
570541,Edmonton,Alberta,3018 169 Street Southwest,53.4072296,-113.6131887,basement,1150.0,1.0,1.0,585.0,0,0,1,1,12,30
530730,Edmonton,Alberta,Ritchie,53.514980475237,-113.479593524732,house,1595.0,2.0,1.0,800.0,0,0,1,1,12,30
572077,Edmonton,Alberta,1207 Podersky Wynd SW,53.4120245,-113.5570339,basement,1250.0,1.0,1.0,636.0,0,0,0,1,12,30
287784,Edmonton,Alberta,Chappelle,53.3971347,-113.5784609,house,1825.0,3.0,2.5,1700.0,0,0,1,0,12,30
572165,Edmonton,Alberta,8311 76 Avenue Northwest,53.5120723,-113.4557072,house,2300.0,3.0,2.5,1600.0,0,0,0,0,12,30
429947,Edmonton,Alberta,E-16413 89 Ave NW,53.5235796,-113.6049532,townhouse,1650.0,3.0,1.5,1000.0,0,0,0,0,6,30
567946,Edmonton,Alberta,5066 Andison Close Southwest,53.3966953,-113.5255174,house,2300.0,3.0,2.5,1430.0,0,0,1,1,12,30
525025,Edmonton,Alberta,5734 Cautley Crescent Southwest,53.39987,-113.58842,house,2395.0,3.0,2.5,2067.0,0,0,1,1,12,30
572072,Edmonton,Alberta,1207 Podersky Wynd SW,53.4120245,-113.5570339,duplex,2300.0,4.0,3.0,1555.0,0,0,0,1,12,30
569496,Edmonton,Alberta,2903 Rabbit Hill Rd NW,53.4608021,-113.5667031,apartment,2000.0,3.0,2.0,1377.0,0,0,0,0,12,30
572164,Edmonton,Alberta,6024 111 Avenue Northwest,53.5653017,-113.4309688,basement,1300.0,1.0,1.0,1200.0,0,0,0,0,6,30
294286,Edmonton,Alberta,8630 182 St. NW,53.520263,-113.6372246,apartment,1489.0,2.0,1.0,884.0,0,0,1,1,12,50
364885,Edmonton,Alberta,10518 77 Street Northwest,53.548621,-113.446709,house,2450.0,4.0,2.0,1097.0,0,0,1,1,12,30
519245,Edmonton,Alberta,7224 81 Avenue Northwest,53.5172493,-113.4399084,townhouse,1750.0,2.0,2.5,1150.0,0,0,1,0,12,30
572191,Edmonton,Alberta,3071 Whitelaw Drive Northwest,53.444289155464,-113.605365953863,duplex,2300.0,3.0,2.5,1206.0,0,0,1,1,12,30
478401,Edmonton,Alberta,9917 110 St NW,53.5379712,-113.5097689,apartment,1950.0,2.0,2.0,950.0,1,0,0,0,12,30
571657,Edmonton,Alberta,Annett Common SW,53.4003784,-113.5375051,basement,1350.0,1.0,1.0,425.0,1,0,0,0,12,30
452105,Edmonton,Alberta,7705 110 Street Northwest,53.5133671,-113.514799,basement,1400.0,2.0,1.0,850.0,0,0,1,0,6,30
569810,Edmonton,Alberta,13114 Fort Road Northwest,53.5911503,-113.4330363,basement,900.0,1.0,1.0,400.0,0,0,1,0,12,30
543074,Edmonton,Alberta,10551 56 Avenue Northwest,53.4930528,-113.5034522,house,1600.0,3.0,1.0,1050.0,0,0,0,1,12,30
424439,Edmonton,Alberta,10615 81 Avenue Northwest,53.516818,-113.503719,apartment,1200.0,1.0,1.0,850.0,0,0,1,0,6,30
571809,Edmonton,Alberta,10794 31 Avenue Northwest,53.4626909,-113.5090207,townhouse,1750.0,3.0,1.5,1321.0,1,0,0,0,12,30
338944,Edmonton,Alberta,10733 76 Ave NW,53.5120823,-113.5080274,house,1650.0,2.0,1.0,1000.0,0,0,0,0,12,30
288668,Edmonton,Alberta,2421 104 St. NW,53.4555845,-113.4957957,apartment,1554.0,2.0,1.5,962.0,0,0,1,0,12,30
571980,Edmonton,Alberta,11726 16A Avenue Southwest,53.4165843,-113.5278155,house,2700.0,3.0,2.5,2000.0,0,0,0,0,6,30
571987,Edmonton,Alberta,21223 59 Avenue Northwest,53.4947028,-113.6864229,basement,1095.0,1.0,1.0,700.0,0,0,1,0,12,30
571983,Edmonton,Alberta,Summerside,53.4159808,-113.4509262,townhouse,2050.0,3.0,2.5,1250.0,0,0,1,1,12,30
502717,Edmonton,Alberta,Windermere,53.4258412,-113.6265586,basement,1650.0,2.0,1.0,1000.0,0,0,0,0,12,30
569015,Edmonton,Alberta,12910 85 Street Northwest,53.587921,-113.4713009,house,1800.0,3.0,1.0,965.0,0,0,0,0,6,30
440153,Edmonton,Alberta,1959 118 Street Southwest,53.4116871,-113.5277286,duplex,2280.0,3.0,2.5,1541.0,0,0,0,0,12,30
293046,Edmonton,Alberta,10636 120 Street,53.5495639,-113.5302258,apartment,1649.0,2.0,2.0,900.0,0,0,1,0,6,30
525110,Edmonton,Alberta,465 Hemingway Road NW,53.49683,-113.68468,townhouse,1695.0,2.0,2.5,941.0,0,0,0,0,12,30
571375,Edmonton,Alberta,Crystallina Nera,53.6444658,-113.4468541,basement,1100.0,1.0,1.0,650.0,0,0,0,0,12,30
286089,Edmonton,Alberta,2703 79 Street NW,53.4578049,-113.4513505,apartment,1350.0,2.0,1.0,1000.0,0,0,0,0,12,30
571452,Edmonton,Alberta,1462 Keswick Drive Southwest,53.4128034,-113.6346739,townhouse,2100.0,3.0,2.5,1276.0,0,0,1,1,12,30
288457,Edmonton,Alberta,Parkallen,53.506913,-113.514075,house,2900.0,6.0,3.0,2500.0,0,0,0,0,12,30
571523,Edmonton,Alberta,McKernan,53.5130454,-113.5135904,duplex,650.0,1.0,1.0,110.0,1,0,0,0,12,30
460736,Edmonton,Alberta,Strathcona,53.5354371,-113.4856967,basement,1500.0,1.0,1.0,650.0,0,0,0,0,12,30
508071,Edmonton,Alberta,1530 Tamarack Boulevard Northwest,53.4564438,-113.3649809,townhouse,1650.0,2.0,1.0,820.0,0,0,1,0,12,30
511361,Edmonton,Alberta,6520 106 st,53.5026285,-113.5047172,basement,1150.0,2.0,1.0,720.0,0,0,0,0,12,30
571891,Edmonton,Alberta,9642 Colak Link Southwest,53.3979535,-113.5932043,house,1995.0,3.0,2.5,1410.0,0,0,1,1,12,30
329978,Edmonton,Alberta,10321 149 Street NW,53.544671,-113.577309,house,1700.0,2.0,2.0,800.0,0,0,1,1,12,30
569124,Edmonton,Alberta,8918 88 Avenue Northwest,53.5236392,-113.4649652,house,2600.0,3.0,1.0,1300.0,0,0,0,0,12,30
540921,Edmonton,Alberta,8735 80 Avenue Northwest,53.515893,-113.4632017,house,1350.0,2.0,1.0,770.0,0,0,0,0,12,30
526176,Edmonton,Alberta,10666 63 Avenue Northwest,53.5002844,-113.5077921,basement,1100.0,1.0,1.0,620.0,0,0,1,1,12,30
526536,Edmonton,Alberta,8424 118 Street Northwest,53.5210483,-113.5352928,house,1800.0,1.0,1.0,533.0,0,0,0,0,12,30
568476,Edmonton,Alberta,10634 67 Avenue Northwest,53.5041257,-113.5062818,house,2700.0,3.0,2.5,1900.0,1,0,0,0,12,30
492144,Edmonton,Alberta,9120 83 Avenue Northwest,53.5193067,-113.4686136,duplex,2200.0,3.0,1.5,1228.0,0,0,0,0,12,30
516290,Edmonton,Alberta,10143 80 Street Northwest,53.5423034,-113.4504575,house,2225.0,5.0,2.5,1800.0,0,0,1,1,12,30
566866,Edmonton,Alberta,10513 124 Street,53.5482236,-113.5354582,apartment,1000.0,1.0,1.0,675.0,0,0,1,1,12,30
570359,Edmonton,Alberta,1144 Adamson Drive Southwest,53.4049575,-113.5190567,apartment,1700.0,2.0,2.0,900.0,2,0,0,0,12,30
489116,Edmonton,Alberta,11415 74 Avenue Northwest,53.5101117,-113.5270129,basement,1390.0,1.0,1.0,690.0,0,0,0,0,12,30
571730,Edmonton,Alberta,10882 98 Street Northwest,53.5554442,-113.4925429,apartment,1200.0,0.0,1.0,500.0,1,0,1,0,12,30
527967,Edmonton,Alberta,57 655 Watt Boulevard Southwest,53.4226933,-113.4385572,townhouse,1900.0,3.0,2.5,1500.0,0,0,0,1,12,30
571634,Edmonton,Alberta,9911 223 Street Northwest,53.5392691,-113.7002204,house,2650.0,3.0,2.5,1750.0,2,0,0,0,12,30
571740,Edmonton,Alberta,15328 95 Avenue Northwest,53.5316844,-113.5863852,basement,1100.0,1.0,1.0,500.0,0,0,1,1,12,30
488713,Edmonton,Alberta,7015 22 Avenue Southwest,53.4121757,-113.4493891,house,2200.0,3.0,2.5,1400.0,0,0,1,0,12,30
440599,Edmonton,Alberta,BSMT 2448 Bowen Wynd Southwest,53.4165408,-113.5147915,basement,1280.0,2.0,1.0,850.0,0,0,1,1,12,30
505699,Edmonton,Alberta,11846 91 Street Northwest,53.571712,-113.481837,apartment,700.0,5.0,2.0,1350.0,1,0,0,0,6,30
571735,Edmonton,Alberta,15328 95 Avenue Northwest,53.5316844,-113.5863852,house,2100.0,3.0,2.5,1200.0,0,0,1,1,12,30
571517,Edmonton,Alberta,9903 104 Street NW,53.537631,-113.4987842,apartment,1850.0,2.0,1.5,1000.0,2,0,0,0,12,30
382436,Edmonton,Alberta,10105 95 Street,53.5434419,-113.4771897,townhouse,1885.0,2.0,1.5,1200.0,0,0,0,0,12,30
571808,Edmonton,Alberta,21223 59 Avenue Northwest,53.4947028,-113.6864229,house,1900.0,3.0,2.5,1500.0,0,0,1,0,12,30
571731,Edmonton,Alberta,18122 77 Street Northwest,53.6444604,-113.4628307,apartment,1400.0,1.0,1.0,664.0,1,0,0,0,12,30
266788,Edmonton,Alberta,10221 111 St,53.5435008,-113.5108587,apartment,2050.0,2.0,2.0,1170.0,1,0,0,0,6,30
455325,Edmonton,Alberta,4304 139 Avenue Northwest,53.601489,-113.4086947,apartment,1650.0,2.0,2.0,1100.0,0,0,0,0,12,30
457405,Edmonton,Alberta,12734 118 Ave,53.570736,-113.5440875,apartment,1095.0,1.0,1.0,670.0,0,0,1,0,12,30
460215,Edmonton,Alberta,11710 100 Ave NW,53.5395653,-113.5236198,apartment,3250.0,2.0,2.0,1400.0,0,0,0,0,12,30
499522,Edmonton,Alberta,Tamarack,53.4579036,-113.3655936,duplex,2250.0,3.0,2.5,1450.0,0,0,1,1,12,30
571497,Edmonton,Alberta,Grovenor,53.5474376,-113.5776264,basement,1100.0,1.0,1.0,850.0,0,0,1,0,12,30
336151,Edmonton,Alberta,2606 109 street,53.4569556,-113.510734,apartment,1875.0,2.0,2.0,950.0,2,0,1,0,6,30
341997,Edmonton,Alberta,7907 109 St NW,53.515222186805,-113.511792519049,apartment,1935.0,2.0,2.0,840.0,0,0,0,0,12,30
571677,Edmonton,Alberta,12831 106 Street,53.5867361,-113.5022491,basement,1200.0,2.0,1.0,900.0,0,0,1,1,12,30
571554,Edmonton,Alberta,8007 Summerside Grande Boulevard Southwest,53.4173518,-113.4603355,house,2500.0,3.0,2.5,1800.0,0,0,0,1,12,30
571676,Edmonton,Alberta,12831 106 Street,53.586714870759,-113.502177571589,house,1700.0,3.0,1.0,1000.0,0,0,1,1,12,30
306240,Edmonton,Alberta,7203 80 Avenue Northwest,53.5159776,-113.4386663,basement,1075.0,1.0,1.0,700.0,0,0,1,0,12,30
571442,Edmonton,Alberta,River's Edge,53.4561133,-113.6482937,house,3750.0,3.0,2.5,2600.0,2,0,1,1,6,30
571512,Edmonton,Alberta,King Edward Park,53.5125204,-113.4499976,house,1925.0,2.0,1.0,940.0,0,0,0,1,12,30
471548,Edmonton,Alberta,10420 45 Street Northwest,53.5472199,-113.4115487,basement,1100.0,2.0,1.0,800.0,0,0,1,1,12,30
550905,Edmonton,Alberta,Westmount,53.558358590061,-113.540974193115,house,2100.0,3.0,1.0,1650.0,0,0,0,0,12,30
568744,Edmonton,Alberta,Westmount,53.548451,-113.5354427,townhouse,1275.0,1.0,1.5,550.0,0,0,1,1,12,30
571329,Edmonton,Alberta,109 Callingwood Two,53.5107345,-113.6285032,apartment,1700.0,3.0,1.5,895.0,0,2,0,0,12,30
570498,Edmonton,Alberta,6855 171 Avenue Northwest,53.6326526,-113.450997,townhouse,3495.0,4.0,4.0,2700.0,0,0,1,1,12,30
571403,Edmonton,Alberta,13816 138A Street Northwest,53.6016707,-113.5592101,duplex,2100.0,3.0,3.0,1650.0,0,0,1,1,12,30
424185,Edmonton,Alberta,10179 105 St NW,53.5427494,-113.5005974,apartment,2100.0,2.0,2.0,1370.0,1,0,0,0,12,30
539759,Edmonton,Alberta,Westmount,53.55037,-113.5407524,basement,1300.0,1.0,1.0,600.0,1,0,0,0,12,30
517432,Edmonton,Alberta,12024 95 Street,53.5739265,-113.4877226,duplex,2250.0,2.0,2.5,1250.0,0,0,1,1,12,30
567908,Edmonton,Alberta,9847 79 Street Northwest,53.5392576,-113.4489434,basement,1600.0,2.0,1.0,1000.0,0,0,0,0,12,30
444368,Edmonton,Alberta,10136 104 Street Northwest,53.5418331,-113.4995046,apartment,1800.0,2.0,2.0,928.0,0,0,1,1,12,30
272887,Edmonton,Alberta,10705-84 Avenue,53.5198274,-113.5067293,house,1875.0,2.0,1.0,820.0,0,0,0,0,12,30
544580,Edmonton,Alberta,Cumberland Rd NW,53.6076041,-113.5501567,house,2200.0,3.0,2.0,1600.0,1,0,0,0,3,30
451293,Edmonton,Alberta,6512 91 Street,53.5023062,-113.4682001,house,1850.0,3.0,1.0,1000.0,0,0,1,1,12,30
359011,Edmonton,Alberta,2584 Anderson Way SW,53.4288526,-113.6128692,apartment,1425.0,1.0,1.0,625.0,0,0,1,1,12,30
491517,Edmonton,Alberta,9212 92 Street Northwest,53.5274553,-113.4687493,house,2300.0,3.0,2.5,1721.0,0,0,1,1,12,30
546455,Edmonton,Alberta,9120 156 Street Northwest,53.5262826,-113.5910333,apartment,1400.0,1.0,1.0,850.0,0,0,0,0,12,30
349536,Edmonton,Alberta,14210 104 Avenue NW,53.5464876,-113.5668383,townhouse,2595.0,3.0,2.0,1620.0,0,0,0,0,12,30
386382,Edmonton,Alberta,10121 80 Avenue NW,53.5158124,-113.4917512,apartment,2100.0,2.0,2.0,934.0,0,0,1,1,12,30
569355,Edmonton,Alberta,13910 Stony Plain Road,53.5438269,-113.562348,apartment,1800.0,2.0,1.0,950.0,0,0,0,0,12,30
571085,Edmonton,Alberta,Hamptons,53.4806096,-113.66879,house,2500.0,3.0,2.5,2200.0,0,0,0,0,12,30
496522,Edmonton,Alberta,King Edward Park,53.5155191,-113.4474308,basement,1050.0,1.0,1.0,550.0,0,0,0,0,12,30
570055,Edmonton,Alberta,The Uplands,53.4603914,-113.6680087,house,3500.0,4.0,3.0,3000.0,1,0,0,1,6,30
446319,Edmonton,Alberta,10050 83 Avenue Northwest,53.5193126,-113.4908544,apartment,775.0,6.0,2.0,1300.0,1,0,0,0,3,30
420220,Edmonton,Alberta,1517 Graydon Hill Point Southwest,53.4232513,-113.554987,duplex,2495.0,3.0,2.5,1470.0,0,0,1,1,12,30
511644,Edmonton,Alberta,Windermere,53.4366502,-113.6185493,townhouse,1900.0,3.0,2.5,1200.0,0,0,0,0,12,30
571073,Edmonton,Alberta,7174 177A avenue,53.6392801,-113.4404104,house,2200.0,3.0,2.5,1707.0,0,0,0,0,12,30
526361,Edmonton,Alberta,18018 70A Street NW,53.6441229,-113.4477148,basement,1000.0,1.0,1.0,750.0,0,0,0,0,12,30
253111,Edmonton,Alberta,11020 19ave NW,53.449189,-113.5139046,apartment,2200.0,2.0,2.0,1315.0,0,0,1,1,12,30
571046,Edmonton,Alberta,10729 155 Street Northwest,53.551932,-113.5881544,house,2150.0,3.0,2.5,1870.0,0,0,1,1,12,30
566785,Edmonton,Alberta,2803 14 Avenue Northwest,53.4397486,-113.3831259,townhouse,2000.0,3.0,2.5,1532.0,0,0,1,1,6,30
570920,Edmonton,Alberta,319 33 Avenue Northwest,53.4689854,-113.3472337,house,2245.0,4.0,3.0,2055.0,0,0,0,0,12,30
570900,Edmonton,Alberta,10331 159 Street Northwest,53.5458351,-113.5953495,house,2000.0,4.0,1.5,1359.0,0,0,1,1,12,30
534083,Edmonton,Alberta,12111 51 Ave NW,53.4878966,-113.5401491,apartment,1890.0,2.0,2.0,1050.0,0,0,0,0,12,30
343768,Edmonton,Alberta,12420 82 Street NW,53.5805998,-113.4677484,apartment,1250.0,2.0,1.0,708.0,0,0,0,0,12,30
570942,Edmonton,Alberta,13005 140 Ave NW,53.6010919,-113.5457749,apartment,825.0,2.0,2.0,850.0,0,0,0,0,12,30
425838,Edmonton,Alberta,Bonnie Doon,53.520366,-113.463845,basement,1450.0,1.0,1.0,800.0,0,0,0,0,12,30
257527,Edmonton,Alberta,253 Bulyea Road NW,53.47046,-113.5713326,house,3600.0,4.0,3.5,1960.0,0,0,1,1,12,30
442427,Edmonton,Alberta,10625 112 Street,53.5504135,-113.5135294,apartment,850.0,1.0,1.0,750.0,0,0,0,0,12,30
569680,Edmonton,Alberta,3534 46 Street Northwest,53.4661068,-113.4118706,house,2400.0,3.0,2.5,1395.0,0,0,1,1,6,30
292443,Edmonton,Alberta,18122 77 St NW,53.6259118,-113.4611698,apartment,1675.0,2.0,2.0,812.0,0,0,0,0,12,30
566916,Edmonton,Alberta,1227 Plum Bend SW,53.40524,-113.4470483,house,1975.0,3.0,2.5,1728.0,0,0,0,0,12,30
569798,Edmonton,Alberta,9410 177 Avenue Northwest,53.6395085,-113.4866615,house,1927.0,4.0,2.0,947.0,0,0,1,1,12,30
569091,Edmonton,Alberta,12620 108 Avenue Northwest,53.5527105,-113.5408285,house,3600.0,3.0,2.5,1680.0,0,0,1,1,12,30
449212,Edmonton,Alberta,10605 80 Avenue Northwest,53.5159097,-113.5041893,townhouse,2100.0,2.0,2.5,1262.0,0,0,1,1,12,30
570803,Edmonton,Alberta,15803 104 Avenue Northwest,53.5462249,-113.5944411,house,1850.0,3.0,2.0,1200.0,0,0,0,0,12,30
498937,Edmonton,Alberta,10545 Saskatchewan Dr NW,53.5228118,-113.5030575,apartment,1850.0,2.0,2.0,950.0,0,0,0,0,12,30
399829,Edmonton,Alberta,11217 103 Avenue Northwest,53.5443184,-113.5153993,apartment,1750.0,2.0,1.5,892.0,0,0,1,0,12,30
271247,Edmonton,Alberta,7603 Schmid Crescent,53.441663,-113.5860766,house,3000.0,3.0,2.5,1800.0,0,0,1,1,12,30
282123,Edmonton,Alberta,Westmount,53.55509,-113.54211,house,3650.0,3.0,2.5,1300.0,1,0,1,1,6,30
516330,Edmonton,Alberta,2704-2766 Chokecherry Place SW,53.4100214,-113.4552848,duplex,2595.0,3.0,2.5,1420.0,0,0,0,1,12,30
570547,Edmonton,Alberta,3040 Spence Wynd Southwest,53.4198625,-113.460431,townhouse,1700.0,2.0,2.0,1100.0,0,0,0,0,12,30
256268,Edmonton,Alberta,10345 123 St NW,53.5459152,-113.5339752,apartment,1150.0,1.0,1.0,670.0,0,0,1,0,12,30
507591,Edmonton,Alberta,10145 109 St NW,53.5422462,-113.5078524,apartment,1600.0,2.0,1.5,950.0,0,0,0,0,6,30
489496,Edmonton,Alberta,7711 71 Street Northwest,53.51388,-113.43604,apartment,1750.0,2.0,2.0,970.0,0,0,1,1,12,30
494238,Edmonton,Alberta,2479 Kelly Circle Southwest,53.4199882,-113.6241929,house,2250.0,4.0,3.0,1800.0,2,0,1,0,12,30
570333,Edmonton,Alberta,11969 Jasper Ave,53.5407736,-113.5289202,apartment,3500.0,2.0,2.0,1255.0,0,0,1,1,12,30
570323,Edmonton,Alberta,20608 22 Avenue Northwest,53.4538769,-113.6732616,house,2700.0,3.0,2.5,2100.0,0,0,0,0,12,30
293556,Edmonton,Alberta,10758-76 Avenue,53.5124449,-113.5082842,townhouse,2590.0,3.0,4.0,1750.0,0,0,0,0,12,30
570199,Edmonton,Alberta,West Block Dr NW,53.5441606,-113.5649043,apartment,6250.0,3.0,2.5,1900.0,0,0,0,0,12,30
505716,Edmonton,Alberta,10819 69 AVE NW,53.5054344,-113.5103661,apartment,695.0,2.0,1.0,1000.0,1,0,0,0,12,30
567540,Edmonton,Alberta,9321 Connors Road Northwest,53.5308729,-113.4704899,basement,1800.0,2.0,1.0,700.0,1,0,1,1,6,30
375632,Edmonton,Alberta,Belvedere,53.594863866228,-113.440757968262,basement,1350.0,2.0,1.0,1000.0,0,0,0,0,12,30
316055,Edmonton,Alberta,10811 72 Avenue Northwest,53.5082005,-113.5103847,apartment,2500.0,2.0,2.0,1008.0,1,0,0,0,12,30
570093,Edmonton,Alberta,"10921 (Bsmt) 159 Street Northwest - Bsmt, Edmonton, AB T5P 3B9",53.5543036,-113.5940806,basement,1100.0,1.0,1.0,635.0,0,0,0,0,12,30
466543,Edmonton,Alberta,11449 Ellerslie Road SW,53.4240928,-113.521328,apartment,1399.0,1.0,1.0,700.0,0,0,0,1,12,30
570090,Edmonton,Alberta,"10921 (Main) 159 Street Northwest - Main, Edmonton, AB T5P 3B9",53.5543036,-113.5940806,house,2199.0,3.0,2.5,1619.0,0,0,0,0,12,30
569178,Edmonton,Alberta,497 Desrochers Boulevard Southwest,53.3983823,-113.5582466,townhouse,1850.0,2.0,2.5,1098.0,0,0,0,0,12,30
569756,Edmonton,Alberta,10238 103 St NW,53.5440266,-113.4976216,apartment,2575.0,2.0,2.0,1020.0,0,0,1,1,12,30
549411,Edmonton,Alberta,Heritage Valley,53.3984767,-113.5208946,townhouse,1250.0,1.0,1.0,600.0,2,0,1,1,12,30
568377,Edmonton,Alberta,10904 102 Avenue Northwest,53.5430363,-113.5089606,apartment,1650.0,1.0,1.0,985.0,0,0,0,0,6,30
320098,Edmonton,Alberta,10011 123 St NW,53.540789176178,-113.534622160327,apartment,2085.0,1.0,1.0,1050.0,1,0,0,0,6,30
562152,Edmonton,Alberta,8712 142 Street Northwest,53.5201063,-113.5662317,house,5500.0,4.0,3.5,2100.0,1,0,0,0,12,30
483330,Edmonton,Alberta,1274 McConachie Boulevard Northwest,53.6399968,-113.4322315,duplex,2150.0,3.0,2.5,1506.0,0,0,0,0,12,30
278751,Edmonton,Alberta,Miller,53.61185,-113.41199,duplex,1800.0,3.0,2.5,1367.0,0,0,0,0,12,30
323356,Edmonton,Alberta,451 Hyndman Crescent NW,53.5777793,-113.3761782,townhouse,1850.0,2.0,2.5,1200.0,0,0,0,0,12,30
522090,Edmonton,Alberta,10226 104 St NW,53.5436885,-113.499694,apartment,1900.0,2.0,2.0,860.0,0,0,0,0,12,30
497076,Edmonton,Alberta,9623 99A Street Northwest,53.5350843,-113.485065,house,4500.0,3.0,5.0,2500.0,0,0,0,0,12,30
525379,Edmonton,Alberta,Orchards,53.4065242,-113.4662561,townhouse,1750.0,2.0,1.0,900.0,0,0,1,1,12,30
569414,Edmonton,Alberta,6065 Naden Landing NW,53.6026875,-113.5095822,basement,1100.0,1.0,1.0,750.0,1,0,0,0,6,30
447740,Edmonton,Alberta,10909 106 St NW,53.5546163,-113.5018149,townhouse,1900.0,3.0,4.0,2000.0,0,0,1,0,12,30
548023,Edmonton,Alberta,11555 136 Street Northwest,53.5671036,-113.5563693,basement,1025.0,1.0,1.0,800.0,0,0,0,0,12,30
458305,Edmonton,Alberta,11007 37 Avenue Northwest,53.471897,-113.5153026,house,1700.0,3.0,1.5,1200.0,0,0,1,1,12,30
545721,Edmonton,Alberta,19293 22A Avenue Northwest,53.457075,-113.6508555,house,2300.0,3.0,2.5,1600.0,0,0,1,1,6,30
340625,Edmonton,Alberta,10024 Jasper Ave,53.5413493,-113.4914845,apartment,999.0,1.0,1.0,590.0,0,0,1,0,12,30
276802,Edmonton,Alberta,10180 104 Street NW,53.5425745,-113.4994229,apartment,2300.0,2.0,1.0,880.0,1,0,0,0,12,30
527640,Edmonton,Alberta,10238 103 Street Northwest,53.5440505,-113.4979589,apartment,2000.0,2.0,2.0,1065.0,0,0,1,1,12,30
304786,Edmonton,Alberta,9925 83 Ave NW,53.518868,-113.487114,apartment,1650.0,2.0,1.0,970.0,0,0,1,1,12,30
518184,Edmonton,Alberta,10934(bsmt) 72 Avenue Northwest,53.508590387531,-113.514979869061,basement,1150.0,1.0,1.0,600.0,0,0,0,0,12,30
447098,Edmonton,Alberta,10217 149 Street Northwest,53.542625282867,-113.577424970569,townhouse,2200.0,3.0,2.0,1200.0,1,0,1,0,12,30
545924,Edmonton,Alberta,9335 (Bsmt) 149 Street - Bsmt,53.5296476,-113.5774448,basement,1150.0,1.0,1.0,586.6,0,0,0,0,12,30
346989,Edmonton,Alberta,20124 46 Avenue Northwest,53.4838399,-113.6697029,house,2400.0,5.0,2.0,1950.0,0,0,0,0,12,30
569010,Edmonton,Alberta,Pleasantview,53.4967995,-113.5123147,house,3100.0,5.0,2.0,1300.0,0,0,1,1,12,30
473602,Edmonton,Alberta,11109 84 Avenue Northwest,53.5198128,-113.518769,apartment,2000.0,2.0,2.0,947.0,1,0,0,0,3,30
284213,Edmonton,Alberta,11027 87 Ave NW,53.522834567646,-113.516315105896,apartment,1975.0,1.0,1.0,975.0,1,0,0,0,12,30
522388,Edmonton,Alberta,14930 92 Avenue Northwest,53.5268365,-113.579188,house,1845.0,3.0,2.5,1366.0,0,0,1,0,12,30
567944,Edmonton,Alberta,17404 64 Avenue Northwest,53.5007493,-113.623455,apartment,1150.0,1.0,1.0,615.0,0,0,0,0,12,30
328832,Edmonton,Alberta,10407 122 St NW,53.5471328,-113.5318792,apartment,1350.0,2.0,1.0,861.0,0,0,0,0,12,30
441863,Edmonton,Alberta,Orchards,53.4017249,-113.4700701,basement,1400.0,2.0,1.0,723.0,0,0,0,0,12,30
285760,Edmonton,Alberta,Aspen Gardens,53.4778837,-113.5455341,house,2500.0,4.0,2.5,1120.0,0,0,0,0,12,30
478820,Edmonton,Alberta,10333 112 Street NW,53.5451594,-113.5135075,apartment,1850.0,2.0,2.0,900.0,0,0,1,1,12,30
487296,Edmonton,Alberta,320 Clareview Station Drive NW,53.6034099,-113.41284,apartment,1400.0,1.0,1.0,800.0,0,0,0,0,12,30
486217,Edmonton,Alberta,2024 206 Street Northwest,53.452484403424,-113.673591511887,house,2900.0,4.0,3.0,2429.0,0,0,0,0,12,30
253636,Edmonton,Alberta,12107B 89 St.,53.5754079,-113.477699,basement,1395.0,2.0,1.0,1100.0,0,0,1,0,12,30
566888,Edmonton,Alberta,206 Wolf Willow Crescent,53.5032922,-113.59577,house,3800.0,4.0,3.5,2500.0,1,0,0,0,6,30
567103,Edmonton,Alberta,11803 76 Avenue Northwest,53.512253,-113.5354164,apartment,2600.0,2.0,2.0,960.0,1,0,0,1,12,30
516280,Edmonton,Alberta,10905 94 Street Northwest,53.55709,-113.48304,townhouse,2295.0,2.0,2.5,2200.0,0,0,1,1,12,30
566851,Edmonton,Alberta,Windermere,53.4272737,-113.6283687,house,4100.0,5.0,3.5,2670.0,1,0,0,0,6,30
499212,Edmonton,Alberta,10303 105 St NW,53.5452971,-113.5005671,apartment,1550.0,1.0,1.0,650.0,1,0,0,0,6,30
493893,Edmonton,Alberta,Cameron Heights,53.4740812,-113.6328298,duplex,2500.0,3.0,2.5,1485.0,0,0,0,0,12,30
565613,Edmonton,Alberta,10130 114 Street Northwest,53.5417593,-113.5182362,apartment,4400.0,2.0,3.0,2240.0,0,0,1,1,12,30
525950,Edmonton,Alberta,3864 Chrustawka Place Southwest,53.4066856,-113.5859712,basement,1175.0,1.0,1.0,700.0,0,0,1,1,6,30
432425,Edmonton,Alberta,10738-76 Avenue,53.5128306,-113.5082437,townhouse,2590.0,2.0,4.0,1700.0,0,0,0,0,12,30
524943,Edmonton,Alberta,3139 74 Street Northwest,53.4632591,-113.4464941,basement,1400.0,2.0,1.0,1350.0,0,0,1,1,12,31
567370,Edmonton,Alberta,Killarney,53.5878909,-113.4713432,basement,1550.0,2.0,1.0,965.0,0,0,0,0,6,31
453734,Edmonton,Alberta,9707 106 St NW,53.5343029,-113.5024464,apartment,1795.0,2.0,1.5,933.0,0,0,1,0,12,31
282344,Edmonton,Alberta,10636 120 St NW,53.5495639,-113.5302258,apartment,1375.0,1.0,1.0,650.0,0,0,0,0,12,31
568034,Edmonton,Alberta,9004 129B Avenue Northwest,53.5884605,-113.4801373,house,1825.0,3.0,1.0,1050.0,0,0,1,1,12,32
288638,Edmonton,Alberta,5020 Riverbend Rd. NW,53.4879815,-113.5784436,apartment,1939.0,3.0,1.5,1250.0,0,0,1,1,12,33
445460,Edmonton,Alberta,10728 82 Ave NW,53.518338,-113.5072172,apartment,2200.0,2.0,2.0,1300.0,0,0,1,1,12,34
570845,Edmonton,Alberta,711 173 Street Southwest,53.4283176,-113.6182309,house,2700.0,3.0,2.5,1885.0,0,0,1,1,12,34
493066,Edmonton,Alberta,Terwillegar,53.444245831514,-113.5748604,house,2200.0,3.0,2.5,2500.0,0,0,1,1,12,36
467640,Edmonton,Alberta,2796 Maple Way NW,53.4792712,-113.354257,apartment,1899.0,3.0,2.5,1404.0,0,0,1,1,12,37
288627,Edmonton,Alberta,281 Brookside Terr.,53.4934575,-113.5666591,apartment,1914.0,3.0,1.5,1812.0,0,0,1,1,12,43
540295,Edmonton,Alberta,10360 102 St NW,53.5458997,-113.4960541,apartment,3900.0,2.0,2.0,912.0,1,0,0,0,12,39
527554,Edmonton,Alberta,10024 Jasper Ave,53.540884914154,-113.491331081515,apartment,1450.0,1.0,1.0,574.0,1,0,1,0,12,39
317270,Edmonton,Alberta,468 Hemingway Road Northwest,53.496803,-113.6831275,townhouse,1949.0,3.0,2.5,1240.0,0,0,0,0,12,40
294266,Edmonton,Alberta,8540 182 St. NW,53.5194328,-113.6371235,apartment,1569.0,2.0,1.5,1000.0,0,0,1,1,12,43
288648,Edmonton,Alberta,10185 115 St. NW,53.5425912,-113.5192134,apartment,1389.0,1.0,1.0,502.0,0,0,1,0,12,43
288639,Edmonton,Alberta,5210 122 St. NW,53.4900398,-113.5417833,apartment,1489.0,2.0,1.0,842.0,0,0,1,1,12,43
288664,Edmonton,Alberta,18124 78 Street,53.6428512,-113.4651071,apartment,1439.0,1.0,1.0,615.0,0,0,1,1,12,43
288680,Edmonton,Alberta,11915 34 St. NW,53.5727707,-113.3936759,apartment,1249.0,1.0,1.0,604.0,0,0,1,1,12,43
288665,Edmonton,Alberta,930 156 Street,53.4404309,-113.5901138,apartment,1789.0,2.0,2.0,972.0,0,0,1,1,12,43
288624,Edmonton,Alberta,11020 53 Ave. NW,53.4907995,-113.5153067,apartment,1429.0,1.0,1.0,640.0,0,0,1,0,12,43
288667,Edmonton,Alberta,2378 Millbourne Rd. W,53.4750678,-113.4583593,townhouse,1599.0,2.0,1.5,1075.0,0,0,1,1,12,43
462633,Edmonton,Alberta,11025 82 Ave. NW,53.5178581,-113.5163167,apartment,1368.0,1.0,1.0,600.0,0,0,1,1,12,43
288678,Edmonton,Alberta,12004 162 Ave. NW,53.623465,-113.530738,apartment,1309.0,2.0,1.0,829.0,0,0,1,1,12,43
367183,Edmonton,Alberta,5145 Windermere Blvd SW,53.4343698,-113.6008567,apartment,1729.0,2.0,2.0,823.0,0,0,1,0,12,30
460676,Edmonton,Alberta,17738 81 Ave,53.5141653,-113.6241971,townhouse,1599.0,2.0,1.5,1000.0,0,0,1,1,12,43
288682,Edmonton,Alberta,2803 79 St. NW,53.459809816542,-113.45247487036,townhouse,1589.0,2.0,1.0,1175.0,0,0,1,1,12,43
288684,Edmonton,Alberta,12020 49 Ave. NW,53.4870361,-113.5404483,apartment,1359.0,2.0,1.0,690.0,0,0,1,1,12,43
288666,Edmonton,Alberta,3011 James Mowatt Trail Southwest,53.4011818,-113.5408166,apartment,1339.0,1.0,1.0,615.0,0,0,1,1,12,43
294272,Edmonton,Alberta,81 Ave. & 175 St.,53.5141653,-113.6241971,apartment,1399.0,2.0,1.0,800.0,0,0,1,1,12,43
294283,Edmonton,Alberta,17735 64 Ave NW,53.499097,-113.629238,apartment,1429.0,2.0,1.0,914.0,0,0,1,1,12,43
288685,Edmonton,Alberta,6425 101 Ave. NW,53.5408179,-113.4308693,apartment,1539.0,2.0,1.5,960.0,0,0,1,0,12,44
311944,Edmonton,Alberta,10514 92 St NW,53.5508352,-113.4771036,apartment,1200.0,1.0,1.0,495.0,0,0,0,0,6,44
505967,Edmonton,Alberta,Inglewood,53.5683868,-113.5321107,duplex,2500.0,3.0,2.5,1880.0,0,0,0,0,12,44
528640,Edmonton,Alberta,2412 80 Street Northwest,53.4538063,-113.4535268,basement,1200.0,2.0,1.0,950.0,0,0,0,1,12,44
554563,Edmonton,Alberta,1530 Tamarack Blvd,53.4564443,-113.3649793,townhouse,2299.0,3.0,2.5,1256.0,0,0,0,0,12,44
572330,Edmonton,Alberta,980 Stillwater Boulevard Northwest,53.4527835,-113.671282,townhouse,1900.0,3.0,2.5,1500.0,0,0,1,0,12,44
556307,Edmonton,Alberta,11420 34 Street Northwest,53.5674798,-113.3942101,apartment,1195.0,1.0,1.0,789.0,0,0,1,1,12,44
279946,Edmonton,Alberta,10511 19 Ave NW,53.447609,-113.502123,apartment,2100.0,2.0,1.0,915.0,1,0,1,0,6,44
570371,Edmonton,Alberta,655 Watt Boulevard Southwest,53.4231255,-113.4380424,townhouse,2000.0,3.0,2.5,1636.0,0,0,0,0,12,44
523596,Edmonton,Alberta,9508 83 Street Northwest,53.53206,-113.45608,apartment,1832.0,2.0,2.0,1030.0,0,0,1,1,12,44
562653,Edmonton,Alberta,Glengarry,53.5968303,-113.4805833,house,2300.0,4.0,3.0,2000.0,0,0,0,0,12,44
571707,Edmonton,Alberta,13907 88 Street Northwest,53.6020931,-113.4754503,basement,1300.0,2.0,1.0,900.0,0,0,1,1,12,44
282116,Edmonton,Alberta,Gold Bar,53.54744,-113.41208,basement,1400.0,2.0,1.0,950.0,0,0,1,1,12,44
571048,Edmonton,Alberta,Edgemont,53.4708757,-113.670802,duplex,2300.0,3.0,2.5,1500.0,0,0,0,1,12,44
527020,Edmonton,Alberta,10720 78 Avenue Northwest,53.5144786,-113.5073132,apartment,1395.0,0.0,1.0,525.0,0,0,1,1,12,44
372621,Edmonton,Alberta,7237 Morgan Road Northwest,53.608275054322,-113.514701433729,apartment,1350.0,1.0,1.0,450.0,0,0,0,0,12,44
525009,Edmonton,Alberta,14608 78 Avenue Northwest,53.5132757,-113.5736502,house,2400.0,4.0,2.0,1150.0,0,0,1,1,12,44
506673,Edmonton,Alberta,2515 193St Edmonton NW,53.453383627053,-113.660581458398,basement,1120.0,1.0,1.0,640.0,0,0,1,1,12,44
512539,Edmonton,Alberta,10535 78 Avenue Northwest,53.5140572,-113.5021831,apartment,1650.0,2.0,1.0,850.0,1,0,0,0,6,44
275106,Edmonton,Alberta,2824 22nd Ave NW,53.4531029,-113.3853092,apartment,1758.0,2.0,1.0,852.0,0,0,1,1,12,45
571562,Edmonton,Alberta,2560 Pegasus Boulevard Northwest,53.603517809972,-113.505510576196,townhouse,1690.0,2.0,1.0,1048.0,0,0,0,0,12,45
572363,Edmonton,Alberta,9750 71 Avenue Northwest,53.5078217,-113.4822585,house,2275.0,3.0,2.0,1200.0,0,0,1,1,6,46
288654,Edmonton,Alberta,14707 77 St. NW,53.609017,-113.458672,apartment,1239.0,1.0,1.0,694.0,0,0,1,1,12,51
289577,Edmonton,Alberta,122 St. & Whitemud Fwy.,53.48147133158,-113.54006476915,townhouse,1839.0,3.0,1.5,1400.0,0,0,1,1,12,51
288634,Edmonton,Alberta,216 Crown Rd.,53.4814011,-113.5410036,apartment,1389.0,1.0,1.0,900.0,0,0,1,1,12,57
530864,Edmonton,Alberta,5911 152A Avenue NW,53.6135363,-113.4328267,apartment,1250.0,2.0,1.0,800.0,0,0,1,1,12,60
524323,Edmonton,Alberta,10008 86 Ave.,53.521777,-113.488807,apartment,1675.0,2.0,1.0,855.0,0,0,1,1,12,60
541796,Edmonton,Alberta,11720 103 Avenue,53.544859,-113.524714,apartment,1575.0,1.0,1.0,585.0,0,0,1,1,12,60
365856,Edmonton,Alberta,9929 113 Street,53.538072,-113.5153171,apartment,1650.0,2.0,2.0,1200.0,0,0,1,0,12,61
524964,Edmonton,Alberta,17631 7A Avenue Southwest,53.4272618,-113.6243988,duplex,2100.0,3.0,2.5,1450.0,0,0,1,1,12,61
282911,Edmonton,Alberta,2950 141 St SW,53.407489,-113.566269,apartment,1678.0,2.0,2.0,948.0,0,0,1,1,12,61
570409,Edmonton,Alberta,10169 104 Street Northwest,53.54239,-113.4989153,apartment,2200.0,1.0,1.0,1050.0,0,0,1,1,12,61
437272,Edmonton,Alberta,Bonnie Doon,53.530639,-113.474469,basement,1300.0,1.0,1.0,500.0,1,0,0,0,6,61
325963,Edmonton,Alberta,14825 51 Avenue NW,53.488345,-113.577028,apartment,1500.0,2.0,1.5,1200.0,0,0,1,0,12,61
572419,Edmonton,Alberta,15728 19 Avenue Southwest,53.4163464,-113.5953894,house,2000.0,3.0,2.5,1470.0,0,0,0,0,12,61
398144,Edmonton,Alberta,8719 149 Street Northwest,53.520195844659,-113.5775643705,basement,1200.0,1.0,1.0,700.0,0,0,1,0,6,61
572408,Edmonton,Alberta,Walker,53.4174176,-113.4232216,duplex,2300.0,3.0,3.5,1475.0,0,0,0,0,12,61
285045,Edmonton,Alberta,9910 111 St NW,53.53762442201,-113.512029470825,apartment,1800.0,1.0,1.0,700.0,2,0,0,0,12,61
305850,Edmonton,Alberta,11828 52 Street Northwest,53.5713778,-113.421866,basement,1500.0,2.0,1.0,800.0,0,0,0,0,12,61
417771,Edmonton,Alberta,9721 93 Street Northwest,53.536835,-113.469459,house,2600.0,4.0,3.0,1750.0,0,0,1,1,12,61
572376,Edmonton,Alberta,15421 76 Avenue Northwest,53.507643,-113.5885217,house,2500.0,3.0,3.0,1200.0,0,0,1,1,12,61
276139,Edmonton,Alberta,"16823 84 Street Northwest, Edmonton, AB",53.6301277,-113.4705097,townhouse,1597.0,3.0,1.5,1100.0,0,0,1,1,12,61
572188,Edmonton,Alberta,3520 49 Street Northwest,53.4667874,-113.4165125,house,2200.0,3.0,1.5,1150.0,0,0,1,1,12,61
390057,Edmonton,Alberta,10160 115 Street Northwest,53.542372,-113.5197209,apartment,2200.0,3.0,2.0,1350.0,0,0,0,0,12,61
486263,Edmonton,Alberta,10503 98 Ave NW,53.5353155,-113.5014494,apartment,1750.0,2.0,2.0,945.0,0,0,0,0,12,61
525888,Edmonton,Alberta,9743 66 Avenue NW,53.502651009123,-113.48422199046,house,1900.0,3.0,1.0,1000.0,0,0,0,0,12,61
484078,Edmonton,Alberta,10221 111 St,53.543771,-113.5118649,apartment,1850.0,2.0,1.0,985.0,0,0,0,0,12,61
529671,Edmonton,Alberta,12725 117 Street Northwest,53.5856271,-113.5227574,house,1400.0,3.0,1.0,1200.0,0,0,1,1,12,61
461314,Edmonton,Alberta,2059 Desrochers Dr SW,53.3987198,-113.553001,house,2100.0,3.0,2.5,1350.0,0,0,0,0,12,61
491207,Edmonton,Alberta,8028 101 Street Northwest,53.5168092,-113.4915111,apartment,1750.0,2.0,2.0,910.0,0,0,0,0,12,61
492707,Edmonton,Alberta,5060 Chappelle Road Southwest,53.3999999,-113.566909,basement,1400.0,1.0,1.0,676.0,0,0,0,1,12,61
410759,Edmonton,Alberta,8320 117 Street Northwest,53.5194339,-113.532794,apartment,875.0,6.0,3.0,1628.0,0,0,0,0,6,61
305772,Edmonton,Alberta,9130 116 Street Northwest,53.527471,-113.531424,apartment,850.0,6.0,2.0,1300.0,1,0,0,0,6,61
377120,Edmonton,Alberta,1800 Rutherford Road SW,53.4156797,-113.5242782,duplex,2150.0,3.0,2.5,1450.0,0,2,1,1,6,61
425784,Edmonton,Alberta,"1262, Cunningham Dr SW",53.4045636,-113.5245357,house,2250.0,3.0,2.5,1800.0,0,0,1,1,12,61
461178,Edmonton,Alberta,9735 66 Ave NW,53.502663,-113.4813112,basement,1050.0,1.0,1.0,758.0,0,0,1,1,12,61
498979,Edmonton,Alberta,10902 57 Avenue Northwest,53.4943445,-113.5122923,house,2975.0,4.0,2.5,2640.0,0,0,0,1,12,61
525140,Edmonton,Alberta,Kulay Way Southwest,53.419273,-113.6319231,house,2450.0,3.0,2.5,1370.0,1,0,1,1,12,61
408620,Edmonton,Alberta,12009 85 Street Northwest,53.5738591,-113.4705621,house,1555.0,3.0,1.0,1040.0,0,0,0,1,12,61
568009,Edmonton,Alberta,9325 157 Street Northwest,53.5303062,-113.5914052,house,1550.0,3.0,1.0,1000.0,0,0,1,0,12,61
539238,Edmonton,Alberta,9408 Colak Lane Southwest,53.3986571,-113.5865776,house,2595.0,3.0,2.5,1753.0,0,0,0,0,12,61
527669,Edmonton,Alberta,18022 70A Street Northwest,53.643906388977,-113.447829166657,basement,1000.0,1.0,1.0,750.0,0,0,0,0,12,61
515204,Edmonton,Alberta,10388 105 St NW,53.545985,-113.5014738,apartment,3500.0,2.0,2.0,1250.0,1,0,1,1,12,61
521427,Edmonton,Alberta,McConachie,53.637363573665,-113.440597403833,basement,1000.0,1.0,1.0,700.0,0,0,0,0,12,61
402189,Edmonton,Alberta,14935 137 Street Northwest,53.6114301,-113.5563873,house,2600.0,3.0,2.5,2000.0,0,0,1,1,12,61
482135,Edmonton,Alberta,2113 (bsmt) Auxier Court Southwest,53.397199833554,-113.521165245508,basement,1000.0,1.0,1.0,600.0,0,0,0,0,6,61
545816,Edmonton,Alberta,9212 146A Street Northwest,53.5272813,-113.5740964,house,2500.0,3.0,2.0,2400.0,0,0,1,1,12,61
557319,Edmonton,Alberta,19615 28 Ave,53.459934,-113.6604785,townhouse,2399.0,1.0,1.0,1058.0,0,0,1,1,12,61
571755,Edmonton,Alberta,10028 119 Street Northwest,53.5406019,-113.5272258,apartment,1700.0,1.0,1.0,750.0,1,0,1,1,3,61
567758,Edmonton,Alberta,Knottwood Rd W Northwest,53.445924,-113.461545,basement,1800.0,3.0,1.0,1100.0,0,0,0,0,6,61
515428,Edmonton,Alberta,7752 77 Avenue,53.5136558,-113.4487608,apartment,1394.0,1.0,1.0,486.0,0,0,1,1,12,61
426980,Edmonton,Alberta,Ellerslie,53.4317221,-113.4587827,house,2100.0,4.0,3.5,1850.0,0,0,0,0,6,61
490654,Edmonton,Alberta,1180 Hyndman Road,53.5753661,-113.3756356,apartment,1750.0,2.0,2.0,870.0,0,2,1,0,12,61
252660,Edmonton,Alberta,Garneau,53.519186012361,-113.514813068848,apartment,1500.0,1.0,1.0,800.0,1,2,0,0,6,61
493606,Edmonton,Alberta,10006 83 Ave NW,53.5192089,-113.489085,apartment,2495.0,1.0,1.0,850.0,1,0,1,1,6,61
276707,Edmonton,Alberta,1103 McConachie Blvd,53.634451,-113.427071,apartment,1698.0,2.0,1.0,860.0,0,0,1,1,12,61
530327,Edmonton,Alberta,20507 99B Avenue Northwest,53.53883,-113.66978,house,2200.0,3.0,2.5,1650.0,0,0,0,0,12,61
570116,Edmonton,Alberta,10224 152 Street Northwest,53.5440181,-113.5837773,house,1500.0,2.0,2.0,1130.0,0,0,0,0,12,61
567386,Edmonton,Alberta,3063 Trelle Crescent Northwest,53.454687,-113.5879802,house,2300.0,3.0,2.5,1310.0,0,0,1,1,12,61
571263,Edmonton,Alberta,2013 33B Street Northwest,53.4506125,-113.3924492,house,2700.0,5.0,3.0,2100.0,0,0,1,1,12,61
371116,Edmonton,Alberta,7315 152A Avenue Northwest,53.6136719,-113.4543924,house,1550.0,3.0,1.5,1248.0,0,0,1,1,12,61
437097,Edmonton,Alberta,18415 75 Ave,53.5080988,-113.643375,townhouse,1675.0,3.0,1.5,1200.0,0,0,1,1,12,61
278220,Edmonton,Alberta,2650 Pegasus Boulavard,53.6022246,-113.5042359,townhouse,1950.0,2.0,2.5,1375.0,0,0,1,1,12,61
500201,Edmonton,Alberta,2933 Coughlan Green Southwest,53.4082816,-113.5816476,house,2400.0,4.0,3.5,2700.0,0,0,1,1,12,61
570904,Edmonton,Alberta,10807 73 Avenue Northwest,53.509202,-113.5098863,house,1500.0,3.0,1.0,1100.0,0,0,0,0,12,61
414954,Edmonton,Alberta,10936 - 71 Avenue,53.507703,-113.513789,basement,1900.0,2.0,1.0,1225.0,1,0,0,0,12,61
419071,Edmonton,Alberta,13315 70 St NW  Main Floor,53.5947108,-113.4472486,house,2250.0,3.0,1.0,1100.0,0,0,1,1,12,61
530231,Edmonton,Alberta,12042 86 Street Northwest,53.5748403,-113.4730714,house,2650.0,5.0,2.0,2000.0,0,0,1,1,12,61
449895,Edmonton,Alberta,10950 89 Avenue Northwest,53.5250243,-113.5145172,duplex,2600.0,4.0,2.5,1487.0,0,0,1,1,12,61
569086,Edmonton,Alberta,850 Secord Boulevard Northwest,53.5270685,-113.7068608,townhouse,1975.0,3.0,2.5,1300.0,0,0,1,1,12,61
481831,Edmonton,Alberta,10180 104 Street NW,53.5425745,-113.4994229,apartment,1650.0,2.0,1.0,950.0,0,0,0,0,12,61
486321,Edmonton,Alberta,9515 160 Avenue Northwest,53.6201326,-113.4884785,townhouse,2050.0,3.0,2.5,1317.0,0,0,0,0,12,61
525560,Edmonton,Alberta,13332 105 Street,53.5940887,-113.5011344,house,2150.0,3.0,2.0,1343.0,0,0,1,1,12,61
504385,Edmonton,Alberta,11831 67 Street Northwest,53.5713743,-113.4442394,house,1200.0,3.0,1.0,1200.0,0,0,0,0,12,61
569677,Edmonton,Alberta,473 Allard Boulevard Southwest,53.3984314,-113.52024,house,2400.0,3.0,2.5,1600.0,0,0,1,1,12,61
570327,Edmonton,Alberta,1128 156 Street Northwest,53.4413042,-113.5905627,duplex,2350.0,3.0,3.5,1600.0,0,2,1,0,12,61
516530,Edmonton,Alberta,Twin Brooks,53.4433524,-113.5216617,house,3000.0,6.0,3.5,26001200.0,0,0,1,1,12,61
509468,Edmonton,Alberta,9355 Pear Link SW,53.401433,-113.4697565,basement,1180.0,1.0,1.0,562.0,1,0,0,0,12,61
570540,Edmonton,Alberta,10649 Saskatchewan Drive NW,53.5229591,-113.5054222,apartment,2750.0,2.0,2.0,1137.0,0,0,1,1,12,61
326506,Edmonton,Alberta,81 ave & 109 street,53.517314143691,-113.513104675008,basement,1324.0,2.0,1.0,930.0,2,0,1,1,6,61
570449,Edmonton,Alberta,MacTaggart,53.4417541,-113.5599681,house,3950.0,4.0,3.5,2700.0,1,0,0,0,12,61
530467,Edmonton,Alberta,2420 108 Street Northwest,53.4553526,-113.5081327,apartment,820.0,2.0,2.0,950.0,1,0,0,0,12,61
495107,Edmonton,Alberta,12141 Jasper Ave,53.5407917,-113.5317322,apartment,1950.0,2.0,1.5,1050.0,0,0,0,0,12,61
287406,Edmonton,Alberta,10309 107 St NW,53.5453146,-113.5042643,apartment,2500.0,1.0,1.5,1600.0,0,0,1,0,6,61
416021,Edmonton,Alberta,10136 104 Street Northwest,53.5418331,-113.4995046,apartment,2000.0,2.0,2.0,1060.0,0,0,1,1,12,61
361344,Edmonton,Alberta,Royal Gardens,53.477147044668,-113.523587791541,apartment,780.0,3.0,2.5,2100.0,1,0,0,0,12,61
539082,Edmonton,Alberta,15004 89 Avenue Northwest,53.5214557,-113.5801644,basement,895.0,1.0,1.0,620.0,0,0,1,1,12,61
570002,Edmonton,Alberta,2051 Towne Centre Boulevard Northwest,53.4544895,-113.5825517,townhouse,1950.0,2.0,2.5,1204.0,0,0,0,0,12,61
359142,Edmonton,Alberta,20212 57 Avenue Northwest,53.4918077,-113.6692468,duplex,1850.0,3.0,2.5,1215.0,0,0,0,0,12,61
396046,Edmonton,Alberta,Belgravia,53.5077471,-113.5280903,apartment,899.0,6.0,5.5,2577.0,0,0,0,0,6,61
569603,Edmonton,Alberta,Keswick,53.4185429,-113.6318698,house,4100.0,4.0,4.0,2842.0,1,0,0,0,12,61
567586,Edmonton,Alberta,Heritage Valley,53.4127264,-113.5077939,apartment,750.0,3.0,2.5,1900.0,1,0,0,0,6,61
492937,Edmonton,Alberta,10410 102 Avenue,53.543285798121,-113.499499338623,apartment,2150.0,2.0,2.0,904.0,0,0,0,0,12,61
568956,Edmonton,Alberta,10033 116 St NW,53.5398042,-113.5207849,apartment,2195.0,2.0,2.0,908.48,0,0,0,0,12,61
566894,Edmonton,Alberta,11646 72 Avenue Northwest,53.5078212,-113.534147,house,4000.0,3.0,2.0,1300.0,1,0,1,1,6,61
526932,Edmonton,Alberta,Belgravia,53.5078341,-113.534085,house,7250.0,6.0,4.0,2600.0,1,0,1,1,6,61
452980,Edmonton,Alberta,11920 100 Ave NW,53.5402247,-113.5277639,apartment,2025.0,2.0,2.0,1206.0,0,0,0,0,6,61
427642,Edmonton,Alberta,10331 106 St NW,53.5453603,-113.5024217,apartment,1900.0,2.0,2.0,1000.0,0,0,1,0,12,61
567701,Edmonton,Alberta,1005 Graydon Hill Boulevard Southwest,53.424489,-113.5544763,townhouse,1900.0,2.0,2.5,1290.0,0,0,1,1,12,61
491837,Edmonton,Alberta,5913 109 Street Northwest,53.4968791,-113.5115025,house,2550.0,4.0,2.0,1200.0,0,0,1,1,12,61
475089,Edmonton,Alberta,16425 109 ST,53.6261246,-113.5074314,apartment,1225.0,1.0,1.0,700.0,0,0,1,1,12,65
480830,Edmonton,Alberta,14419 86 Street Northwest,53.6077016,-113.4719971,basement,1900.0,3.0,1.0,1000.0,1,0,1,1,6,66
572152,Edmonton,Alberta,22525 80 Avenue Northwest,53.5132355,-113.706357,house,2850.0,3.0,2.5,1700.0,0,0,1,1,12,75
571576,Edmonton,Alberta,Delton,53.574858465005,-113.479221848193,house,2100.0,5.0,2.0,1300.0,0,0,1,1,12,75
479455,Edmonton,Alberta,87 Stirling Road,53.620582,-113.505952,apartment,1155.0,1.0,1.0,670.0,0,0,1,1,12,81
469587,Edmonton,Alberta,9127 84 Ave NW,53.51983541654,-113.468912450926,house,1950.0,3.0,1.0,1180.0,0,0,1,1,12,91
572579,Edmonton,Alberta,2418 192 Street Northwest,53.4577062,-113.6552053,townhouse,2195.0,3.0,2.5,1510.0,0,0,1,1,12,92
511833,Edmonton,Alberta,High Park,53.5550404,-113.5820091,basement,1200.0,1.0,1.0,700.0,0,0,1,1,12,92
275037,Edmonton,Alberta,130 Albany Dr NW,53.6299626,-113.5483307,apartment,1758.0,2.0,1.0,876.0,0,0,1,1,12,28
301890,Edmonton,Alberta,9908 80 Avenue Northwest,53.516231,-113.486588,apartment,1900.0,2.0,2.0,1160.0,1,0,0,0,12,92
499517,Edmonton,Alberta,11710 100 Ave NW,53.539463,-113.5236431,apartment,2400.0,2.0,2.0,1415.0,0,0,0,0,6,92
572422,Edmonton,Alberta,10152 104 Street Northwest,53.5421904,-113.499459,apartment,3475.0,2.0,2.0,1285.0,1,0,0,0,3,92
261085,Edmonton,Alberta,McKernan,53.5129997,-113.5211968,basement,1525.0,2.0,1.0,850.0,0,0,0,0,12,92
435984,Edmonton,Alberta,Heritage Valley,53.4051507,-113.5280199,apartment,950.0,1.0,1.5,1600.0,1,0,0,0,12,92
422499,Edmonton,Alberta,11254 75 Ave NW,53.5115439,-113.5227111,duplex,3999.0,3.0,3.5,2000.0,1,0,1,1,12,92
457630,Edmonton,Alberta,13218 102 Avenue Northwest,53.543186668501,-113.550319763727,house,5500.0,4.0,3.5,3500.0,1,0,1,1,12,92
529883,Edmonton,Alberta,Jasper Park,53.5204431,-113.5879239,house,2495.0,4.0,2.0,1900.0,0,0,1,0,12,92
304226,Edmonton,Alberta,10238 103 St NW,53.5440266,-113.4976216,apartment,1100.0,1.0,1.0,800.0,1,0,0,0,12,92
441686,Edmonton,Alberta,8504 99 Street Northwest,53.521152,-113.4865042,apartment,1150.0,0.0,1.0,600.0,0,0,1,0,12,92
318026,Edmonton,Alberta,King Edward Park,53.51602,-113.45834,basement,1300.0,1.0,1.0,550.0,1,0,0,0,6,92
490779,Edmonton,Alberta,8504 99 Street Northwest,53.521152,-113.4865042,apartment,1325.0,1.0,1.0,600.0,0,0,1,0,6,92
410862,Edmonton,Alberta,11267 73 AVENUE,53.5092225,-113.5225414,apartment,1850.0,1.0,1.0,538.0,0,0,0,0,12,92
527998,Edmonton,Alberta,11115 75 Avenue Northwest,53.5109377,-113.51761,basement,1450.0,2.0,1.0,800.0,0,0,0,0,12,92
568372,Edmonton,Alberta,17627 63 Street,53.6388527,-113.4338049,apartment,1375.0,1.0,1.0,624.0,0,0,1,1,12,92
445773,Edmonton,Alberta,10244 79 St NW,53.544342811318,-113.449392490738,basement,1500.0,2.0,1.0,750.0,0,0,0,0,6,92
413647,Edmonton,Alberta,9707 106 St NW,53.534365,-113.50203,apartment,2100.0,2.0,2.0,1067.0,0,0,1,1,12,92
399356,Edmonton,Alberta,11120 76 Ave NW,53.5124493,-113.5179008,basement,1000.0,2.0,1.0,1400.0,0,0,0,0,12,92
481951,Edmonton,Alberta,11944 61 Street Northwest,53.5732379,-113.4356752,basement,1250.0,1.0,1.0,680.0,1,0,0,0,6,92
569699,Edmonton,Alberta,Rosenthal,53.5154647,-113.7001202,house,3995.0,3.0,2.5,2000.0,1,0,0,0,12,92
430248,Edmonton,Alberta,11503 76 Ave NW,53.512051,-113.529167,apartment,3000.0,3.0,3.0,1640.0,0,0,1,1,12,92
569275,Edmonton,Alberta,10211 158 Street Northwest,53.5437604,-113.5935933,house,2300.0,4.0,1.0,1900.0,0,0,1,1,12,92
343120,Edmonton,Alberta,10333 112 Street NW,53.54516681226,-113.513525346558,apartment,1650.0,2.0,1.0,800.0,0,0,0,0,12,92
452239,Edmonton,Alberta,4719 111A Street NW,53.4853646,-113.5181066,house,1900.0,5.0,2.0,1100.0,1,0,0,0,12,92
568423,Edmonton,Alberta,8529 88 Street Northwest,53.5219213,-113.4617944,basement,1400.0,1.0,1.0,900.0,2,0,0,0,12,92
492141,Edmonton,Alberta,2208 44 Ave NW,53.4813064,-113.3761835,apartment,1950.0,2.0,2.0,850.0,0,0,1,1,12,92
450411,Edmonton,Alberta,11442 79 Avenue,53.5153466,-113.5278152,house,2500.0,6.0,2.0,1154.0,0,0,0,0,12,92
571057,Edmonton,Alberta,Rosenthal,53.5238676,-113.6904833,duplex,2700.0,4.0,3.5,1900.0,2,0,1,1,12,106
523747,Edmonton,Alberta,10388 105 St NW,53.5459843,-113.5015319,apartment,2500.0,2.0,2.0,850.0,1,0,0,0,6,106
488610,Edmonton,Alberta,582 Glenridding Ravine Drive,53.4073348,-113.6057061,basement,1400.0,1.0,1.0,750.0,0,0,0,0,6,183
493424,Edmonton,Alberta,Parkallen,53.5002937,-113.5135773,house,3300.0,4.0,2.0,1615.0,0,0,1,1,12,0
571335,Edmonton,Alberta,636 McAllister Loop Southwest,53.431842,-113.5198297,apartment,1750.0,2.0,2.0,1100.0,1,0,0,0,12,0
571055,Edmonton,Alberta,2204 44 Ave NW,53.4812156,-113.37553,apartment,1500.0,1.0,1.0,615.0,0,0,1,1,12,365
529201,Edmonton,Alberta,10360 102 St NW,53.5457543,-113.4962335,apartment,2995.0,2.0,2.0,916.0,0,0,1,1,12,365
570776,Edmonton,Alberta,10136 104 Street Northwest,53.5418331,-113.4995046,apartment,1775.0,1.0,1.0,671.0,2,0,1,1,12,365
571532,Edmonton,Alberta,10178 117 Street Northwest,53.542794,-113.523452,apartment,2500.0,2.0,2.0,1480.0,0,0,1,1,12,365
460896,Edmonton,Alberta,8804 95 Avenue Northwest,53.531966,-113.4628561,apartment,1300.0,1.0,1.0,600.0,0,0,1,0,12,365
567905,Edmonton,Alberta,Strathearn,53.5332782,-113.4680662,basement,2350.0,2.0,1.0,1210.0,2,0,0,0,6,365
483402,Edmonton,Alberta,16434 89 Avenue Northwest,53.5239889,-113.6066522,house,1550.0,3.0,1.0,1000.0,0,0,1,0,12,365
570697,Edmonton,Alberta,9144 78 Avenue Northwest,53.5144483,-113.469475,basement,1450.0,1.0,1.0,700.0,0,0,0,0,12,365
566899,Edmonton,Alberta,Belgravia,53.5078212,-113.534147,basement,3400.0,3.0,2.0,1300.0,1,0,1,1,6,365
568490,Edmonton,Alberta,843 Youville Drive West Northwest,53.4639766,-113.4315115,duplex,2700.0,3.0,3.0,1440.0,1,0,0,0,12,365
570358,Edmonton,Alberta,1203 Carter Crest Road Northwest,53.4628186,-113.5828692,apartment,2700.0,2.0,3.0,2100.0,0,0,0,1,12,365
570649,Edmonton,Alberta,Highlands,53.5694154,-113.4303633,house,3500.0,4.0,2.0,1245.0,2,0,0,1,12,365
567180,Edmonton,Alberta,2814 192 Street Northwest,53.4602412,-113.6562056,townhouse,1800.0,2.0,2.0,922.0,0,0,1,1,12,365
532851,Edmonton,Alberta,Oliver,53.5385598,-113.5181278,apartment,3000.0,2.0,2.0,1067.0,2,0,1,1,6,365
570602,Edmonton,Alberta,9903 104 Street NW,53.537631,-113.4987842,apartment,1950.0,2.0,1.5,980.0,1,0,0,1,6,365
572580,Edmonton,Alberta,9935 83 Avenue Northwest,53.5188285,-113.4877838,apartment,1450.0,2.0,1.0,630.0,0,0,1,0,12,365
571939,Edmonton,Alberta,11450 80 Avenue Northwest,53.5165079,-113.528086,apartment,2015.0,2.0,2.0,796.0,0,0,1,1,12,365
449636,Edmonton,Alberta,1071 Chappelle Boulevard Southwest,53.4083466,-113.569837,apartment,1425.0,1.0,1.0,600.0,0,0,1,1,12,365
569399,Edmonton,Alberta,Ottewell,53.5350168,-113.4201868,house,1900.0,2.0,1.0,1170.0,0,0,0,0,12,365
397262,Edmonton,Alberta,10152 104 Street Northwest,53.5421904,-113.499459,apartment,1900.0,2.0,2.0,960.0,0,0,0,0,6,365
571884,Edmonton,Alberta,126 Kaskitayo Court Northwest,53.4560035,-113.5328788,townhouse,1495.0,3.0,1.5,910.0,0,0,0,0,12,365
543195,Edmonton,Alberta,9825 103 Street NW,53.5367754,-113.4975125,apartment,1375.0,1.0,1.0,700.0,0,0,1,1,6,365
568808,Edmonton,Alberta,21003 131 Avenue Northwest,53.5905981,-113.6814986,basement,1600.0,2.0,1.0,900.0,1,0,0,0,6,365
571541,Edmonton,Alberta,Granville,53.5112034,-113.6836606,duplex,2350.0,3.0,2.5,1400.0,0,0,0,0,12,365
479680,Edmonton,Alberta,11007 83 Ave NW,53.518925,-113.515656,apartment,1900.0,2.0,1.0,1130.0,1,0,0,0,12,365
440067,Edmonton,Alberta,18010 98 Avenue Northwest,53.5344253,-113.6326463,townhouse,1650.0,3.0,1.5,1100.0,0,0,1,1,12,365
300958,Edmonton,Alberta,111 Edwards Drive Southwest,53.4254054,-113.4548418,apartment,1795.0,2.0,2.0,950.0,0,0,0,0,12,365
543430,Edmonton,Alberta,3551 107 Street Northwest,53.4697495,-113.5069496,house,2500.0,5.0,2.5,1200.0,0,0,0,0,12,30
263942,Edmonton,Alberta,160 Magrath Rd NW,53.4532702,-113.5597803,apartment,1900.0,1.0,1.0,1000.0,1,0,0,0,6,365
438854,Edmonton,Alberta,10032 112 Street Northwest,53.539803,-113.514271,apartment,1100.0,1.0,1.0,650.0,0,0,1,0,12,365
555607,Edmonton,Alberta,10907 77 Avenue Northwest,53.5130237,-113.5125343,apartment,1599.0,1.0,1.0,611.0,0,0,1,1,12,365
560513,Edmonton,Alberta,Balwin,53.5842876,-113.4532665,house,2000.0,3.0,2.5,1650.0,0,0,0,0,12,365
252790,Edmonton,Alberta,11835 102 Street,53.571371,-113.4948569,apartment,975.0,1.0,1.0,700.0,0,2,0,0,12,365
566396,Edmonton,Alberta,10739 86 Avenue Northwest,53.5216915,-113.5081232,apartment,1595.0,2.0,2.0,600.0,0,0,0,0,12,365
400351,Edmonton,Alberta,14915 94 Avenue Northwest,53.5297849,-113.5784531,apartment,950.0,0.0,1.0,600.0,0,0,1,0,12,365
565015,Edmonton,Alberta,2020 Guardian Road Northwest,53.5077203,-113.6635114,townhouse,1850.0,2.0,2.5,1400.0,0,0,1,0,12,365
468295,Edmonton,Alberta,10611 98 Ave NW,53.535407,-113.5033772,apartment,1200.0,1.0,1.0,791.0,0,0,0,0,12,365
399558,Edmonton,Alberta,9925 91 Avenue Northwest,53.5261116,-113.4871781,apartment,1200.0,1.0,1.0,675.0,0,0,1,0,12,365
406445,Edmonton,Alberta,10966 124 Street,53.556137,-113.5364041,apartment,1100.0,1.0,1.0,625.0,0,0,1,0,12,365
556311,Edmonton,Alberta,14404 88A Street Northwest,53.6063909,-113.4773449,apartment,1195.0,1.0,1.0,701.0,0,0,1,1,12,365
403913,Edmonton,Alberta,10426 84 Avenue Northwest,53.5201724,-113.4990003,apartment,1100.0,0.0,1.0,675.0,0,0,0,0,12,365
399543,Edmonton,Alberta,7315 90 Avenue Northwest,53.524521005835,-113.441654484131,apartment,1200.0,1.0,1.0,725.0,0,0,1,0,12,365
563383,Edmonton,Alberta,6635 109 Street Northwest,53.5036526,-113.5116201,duplex,2600.0,3.0,2.5,1400.0,0,0,0,0,12,365
565124,Edmonton,Alberta,Oliver,53.545338,-113.5181362,apartment,1595.0,2.0,1.0,850.0,0,0,1,0,12,365
556454,Edmonton,Alberta,10463 149 Street,53.5482503,-113.5772778,townhouse,2097.0,3.0,3.5,1600.0,0,0,1,1,12,365
519240,Edmonton,Alberta,9662 82 Avenue Northwest,53.518255,-113.479372,apartment,1575.0,1.0,1.0,819.0,0,0,0,0,12,365
279548,Edmonton,Alberta,10305 100TH AVE,53.5385316,-113.4979168,apartment,1449.0,2.0,1.0,775.0,0,0,1,1,12,365
483773,Edmonton,Alberta,12932 118 Ave NW,53.570645331569,-113.54652818879,apartment,1200.0,1.0,1.0,700.0,0,0,1,0,12,365
269381,Edmonton,Alberta,5432 Riverbend Road NW,53.4923227,-113.5785055,apartment,1300.0,1.0,1.0,850.0,0,0,1,1,6,365
571604,Edmonton,Alberta,10330 113 Street NW,53.5455364,-113.516201,apartment,1295.0,0.0,1.0,534.0,1,0,0,0,12,365
531161,Edmonton,Alberta,2031 Brennan Crescent NW,53.5174787,-113.684574,duplex,2600.0,3.0,3.0,1280.0,0,0,1,1,12,365
442656,Edmonton,Alberta,12021 Jasper Avenue,53.5406177,-113.529746,apartment,999.0,0.0,1.0,390.0,0,0,1,1,12,365
259105,Edmonton,Alberta,10210 122 Street,53.5432231,-113.5327105,apartment,1250.0,1.0,1.0,800.0,0,0,1,1,6,365
264791,Edmonton,Alberta,6466 184 Street,53.4993588,-113.6404848,apartment,1550.0,2.0,1.0,880.0,0,0,1,1,6,365
487837,Edson,Alberta,851 63 Street,53.5838577,-116.4556954,house,2900.0,4.0,2.0,1398.24,1,0,1,1,6,0
311311,Fort McMurray,Alberta,101 Loutit Road,56.7538801,-111.4494986,apartment,1500.0,2.0,2.0,914.0,0,0,1,1,12,0
295161,Fort McMurray,Alberta,21 Macdonald Drive,56.731543801326,-111.38570458463,apartment,1250.0,1.0,1.0,600.0,0,0,1,1,12,0
311310,Fort McMurray,Alberta,262 Powder Drive,56.756951,-111.464712,townhouse,1700.0,2.0,2.0,1062.0,0,0,1,1,12,0
311308,Fort McMurray,Alberta,102 - 108 Loutit Road,56.7532406,-111.4483037,apartment,1400.0,1.0,1.0,632.0,0,0,1,1,12,0
311307,Fort McMurray,Alberta,302 Parsons Creek Drive,56.7620575,-111.4568891,apartment,1550.0,1.0,1.0,547.0,0,0,1,1,12,0
311306,Fort McMurray,Alberta,9602 Franklin Avenue,56.724104,-111.370349,apartment,1250.0,1.0,1.0,700.0,0,0,1,1,12,0
301458,Fort McMurray,Alberta,270 Tundra Dr.,56.729671,-111.451852,apartment,1399.0,2.0,1.0,820.0,0,0,1,1,12,0
311309,Fort McMurray,Alberta,2 Alberta Drive,56.7201663,-111.3636259,apartment,1350.0,2.0,1.0,877.0,0,0,1,1,12,0
521944,Fort McMurray,Alberta,136D Sandpiper Road,56.7553752,-111.4443716,apartment,1650.0,1.0,1.0,864.0,0,0,0,0,6,0
311313,Fort McMurray,Alberta,350 Parsons Creek Drive,56.7627773,-111.4542245,apartment,1650.0,1.0,1.0,1091.0,0,0,1,1,12,0
529917,Fort McMurray,Alberta,401 Athabasca Avenue,56.714719,-111.378143,townhouse,2695.0,3.0,2.5,1260.0,0,0,1,1,12,0
301380,Fort McMurray,Alberta,82 Biggs Ave.,56.722103,-111.373939,apartment,1439.0,2.0,1.0,850.0,0,0,1,1,12,29
487818,Fort McMurray,Alberta,Timberlea,56.763511658212,-111.432335069312,townhouse,2400.0,3.0,2.5,1200.0,0,0,0,0,12,30
478018,Fort McMurray,Alberta,248B Grosbeak Way,56.754366,-111.4349584,apartment,1875.0,2.0,1.0,775.0,1,0,0,0,6,34
301454,Fort McMurray,Alberta,112 Charles Ave.,56.72265,-111.377558,apartment,1729.0,3.0,1.0,980.0,0,0,1,1,12,43
301358,Fort McMurray,Alberta,9624 Franklin Ave.,56.724897,-111.372676,apartment,1464.0,2.0,1.0,902.0,0,0,1,1,12,43
301350,Fort McMurray,Alberta,10110 Franklin Ave.,56.729294,-111.384691,apartment,1309.0,1.0,1.0,789.0,0,0,1,1,12,43
463118,Fort McMurray,Alberta,1 Haineault St.,56.722586,-111.379404,apartment,1729.0,3.0,1.0,1100.0,0,0,1,1,12,43
451568,Fort McMurray,Alberta,441 Millennium Drive,56.7672242,-111.4726597,townhouse,3300.0,3.0,2.5,1546.0,0,0,1,1,6,44
484294,Fort Saskatchewan,Alberta,9932 100 Avenue,53.7096712,-113.2203314,apartment,1845.0,2.0,2.0,950.0,1,0,0,0,6,0
569099,Fort Saskatchewan,Alberta,24 Wiltree Terrace,53.675991,-113.2677191,duplex,2699.0,3.0,2.5,1689.0,0,0,1,1,12,0
461944,Fort Saskatchewan,Alberta,9817 103 Street,53.7105209,-113.2099123,apartment,2245.0,3.0,1.5,1550.0,1,0,1,1,12,0
568852,Fort Saskatchewan,Alberta,50 Woodsmere Close,53.6796792,-113.2483407,apartment,1550.0,2.0,2.0,977.0,0,0,0,0,6,0
381895,Fort Saskatchewan,Alberta,9940 Sherridon Drive,53.7075255,-113.2216917,apartment,1995.0,2.0,2.0,1020.0,0,0,1,1,6,0
374097,Fort Saskatchewan,Alberta,9817 103 St,53.710543,-113.2099401,apartment,1950.0,2.0,1.0,1150.0,1,0,1,1,6,0
553240,Fort Saskatchewan,Alberta,7922 92 Avenue,53.6844017,-113.242449,house,1800.0,3.0,1.5,980.0,0,0,1,1,12,0
570509,Fort Saskatchewan,Alberta,37 Westpark Drive,53.677813,-113.2650715,house,2400.0,3.0,2.5,1500.0,0,0,0,1,12,14
568406,Fort Saskatchewan,Alberta,9 Catalina Court,53.6844214,-113.2078079,duplex,2595.0,3.0,3.0,929.0,0,0,1,1,12,14
547272,Fort Saskatchewan,Alberta,Westpark Dr,53.6786534,-113.2517145,basement,1400.0,2.0,1.0,700.0,0,0,0,0,12,18
274412,Fort Saskatchewan,Alberta,8605 Southfort Blvd,53.6797565,-113.236167,apartment,1638.0,2.0,1.0,847.0,0,0,1,1,12,30
571635,Fort Saskatchewan,Alberta,9405 94 Avenue,53.7022441,-113.2251544,apartment,1200.0,2.0,1.0,880.0,0,0,1,1,6,30
571416,Fort Saskatchewan,Alberta,95 Richmond Link,53.6744539,-113.2383901,duplex,2200.0,3.0,2.5,1300.0,2,0,1,1,12,30
539876,Fort Saskatchewan,Alberta,36 Ross Drive,53.7096966,-113.2048558,apartment,1350.0,2.0,1.0,700.0,0,0,1,1,12,30
273512,Fort Saskatchewan,Alberta,7800 Southfort Dr,53.679454,-113.234122,townhouse,1998.0,3.0,1.5,1235.0,0,0,1,1,12,30
571407,Fort Saskatchewan,Alberta,5 Red Canyon Way,53.6796013,-113.2397697,duplex,1975.0,3.0,2.5,1165.0,0,0,1,1,12,44
440481,Fort Saskatchewan,Alberta,8702 Southfort Drive,53.6880724,-113.2267638,apartment,1595.0,2.0,1.0,793.0,0,0,1,1,12,61
514309,Fort Saskatchewan,Alberta,29 Santana Crescent,53.6815824,-113.2068052,house,2225.0,2.0,2.5,1420.0,0,0,1,1,12,61
495736,Fort Saskatchewan,Alberta,8530 94 Street,53.690259,-113.212427,townhouse,3200.0,3.0,2.5,1500.0,1,0,1,1,3,81
291650,Grande Prairie,Alberta,9818 94th Avenue,55.1661657,-118.7943664,apartment,1010.0,0.0,1.0,379.0,0,0,1,1,12,0
291652,Grande Prairie,Alberta,10250 121 Avenue,55.1895411,-118.8018737,apartment,1410.0,2.0,1.0,904.0,0,0,1,1,12,0
291656,Grande Prairie,Alberta,155 157 159 Pinnacle Drive,55.143477,-118.8312225,apartment,1760.0,2.0,1.0,875.0,0,0,1,1,12,0
479456,Grande Prairie,Alberta,9702 Prairie Road,55.153757,-118.787108,apartment,1200.0,1.0,1.0,689.0,0,0,1,1,12,0
291654,Grande Prairie,Alberta,10502 111th Street,55.174316,-118.8322831,apartment,1710.0,2.0,1.5,1250.0,0,0,1,1,12,29
404039,High River,Alberta,520 2nd St Se,50.5777598,-113.8656554,apartment,1600.0,2.0,1.0,780.0,0,0,0,0,12,0
342062,High River,Alberta,1007 Eagleview Place Northwest,50.5932945,-113.8770977,townhouse,1895.0,3.0,1.5,1350.0,0,0,1,1,12,30
474830,High River,Alberta,132 9 Avenue Southwest,50.574986,-113.873923,townhouse,2000.0,3.0,1.5,1200.0,0,2,1,1,12,365
537393,High River,Alberta,107 Prairie Sound Circle Northwest,50.5916082,-113.8974429,townhouse,1200.0,1.0,1.0,800.0,0,0,1,0,12,365
571553,High River,Alberta,34 Stonehouse Crescent Northwest,50.5946,-113.87782,townhouse,2200.0,2.0,3.0,1399.0,0,0,1,1,12,365
481278,Leduc,Alberta,8120 Sparrow Crescent,53.3038008,-113.5452946,apartment,1335.0,0.0,1.0,450.0,1,0,0,0,12,0
571350,Leduc,Alberta,172 Acacia Circle,53.2668998,-113.5901271,house,2195.0,3.0,2.5,1400.0,0,0,1,1,12,0
481086,Leduc,Alberta,8230 Sparrow Drive,53.3050226,-113.5431507,apartment,1235.0,0.0,1.0,450.0,1,0,0,0,12,0
436256,Leduc,Alberta,61 Windrose Drive,53.252463,-113.578664,townhouse,1850.0,3.0,2.5,1387.0,0,0,0,0,12,0
515086,Leduc,Alberta,455 Aster Close,53.2677936,-113.5911698,apartment,780.0,1.0,1.5,1250.0,1,0,0,0,6,0
514637,Leduc,Alberta,4003 43B Avenue,53.2551878,-113.5288843,house,1600.0,3.0,1.0,1100.0,0,0,0,1,12,14
327473,Leduc,Alberta,182 Keystone Cres,53.264164,-113.597298,apartment,1698.0,2.0,1.0,831.0,0,0,1,1,12,30
380929,Leduc,Alberta,342 West Haven Drive,53.2613355,-113.5884118,house,2000.0,3.0,2.5,1546.0,0,0,1,1,12,30
571594,Leduc,Alberta,401 Southfork Drive,53.243038,-113.5420916,townhouse,1875.0,2.0,2.5,1250.0,0,0,0,0,12,30
516313,Leduc,Alberta,292 Rolston Wynd,53.2406404,-113.5023302,basement,1050.0,1.0,1.0,700.0,0,0,1,1,12,30
489973,Leduc,Alberta,556 (main) Kleins Crescent,53.2600248,-113.586976,house,2000.0,3.0,2.5,1600.0,0,0,0,0,12,30
570103,Leduc,Alberta,401 Southfork Drive,53.243038,-113.5420916,townhouse,1995.0,2.0,2.0,799.0,0,0,1,1,12,30
569345,Leduc,Alberta,836 Morris Avenue,53.2411376,-113.5182504,house,2300.0,3.0,2.5,1700.0,0,0,1,1,12,30
334296,Lethbridge,Alberta,2132 Palm Road S,49.672186,-112.792726,apartment,1280.0,1.0,1.0,570.0,0,0,1,1,12,0
334108,Lethbridge,Alberta,824 4th St S,49.686222,-112.841181,apartment,1465.0,2.0,1.0,677.0,0,0,1,1,12,0
334295,Lethbridge,Alberta,3509 Sylvan Road S,49.6786429,-112.7901432,apartment,1460.0,2.0,1.0,815.0,0,0,1,1,12,0
368199,Lethbridge,Alberta,20 Berkeley Place West,49.6763977,-112.8718895,apartment,1605.0,2.0,1.0,800.0,0,0,1,1,12,0
334107,Lethbridge,Alberta,531 7th St S,49.6916881,-112.8365482,apartment,1390.0,1.0,1.0,450.0,0,0,1,1,12,0
321223,Lethbridge,Alberta,"1603, 1607, 1611, 1615 Scenic Heights South",49.6762004,-112.8263302,apartment,1150.0,1.0,1.0,523.0,0,0,1,1,12,0
291473,Lethbridge,Alberta,"3210, 2310 23rd Avenue South",49.669638,-112.793924,apartment,1250.0,1.0,1.0,554.0,0,0,1,1,12,0
334106,Lethbridge,Alberta,268 7A Ave S,49.688109,-112.8431568,apartment,1310.0,0.0,1.0,279.0,0,0,1,1,12,0
334177,Lethbridge,Alberta,175 Algonquin Road,49.6851372,-112.8839421,apartment,1820.0,3.0,1.0,960.0,0,0,1,1,12,0
334105,Lethbridge,Alberta,1261 4th Ave S,49.6949861,-112.8252961,apartment,1285.0,0.0,1.0,430.0,0,0,1,1,12,0
563236,Lethbridge,Alberta,122 Sunridge Road West,49.65289,-112.87018,townhouse,2200.0,4.0,2.5,1508.0,0,0,1,1,12,0
494828,Lethbridge,Alberta,London Road,49.687388024638,-112.827072389393,house,1600.0,2.0,1.0,1200.0,0,0,1,1,12,0
566941,Lethbridge,Alberta,Glendale,49.6910353,-112.799411,house,2000.0,3.0,1.0,1200.0,0,0,1,1,12,0
359906,Lethbridge,Alberta,821 20 Street N,49.7114579,-112.8126762,townhouse,1480.0,3.0,1.0,1068.0,0,0,1,1,12,0
492005,Lethbridge,Alberta,125 Columbia Blvd,49.676415,-112.874849,townhouse,1350.0,2.0,1.0,730.0,0,0,1,1,12,0
481464,Lethbridge,Alberta,329 Highland Blvd W.,49.695688,-112.899851,apartment,1405.0,1.0,1.0,640.0,0,0,1,1,12,55
291462,Lethbridge,Alberta,37 Berkeley Place West,49.6759526,-112.8702134,apartment,1250.0,1.0,1.0,586.0,0,0,1,1,12,60
291471,Lethbridge,Alberta,"1304, 1306, 1308 23rd Avenue North",49.7245602,-112.8233658,apartment,1250.0,2.0,1.0,830.0,0,0,1,1,12,29
524920,Lethbridge,Alberta,Agnes Davidson,49.6779158,-112.8211157,basement,1200.0,2.0,1.0,1100.0,0,0,0,0,12,30
329960,Lethbridge,Alberta,75 Fairmont Boulevard South,49.666492,-112.791847,apartment,1918.0,2.0,2.0,913.0,0,0,1,1,12,30
570580,Lethbridge,Alberta,West Highlands,49.6927393,-112.9024502,house,2600.0,3.0,2.0,1900.0,0,0,0,1,12,30
488971,Lethbridge,Alberta,2655 Blackwolf Blvd N,49.738683,-112.801976,apartment,1878.0,2.0,2.0,956.0,0,0,1,1,12,35
290809,Lethbridge,Alberta,175 Columbia Blvd West,49.675891,-112.8756971,apartment,1550.0,2.0,1.0,808.0,0,0,1,1,12,60
364479,Lethbridge,Alberta,1310 23rd Avenue North,49.7245061,-112.8220051,apartment,1450.0,1.0,1.0,632.0,0,0,1,1,12,60
291464,Lethbridge,Alberta,590-600 Columbia Blvd West,49.673691,-112.891712,apartment,1050.0,1.0,1.0,677.0,0,0,1,1,12,60
291477,Lethbridge,Alberta,2014 15th Avenue North,49.69999,-112.81856,apartment,1075.0,1.0,1.0,597.0,0,0,1,1,12,60
572015,Lethbridge,Alberta,2514 14 Avenue South,49.6779634,-112.8051896,house,1750.0,3.0,1.0,1200.0,0,0,0,0,12,61
498205,Lethbridge,Alberta,2514 14 Avenue South,49.6779429,-112.8051885,house,1595.0,2.0,1.0,1200.0,1,0,0,0,6,61
563729,Lethbridge,Alberta,1913 7 Avenue North,49.7093444,-112.8133736,apartment,2000.0,2.0,1.0,2842.0,1,0,0,0,6,365
334253,Medicine Hat,Alberta,675 20 St NE,50.0593362,-110.6705239,apartment,1430.0,2.0,1.0,789.0,0,0,1,1,12,0
334178,Medicine Hat,Alberta,90 Sprague Way SE,50.008056,-110.6848088,apartment,1470.0,2.0,1.0,900.0,0,0,1,1,12,0
352761,Medicine Hat,Alberta,220 1 Street NE,50.0447405,-110.6792347,apartment,1251.0,1.0,1.0,600.0,0,0,1,1,12,0
334282,Medicine Hat,Alberta,89 Collins Crescent SE,50.024888,-110.64424,apartment,1065.0,0.0,1.0,400.0,0,0,1,1,12,0
394521,Medicine Hat,Alberta,407 5 Ave SE,50.038082,-110.676348,apartment,1225.0,1.0,1.0,550.0,0,0,1,1,12,0
334160,Medicine Hat,Alberta,2526 Thompson Crescent SE,50.0139982,-110.6477087,apartment,1445.0,2.0,1.0,866.0,0,0,1,1,12,0
334257,Medicine Hat,Alberta,68 Cypress Way SE,50.0119314,-110.6436835,apartment,1430.0,2.0,1.0,870.0,0,0,1,1,12,0
334259,Medicine Hat,Alberta,46 Carswell Rd SE,50.0163208,-110.6385207,apartment,1295.0,2.0,1.0,856.0,0,0,1,1,12,0
334255,Medicine Hat,Alberta,1617 2 Ave NE,50.056581,-110.682024,apartment,1305.0,2.0,1.0,840.0,0,0,1,1,12,0
334258,Medicine Hat,Alberta,42 Campbell Cr SE,50.0128215,-110.6412316,apartment,1350.0,2.0,1.0,971.0,0,0,1,1,12,0
334260,Medicine Hat,Alberta,1910 Upland Dr SE,50.0224536,-110.6687582,apartment,1306.0,2.0,1.0,840.0,0,0,1,1,12,0
334238,Medicine Hat,Alberta,535 Belfast Street SE,50.0361838,-110.6735485,apartment,1370.0,2.0,1.0,900.0,0,0,1,1,12,0
334262,Medicine Hat,Alberta,2253 Southview Dr SE,50.0181923,-110.6391038,apartment,1085.0,1.0,1.0,616.0,0,0,1,1,12,0
334254,Medicine Hat,Alberta,2399 Southview Dr SE,50.0162047,-110.6428589,apartment,1270.0,2.0,1.0,860.0,0,0,1,1,12,0
334261,Medicine Hat,Alberta,1969 Upland Dr SE,50.022262,-110.6693231,apartment,1321.0,2.0,1.0,840.0,0,0,1,1,12,0
334164,Medicine Hat,Alberta,672 College Drive SE,50.0193672,-110.6732,apartment,1175.0,1.0,1.0,550.0,0,0,1,1,12,0
334220,Medicine Hat,Alberta,2327 Crestwood Dr SE,50.02528,-110.6439113,apartment,1260.0,1.0,1.0,550.0,0,0,1,1,12,0
334256,Medicine Hat,Alberta,1658 3 Ave NE,50.0574007,-110.6807483,apartment,1380.0,2.0,1.0,840.0,0,0,1,1,12,0
334252,Medicine Hat,Alberta,549 Belfast St SE,50.0364205,-110.6728951,apartment,1430.0,2.0,1.0,900.0,0,0,1,1,12,0
350317,Medicine Hat,Alberta,280 Southland Boulevard,49.99421,-110.660301,apartment,1778.0,2.0,2.0,903.0,0,0,1,1,12,30
572570,Morinville,Alberta,10706 98 Avenue,53.7990981,-113.6584204,house,2350.0,3.0,2.0,1700.0,0,0,1,1,12,0
570368,Nisku,Alberta,3044 58 Avenue NorthEast,53.3665316,-113.4735681,house,3500.0,6.0,4.5,4200.0,0,0,1,0,6,0
567713,Okotoks,Alberta,313 Sheep River Place,50.7190258,-113.9890293,basement,1500.0,1.0,1.0,750.0,0,0,1,1,12,0
564969,Okotoks,Alberta,83 Drake Landing Loop,50.7252196,-113.9361063,house,2500.0,2.0,2.5,1825.0,0,0,0,0,12,0
50259,Okotoks,Alberta,3 Alberta Ave Okotoks,50.7246216,-113.9688205,apartment,1600.0,2.0,1.0,850.0,0,0,0,0,12,44
572340,Okotoks,Alberta,38 Willow Crescent,50.732901176999,-113.97984989266,townhouse,1600.0,1.0,1.0,596.0,0,0,1,1,12,61
572224,Okotoks,Alberta,38 Willow Crescent,50.732923246674,-113.979943769975,townhouse,2500.0,3.0,2.5,1272.0,0,0,1,1,12,61
571595,Okotoks,Alberta,153 Cimarron Grove Crescent,50.7062076,-113.9683892,house,2495.0,4.0,2.0,1000.0,0,0,1,1,12,61
361902,Olds,Alberta,12 Richards Crescent,51.7888012,-114.1012703,apartment,1450.0,1.0,1.0,900.0,0,0,1,0,12,0
554550,Olds,Alberta,5120 42 Street,51.7993201,-114.1070455,duplex,1550.0,2.0,1.0,1638.0,0,0,0,1,12,31
340667,Peace River,Alberta,9814 77 Ave,56.256197,-117.292287,apartment,800.0,1.0,1.0,728.0,0,0,0,0,12,0
481085,Ponoka,Alberta,4205 64 Street,52.6709036,-113.60052,apartment,1395.0,2.0,1.0,950.0,1,0,0,0,12,0
481280,Ponoka,Alberta,4205 64 Street,52.6709036,-113.60052,apartment,1275.0,0.0,1.0,450.0,1,0,0,0,12,0
557775,Priddis,Alberta,162075 160 Street West,50.9026158,-114.233857,house,2400.0,2.0,1.0,2500.0,0,0,1,1,3,0
351166,Red Deer,Alberta,3920 50th Ave,52.2602766,-113.8151903,apartment,1275.0,1.0,1.0,580.0,0,0,1,1,12,0
488405,Red Deer,Alberta,39 Van Slyke Way,52.23157,-113.75181,apartment,1723.0,2.0,1.0,850.0,0,0,1,1,12,0
344430,Red Deer,Alberta,4250 54 Avenue,52.262093,-113.8241824,townhouse,1865.0,3.0,1.5,1260.0,0,0,1,1,12,0
535451,Red Deer,Alberta,Mountview,52.2580282,-113.812204,apartment,2495.0,2.0,1.0,840.0,1,0,0,0,3,0
296163,Red Deer,Alberta,72 Ironstone Drive,52.2343784,-113.7673368,house,2799.0,5.0,3.0,2799.0,0,0,1,1,12,0
344434,Red Deer,Alberta,5816 53 Avenue,52.276881,-113.8181641,townhouse,1915.0,3.0,1.5,1260.0,0,0,1,1,12,0
336491,Red Deer,Alberta,4514 48 Avenue,52.2649009,-113.8094152,apartment,1145.0,1.0,1.0,700.0,0,0,1,1,12,0
540466,Red Deer,Alberta,260 Duston Street,52.2561665,-113.747754,apartment,2695.0,2.0,2.0,1105.0,1,0,0,0,6,0
484991,Red Deer,Alberta,260 Duston Street,52.2561665,-113.747754,apartment,2395.0,1.0,1.0,700.0,1,0,0,0,6,0
342524,Red Deer,Alberta,4815 46 Street,52.2649775,-113.8102691,apartment,1145.0,1.0,1.0,700.0,0,0,1,1,12,0
364995,Red Deer,Alberta,50 Livingston Close,52.243860383033,-113.74860192596,apartment,1848.0,2.0,2.0,909.0,0,0,1,1,12,30
288397,Red Deer,Alberta,2450A 22nd St,52.237817,-113.754188,apartment,1778.0,2.0,1.0,859.0,0,0,1,1,12,30
569192,Red Deer,Alberta,Lancaster Green,52.2420095,-113.7520126,house,2650.0,3.0,2.0,1300.0,0,0,0,0,12,30
569195,Red Deer,Alberta,Lancaster Green,52.2420095,-113.7520126,basement,1650.0,2.0,1.0,1100.0,0,0,0,0,12,30
535433,Red Deer,Alberta,4902 37 Street,52.2580282,-113.812204,apartment,1995.0,1.0,1.0,630.0,1,0,0,0,3,15
532999,Red Deer,Alberta,4902 37 Street,52.2577495,-113.8123834,apartment,2395.0,2.0,1.0,840.0,1,0,0,0,6,29
572530,Red Deer,Alberta,Sunnybrook,52.2510026,-113.7945825,townhouse,1850.0,3.0,1.5,1075.0,0,0,0,0,12,30
572212,Red Deer,Alberta,4902 37 Street,52.2580309,-113.8123523,apartment,2095.0,1.0,1.0,630.0,1,0,0,0,3,30
570481,Red Deer,Alberta,5211 39 Street,52.259038,-113.8194262,apartment,2595.0,2.0,2.0,1050.0,1,0,0,0,6,30
571090,Red Deer,Alberta,4026 50A Street,52.27541414109,-113.790087259273,basement,1100.0,1.0,1.0,748.0,0,0,0,0,12,30
571366,Red Deer,Alberta,18 Averill Street,52.2421908,-113.7676064,apartment,1600.0,1.0,2.0,800.0,2,0,0,0,12,30
480096,Red Deer,Alberta,Ironside Street,52.2345595,-113.7872618,apartment,2395.0,2.0,2.0,960.0,1,0,0,0,6,30
550646,Red Deer,Alberta,4752 55 Street,52.2741935,-113.8095755,apartment,1350.0,0.0,1.0,400.0,1,0,0,0,6,30
569590,Red Deer,Alberta,West Park,52.2602041,-113.8352322,basement,1600.0,2.0,1.0,1100.0,0,0,1,1,12,30
569587,Red Deer,Alberta,West Park,52.2602041,-113.8352322,house,2200.0,3.0,1.0,1200.0,0,0,1,1,12,30
521403,Red Deer,Alberta,124 Anderson Close,52.2502379,-113.7819877,house,5870.0,5.0,2.5,1160.0,1,0,0,0,6,41
301352,Red Deer,Alberta,3710 52 Ave.,52.2577659,-113.8185,apartment,1239.0,1.0,1.0,560.0,0,0,1,0,12,44
571868,Red Deer,Alberta,5802 43 Avenue,52.2768512,-113.7986219,house,1700.0,2.0,1.0,850.0,0,0,1,1,12,44
301346,Red Deer,Alberta,5207 39 St.,52.258899,-113.818813,apartment,1329.0,1.0,1.0,742.0,0,0,1,1,12,44
301386,Red Deer,Alberta,5925 63 St.,52.283052,-113.8277879,apartment,1569.0,2.0,1.0,875.0,0,0,1,0,12,44
487802,Red Deer,Alberta,3811 54 Avenue,52.258987,-113.8229604,apartment,1995.0,2.0,1.0,760.0,1,0,0,0,3,61
553176,Red Deer,Alberta,260 Duston Street,52.2561665,-113.747754,apartment,2395.0,1.0,1.0,700.0,1,0,0,0,6,100
571966,Red Deer,Alberta,24 Trimble Close,52.2805933,-113.7565251,house,2300.0,3.0,2.0,1169.0,0,0,1,1,12,365
570240,Red Deer,Alberta,Timberstone Park,52.2754905,-113.7442481,house,3500.0,3.0,3.0,2400.0,0,0,0,1,12,365
515021,Red Deer,Alberta,5330 58A Street,52.27708,-113.8202,townhouse,1750.0,2.0,1.5,1124.0,0,0,0,0,12,365
569568,Rocky View,Alberta,57 Grayling Road,51.1231119,-114.3873236,house,4500.0,3.0,2.5,2256.0,0,0,1,1,12,61
390553,Rocky View,Alberta,274225 Range Road 22,51.334224651183,-114.18914325625,house,1950.0,2.0,1.0,1360.0,0,0,1,1,6,61
568274,Rocky View,Alberta,96 Grayling Road,51.1242107,-114.3866487,basement,1850.0,1.0,1.0,700.0,1,0,0,0,6,365
387558,Shaughnessy,Alberta,312B 1 Street,49.716772310923,-112.888925852172,house,1495.0,3.0,2.0,1250.0,0,0,1,1,6,0
561691,Sherwood Park,Alberta,2014 Sherwood Drive,53.5266576,-113.2955505,apartment,2410.0,2.0,2.0,1004.0,0,0,1,1,12,0
370057,Sherwood Park,Alberta,29 & 31 Spruce Avenue,53.516216,-113.3053191,apartment,1728.0,2.0,1.0,864.0,0,0,1,1,12,0
300068,Sherwood Park,Alberta,5500 Clover Bar Road,53.5537085,-113.273413,apartment,1505.0,1.0,1.0,593.0,0,0,1,1,12,0
514202,Sherwood Park,Alberta,130 Ebony Blvd,53.5632458,-113.2893502,apartment,1790.0,1.0,1.0,676.0,0,0,1,1,12,30
470748,Sherwood Park,Alberta,200 & 202 Salisbury Way,53.5098612,-113.3020063,apartment,1750.0,2.0,2.0,915.0,0,0,1,1,12,0
403309,Sherwood Park,Alberta,273 Charlotte Way,53.5432796,-113.2820443,apartment,1995.0,2.0,2.0,1062.0,0,0,0,0,12,0
343311,Sherwood Park,Alberta,4 Gloucester Avenue,53.52959,-113.276301,house,2200.0,5.0,2.5,1600.0,0,0,1,1,12,0
476414,Sherwood Park,Alberta,5001 Eton Boulevard,53.5634293,-113.2767153,apartment,2200.0,2.0,2.0,1055.0,0,0,0,1,12,0
541589,Sherwood Park,Alberta,273 Charlotte Way,53.5428419,-113.2827749,apartment,1800.0,2.0,2.0,990.0,2,0,0,0,12,0
545596,Sherwood Park,Alberta,112 & 114 Tisbury Street,53.5115386,-113.3033877,apartment,1750.0,2.0,2.0,909.0,0,0,1,1,12,0
571764,Sherwood Park,Alberta,111 Festival Way,53.5272352,-113.3019379,apartment,2095.0,2.0,2.0,993.3,0,0,0,0,12,0
522834,Sherwood Park,Alberta,15 Ritchie Way,53.5156544,-113.2694065,townhouse,1995.0,3.0,4.0,1138.0,0,0,1,1,12,0
368464,Sherwood Park,Alberta,2336 Aspen Trail,53.5617413,-113.2745738,townhouse,1875.0,3.0,2.5,1400.0,0,0,0,0,12,0
553238,Sherwood Park,Alberta,203 Salisbury Way,53.5102705,-113.3011174,apartment,1525.0,1.0,1.0,596.0,0,0,1,1,12,0
477420,Sherwood Park,Alberta,501 Bothwell Drive,53.5436078,-113.3000503,apartment,1420.0,1.0,1.0,571.0,0,0,1,1,12,23
571413,Sherwood Park,Alberta,70 Crystal Lane,53.5456874,-113.2947374,apartment,1895.0,2.0,2.0,1214.0,0,0,0,0,12,30
349779,Sherwood Park,Alberta,64 Circlewood Drive,53.5171991,-113.2866658,house,2200.0,5.0,2.5,1600.0,0,0,1,1,12,30
369282,Sherwood Park,Alberta,400 Palisades Way,53.556077,-113.299673,apartment,1450.0,1.0,1.0,850.0,0,0,0,0,12,30
570249,Sherwood Park,Alberta,223 22560 Wye Road,53.512989,-113.226375,house,5000.0,3.0,3.0,2700.0,0,0,1,1,6,30
571145,Sherwood Park,Alberta,26 Signet Road,53.5676956,-113.2577133,townhouse,2100.0,3.0,2.5,1279.0,0,0,0,0,12,61
563874,Sherwood Park,Alberta,37 Ainsley Way,53.5610029,-113.2905275,house,3850.0,4.0,3.5,2374.0,0,0,0,0,12,77
259349,Sherwood Park,Alberta,501 Palisades Way,53.5572564,-113.2976206,apartment,2495.0,2.0,2.0,1100.0,1,0,0,0,3,153
292344,Slave Lake,Alberta,701 6th Avenue SW,55.279091302716,-114.78280126085,apartment,1435.0,3.0,1.5,1123.0,0,0,0,0,12,0
292343,Slave Lake,Alberta,120-128 12th Avenue,55.275991,-114.7803902,apartment,1380.0,2.0,1.0,1123.0,0,0,0,0,12,29
512583,Spruce Grove,Alberta,220 Spruce Ridge Road,53.5495137,-113.9408042,townhouse,1850.0,2.0,2.0,1294.0,0,0,1,1,12,0
571997,Spruce Grove,Alberta,92 Longview Drive,53.56648,-113.88828,townhouse,1500.0,2.0,2.0,1103.0,0,0,0,0,12,0
571858,Spruce Grove,Alberta,92 Longview Drive,53.56648,-113.88828,townhouse,2150.0,3.0,2.5,1619.0,0,0,1,0,12,0
456595,Spruce Grove,Alberta,609 King St,53.55696,-113.8975112,apartment,1540.0,2.0,1.0,820.0,0,0,1,1,12,0
512610,Spruce Grove,Alberta,170 Century Crossing,53.5436805,-113.8776262,apartment,1580.0,1.0,1.0,696.0,0,0,1,1,12,0
301991,Spruce Grove,Alberta,106 Hamilton Court,53.562263,-113.949789,duplex,2100.0,3.0,2.5,1700.0,0,0,0,0,12,0
392656,Spruce Grove,Alberta,111 McLaughlin Drive,53.5459391,-113.9328477,apartment,1650.0,2.0,2.0,930.0,0,0,1,1,12,0
453949,Spruce Grove,Alberta,111 McLaughlin Drive,53.5463231,-113.9320366,apartment,1450.0,1.0,1.0,750.0,0,0,0,0,6,0
385800,Spruce Grove,Alberta,111 McLaughlin Drive,53.5460307,-113.9327882,apartment,1400.0,1.0,1.0,750.0,0,0,1,1,6,0
548861,Spruce Grove,Alberta,92 Longview Drive,53.56648,-113.88828,townhouse,2050.0,3.0,2.5,1619.0,0,0,1,1,12,0
572302,Spruce Grove,Alberta,30 Tenor Link,53.55391,-113.87119,house,2300.0,3.0,2.5,1770.0,0,0,0,0,12,30
561494,Spruce Grove,Alberta,1287 McLeod Avenue,53.5434973,-113.8650694,townhouse,1900.0,2.0,2.5,1098.0,0,0,0,0,12,30
530373,Spruce Grove,Alberta,41 Ventura Street,53.5594979,-113.8846642,duplex,1850.0,3.0,1.5,1100.0,0,0,1,1,12,30
351456,Spruce Grove,Alberta,Millgrove,53.544757,-113.9207759,house,1800.0,3.0,2.0,1450.0,0,0,1,1,6,61
557930,Spruce Grove,Alberta,50 Heatherglen Drive,53.5538836,-113.9273328,apartment,2000.0,2.0,2.0,1134.0,0,0,1,1,12,365
560629,St. Albert,Alberta,130 Element Dr NW,53.6741018,-113.6351295,townhouse,2895.0,3.0,2.5,1560.0,0,0,1,1,12,0
333577,St. Albert,Alberta,20 AND 22 Nevada Place,53.6397935,-113.6730457,apartment,1600.0,2.0,1.0,861.0,0,0,1,1,12,0
454505,St. Albert,Alberta,10 Vandelor Road,53.6386528,-113.6705714,apartment,2042.0,3.0,2.0,1040.0,0,0,1,1,12,30
572582,St. Albert,Alberta,14 Hansen Close,53.6108262,-113.6248692,house,5800.0,3.0,3.0,2100.0,1,0,1,1,3,0
288140,St. Albert,Alberta,1 Vandelor Road,53.630475,-113.625642,apartment,1850.0,2.0,2.0,897.0,0,0,1,1,12,0
572111,St. Albert,Alberta,Elko Bend,53.6780343,-113.6347569,duplex,2850.0,3.0,2.5,1620.0,0,0,0,0,12,0
571890,St. Albert,Alberta,29 Grenfell Avenue,53.6185418,-113.6345239,basement,1500.0,1.0,1.0,1000.0,0,0,1,0,12,0
570936,St. Albert,Alberta,81 Estate Way East,53.6902253,-113.5817702,house,5500.0,4.0,3.5,3800.0,0,0,1,1,12,0
434619,St. Albert,Alberta,600 Bellerose Drive,53.6672511,-113.6065147,townhouse,1800.0,2.0,2.0,1094.0,0,0,0,1,12,0
487385,St. Albert,Alberta,17 Sheridan Dr,53.6254668,-113.6137838,basement,1350.0,1.0,1.0,1000.0,0,0,0,0,12,0
479450,St. Albert,Alberta,96 Grosvenor Blvd,53.617544,-113.625967,apartment,1547.0,2.0,1.0,750.0,0,0,1,1,12,0
512920,St. Albert,Alberta,187 Grandin Village,53.6186387,-113.6420419,apartment,780.0,1.0,1.0,1200.0,1,0,0,0,12,0
371395,St. Albert,Alberta,75 Mission Avenue,53.6338325,-113.6399443,apartment,1175.0,2.0,1.0,925.0,0,0,0,0,6,0
486840,St. Albert,Alberta,2 Eldon Court,53.666727,-113.6111539,basement,1350.0,1.0,1.0,950.0,0,0,0,0,12,0
518193,St. Albert,Alberta,4 Grange Dr,53.62048,-113.617624,apartment,1403.0,1.0,1.0,750.0,0,0,1,0,12,38
289578,St. Albert,Alberta,500 Rivercrest Cres.,53.640173,-113.622622,apartment,1289.0,1.0,1.0,736.0,0,0,1,1,12,43
428566,St. Albert,Alberta,16 Livingstone Crescent,53.6509426,-113.639498,basement,1700.0,3.0,1.0,1151.0,0,0,1,1,12,25
549694,St. Albert,Alberta,36 Akins Drive,53.6298391,-113.593258,basement,1350.0,2.0,1.0,1000.0,0,0,1,1,12,30
495883,St. Albert,Alberta,52/53- 50 Edinburgh Court North,53.67336,-113.6285,duplex,2750.0,3.0,2.5,1575.0,0,0,1,1,12,45
347016,St. Albert,Alberta,20 Norman Court,53.644775,-113.668022,townhouse,2495.0,3.0,2.5,1270.0,0,0,0,0,12,61
568503,St. Albert,Alberta,20 Executive Way North,53.6705081,-113.6203309,basement,1575.0,1.0,1.0,1200.0,1,0,0,0,6,365
569171,Stony Plain,Alberta,2 Campbell Crescent East,53.5250963,-113.9932249,house,1800.0,2.0,1.0,1000.0,0,0,0,0,12,0
566392,Stony Plain,Alberta,AB-628,53.503708134495,-113.983407826025,house,3000.0,3.0,3.0,1500.0,0,0,1,1,12,0
570499,Stony Plain,Alberta,4309 33rd Street,53.538766,-113.9755757,apartment,1600.0,2.0,2.0,756.0,0,0,0,0,12,0
265122,Stony Plain,Alberta,151 Brookview Way,53.5350656,-113.9795454,house,1899.0,3.0,1.5,1500.0,0,0,1,1,12,30
569725,Stony Plain,Alberta,4309 33 Street,53.538766,-113.9755757,apartment,1600.0,2.0,2.0,790.0,0,1,1,0,12,30
501202,Stony Plain,Alberta,20 South Creek Wynd,53.525513,-113.9696843,duplex,2000.0,3.0,2.5,1438.0,0,0,0,0,6,30
466447,Strathmore,Alberta,250082,51.112720838973,-113.076924035132,house,2100.0,3.0,1.0,1400.0,0,0,1,1,12,0
489147,Strathmore,Alberta,7 Bayside Place,51.0544579,-113.390375,townhouse,1800.0,2.0,1.0,842.0,0,0,0,0,12,0
569665,Strathmore,Alberta,227 3 Avenue,51.0415873,-113.3964318,townhouse,1900.0,3.0,3.0,1275.0,0,0,0,0,12,0
572480,Strathmore,Alberta,828 Brentwood Crescent,51.0577955,-113.3904747,house,1600.0,3.0,1.0,1100.0,0,2,0,1,12,24
571098,Strathmore,Alberta,324 4 Avenue,51.0400701,-113.3981968,apartment,1500.0,2.0,2.0,940.0,0,0,0,0,12,30
382877,Strathmore,Alberta,228 6 Ave,51.039704,-113.3947654,apartment,1855.0,2.0,1.0,900.0,0,0,1,1,12,30
570410,Strathmore,Alberta,341 Strathford Boulevard,51.0636855,-113.3833315,house,2600.0,5.0,3.0,2200.0,0,0,0,1,12,30
359584,Strathmore,Alberta,103 Strathaven Drive,51.0601711,-113.3784543,apartment,1450.0,2.0,1.0,794.0,0,0,0,0,6,30
475580,Strathmore,Alberta,307 3 Avenue,51.0412052,-113.3977842,townhouse,1950.0,3.0,1.5,1205.0,0,0,1,1,12,60
536005,Strathmore,Alberta,319 2 Avenue,51.0418063,-113.3990232,apartment,2100.0,2.0,1.0,728.0,0,0,1,1,12,61
564991,Strathmore,Alberta,233064 Range Road 245,50.9761151,-113.3309993,house,5995.0,5.0,2.0,1277.93,0,0,1,1,12,122
555731,Sylvan Lake,Alberta,124 Crestview Boulevard,52.2926148,-114.0918581,townhouse,2040.0,3.0,2.5,1260.0,0,0,0,0,12,30
571189,Sylvan Lake,Alberta,4132 Ryders Ridge Boulevard,52.2925899,-114.07835,townhouse,2600.0,3.0,4.0,1600.0,2,0,1,1,6,365
426806,Sylvan Lake,Alberta,3 Broadway Rise,52.290447,-114.0984,apartment,1720.0,2.0,2.0,853.0,0,0,0,0,12,0
532362,Wainwright,Alberta,1304 1 Ave.,52.83007,-110.854569,apartment,900.0,2.0,1.0,920.0,0,0,0,0,12,0
525878,Wainwright,Alberta,1101 14 Street,52.8409207,-110.8499953,apartment,925.0,2.0,1.0,986.0,0,0,0,0,12,0
531654,Wainwright,Alberta,506 16 Street,52.8333088,-110.8479508,apartment,975.0,3.0,1.0,888.0,0,0,0,0,12,0
486624,Westlock,Alberta,10519 102 Street,54.153847,-113.847658,apartment,1095.0,2.0,1.0,850.0,0,1,0,0,12,0
481088,Wetaskiwin,Alberta,5714 47 Street,52.976301,-113.3680363,apartment,1175.0,2.0,1.0,970.0,0,0,0,0,12,0
334167,Wetaskiwin,Alberta,5327 38 Avenue,52.9568703,-113.3845606,townhouse,1189.0,2.0,1.0,900.0,0,0,1,1,12,0
334193,Wetaskiwin,Alberta,3901-3933 54A St,52.9583352,-113.385347,townhouse,1399.0,2.0,1.0,870.0,0,0,1,1,12,0
334166,Wetaskiwin,Alberta,5716 50 Avenue,52.9715796,-113.3928823,townhouse,1669.0,3.0,1.0,970.0,0,0,1,1,12,0
334236,Wetaskiwin,Alberta,3813-3815 53A Street,52.9573353,-113.3822821,townhouse,1159.0,2.0,1.0,930.0,0,0,1,1,12,0
526282,Wetaskiwin,Alberta,3809 52 Street,52.9575088,-113.3793684,apartment,950.0,2.0,1.0,700.0,0,0,0,0,12,0
334207,Wetaskiwin,Alberta,3725 53 Street,52.9553533,-113.3808118,townhouse,1519.0,3.0,1.0,1000.0,0,0,1,1,12,0
334202,Wetaskiwin,Alberta,5116 53 Avenue,52.972501,-113.3773561,apartment,1359.0,2.0,1.0,875.0,0,0,1,1,12,0
334198,Wetaskiwin,Alberta,5101 52 Avenue,52.9714442,-113.3760487,apartment,1384.0,2.0,1.0,900.0,0,0,1,1,12,0
334173,Wetaskiwin,Alberta,5411 39 Avenue,52.958012,-113.3870763,apartment,1129.0,2.0,1.0,830.0,0,0,1,1,12,0
334194,Wetaskiwin,Alberta,4524 53 Street,52.966865,-113.381577,apartment,1319.0,2.0,1.0,720.0,0,0,1,1,12,0
334199,Wetaskiwin,Alberta,5108 51 Street,52.9710413,-113.3758876,apartment,1389.0,2.0,1.0,725.0,0,0,1,1,12,0
467315,Wetaskiwin,Alberta,5730 52 St.,52.977889660497,-113.37774306348,apartment,875.0,0.0,1.0,415.0,0,0,1,1,12,61
490106,Wetaskiwin,Alberta,5206 53 St.,52.972916085046,-113.38044290911,apartment,1200.0,2.0,1.0,800.0,0,0,1,1,12,30
534488,Wetaskiwin,Alberta,3901 54 Street,52.9586332,-113.3837806,apartment,1200.0,2.0,1.0,1000.0,0,0,1,0,12,365
533041,Whitecourt,Alberta,3405 Kepler Street,54.1199092,-115.6518857,apartment,995.0,0.0,1.0,450.0,1,0,0,0,12,0
289218,Abbotsford,British Columbia,33298 Robertson Ave.,49.0480245,-122.3016014,apartment,1225.0,0.0,1.0,450.0,0,0,1,1,12,0
372794,Abbotsford,British Columbia,2441 Countess Street,49.0467896,-122.3403783,apartment,2100.0,2.0,1.0,765.0,0,0,0,0,12,0
504025,Abbotsford,British Columbia,33633 King Road,49.03155,-122.29197,apartment,1600.0,1.0,1.0,533.0,0,0,1,1,12,0
289212,Abbotsford,British Columbia,33136 George Ferguson Way,49.0525533,-122.3063224,apartment,1550.0,1.0,1.0,700.0,0,0,1,1,12,0
289223,Abbotsford,British Columbia,33263 Bourquin Cres. E.,49.0473267,-122.302707,apartment,1225.0,0.0,1.0,430.0,0,0,1,1,12,0
289220,Abbotsford,British Columbia,33184 George Ferguson Way,49.0529704,-122.3049447,apartment,1550.0,1.0,1.0,675.0,0,0,1,1,12,0
289205,Abbotsford,British Columbia,33710 Marshall Road,49.0385982,-122.2895657,apartment,1450.0,1.0,1.0,680.0,0,0,1,1,12,0
289411,Abbotsford,British Columbia,33361 Old Yale Road,49.0509254,-122.3003288,apartment,1625.0,1.0,1.0,846.0,0,0,1,1,12,0
289402,Abbotsford,British Columbia,2929/2959 Tims Street,49.0555268,-122.3337081,apartment,1375.0,1.0,1.0,543.0,0,0,1,1,12,0
289210,Abbotsford,British Columbia,2485 Hill-Tout Street,49.047482,-122.346046,apartment,1200.0,0.0,1.0,666.0,0,0,1,1,12,0
572304,Abbotsford,British Columbia,2120 Gladwin Road,49.0407802,-122.3152678,apartment,1850.0,1.0,1.0,659.0,0,0,0,0,12,14
330970,Abbotsford,British Columbia,1918 McCallum Road,49.037445582799,-122.29306810423,apartment,2100.0,1.0,1.0,727.0,0,0,1,0,12,30
330963,Abbotsford,British Columbia,1916 McCallum Road,49.0370057,-122.2932073,apartment,1525.0,1.0,1.0,650.0,0,0,1,0,12,30
477177,Burnaby,British Columbia,4733 Hazel St,49.229148,-122.998158,apartment,3257.0,1.0,1.0,490.0,0,0,1,1,12,0
343047,Burnaby,British Columbia,4769 Hazel Street,49.22899,-122.996792,apartment,2964.0,2.0,1.0,835.0,0,0,1,1,12,0
262965,Burnaby,British Columbia,8950 University High Street,49.2782164,-122.9116769,apartment,2479.0,1.0,1.0,623.0,0,0,0,0,12,0
520886,Burnaby,British Columbia,3866 Evergreen Pl,49.250125543441,-122.89344223174,apartment,3150.0,1.0,2.0,715.0,0,0,1,1,12,0
534917,Burnaby,British Columbia,7465 13 Avenue,49.21687,-122.939055,apartment,2225.0,1.0,1.0,701.0,0,0,1,1,12,0
417995,Burnaby,British Columbia,5051 Lougheed Highway,49.2657426,-122.9909266,apartment,2775.0,2.0,1.0,800.0,0,0,0,0,12,0
393076,Burnaby,British Columbia,4390 Grange Street,49.231898,-123.006241,apartment,3675.0,2.0,1.0,1044.0,0,0,1,1,12,30
477777,Burnaby,British Columbia,7425 18th Avenue,49.220704,-122.943504,apartment,2295.0,1.0,1.0,654.0,0,0,1,1,12,30
330276,Burnaby,British Columbia,9500 Erickson Drive,49.2521063,-122.9012243,apartment,2492.96,1.0,1.0,734.0,0,0,0,0,12,0
567239,Burnaby,British Columbia,7328 Arcola Street,49.2189624,-122.9517629,apartment,3300.0,2.0,2.0,850.0,0,0,0,0,12,0
539006,Burnaby,British Columbia,5050 Sanders Street,49.2275631,-122.9937076,apartment,2545.0,1.0,1.0,602.0,0,0,1,1,12,0
571018,Burnaby,British Columbia,6537 Telford Avenue,49.2242258,-123.0048943,apartment,2900.0,2.0,1.0,601.0,0,0,0,0,12,0
330277,Burnaby,British Columbia,9304 Salish Court,49.2513663,-122.9018113,apartment,2449.0,1.0,1.0,778.0,0,0,0,0,12,0
501609,Burnaby,British Columbia,4132 Halifax Street,49.2678258,-123.012726,apartment,4250.0,2.0,2.0,1100.0,1,0,1,1,12,0
570021,Burnaby,British Columbia,6537 Telford Avenue,49.2242258,-123.0048943,apartment,4500.0,3.0,2.0,1042.0,0,0,0,0,12,0
565257,Burnaby,British Columbia,2378 Alpha Avenue,49.2630858,-122.9999578,apartment,2800.0,1.0,1.0,550.0,1,0,0,0,12,0
330281,Burnaby,British Columbia,9303 Salish Court,49.252326,-122.9020242,apartment,3270.03,2.0,1.0,1030.0,0,0,0,0,12,30
408428,Burnaby,British Columbia,7360 HALIFAX ST,49.2675262,-122.9488441,apartment,2572.72,1.0,1.0,711.0,0,0,0,0,12,30
330259,Burnaby,British Columbia,9502 Erickson Drive,49.251154,-122.900999,apartment,2742.69,2.0,1.0,991.0,0,0,0,0,12,43
408429,Burnaby,British Columbia,7376 HALIFAX ST,49.2675501,-122.9481381,apartment,2577.72,1.0,1.0,711.0,0,0,0,0,12,39
563061,Burnaby,British Columbia,4890 Lougheed Highway,49.265113544313,-122.993344482001,apartment,2600.0,1.0,1.0,719.0,0,0,0,0,12,365
481739,Campbell River,British Columbia,511 Dogwood Street South,49.997233187903,-125.24545045851,apartment,2248.0,2.0,2.0,956.0,0,0,1,1,12,0
545781,Campbell River,British Columbia,2338 South Island Highway,49.9697317,-125.2131319,apartment,2349.0,2.0,2.0,991.0,0,0,1,1,12,0
330890,Campbell River,British Columbia,525 Dogwood Street South,49.998088,-125.245722,apartment,1898.0,2.0,2.0,897.0,0,0,1,1,12,0
545780,Campbell River,British Columbia,2036 South Island Highway,49.9724166,-125.2201394,apartment,2379.0,2.0,2.0,923.0,0,0,1,1,12,0
539128,Campbell River,British Columbia,2221 Dalton Road,49.970201,-125.2178888,apartment,2175.0,2.0,2.0,861.0,0,0,1,1,12,30
549449,Campbell River,British Columbia,854 South Island Highway,49.9918755,-125.2284413,apartment,2050.0,2.0,2.0,774.0,0,0,1,1,12,30
571027,Campbell River,British Columbia,704 Galerno Road,49.9947408,-125.2334748,house,3900.0,4.0,3.0,2000.0,2,0,0,1,6,49
530056,Chilliwack,British Columbia,401 44561 Skylark Road,49.165755,-121.987955,apartment,1950.0,2.0,2.0,828.0,0,0,1,1,12,0
511576,Chilliwack,British Columbia,43685 Parkstone Way,49.164254459832,-121.98824505001,apartment,2145.0,2.0,2.0,980.0,0,0,1,1,12,0
512686,Chilliwack,British Columbia,45434 Willowstream,49.1656036,-121.9879074,townhouse,2950.0,3.0,2.5,1800.0,0,0,1,1,12,0
468325,Chilliwack,British Columbia,46180 Thomas Road,49.1108589,-121.9506977,apartment,1995.0,2.0,2.0,881.0,0,0,1,1,12,30
497636,Colwood,British Columbia,3554-A Ryder Hesjedal Way,48.4082719,-123.4913797,apartment,2355.0,1.0,1.0,608.0,0,0,1,1,12,0
563889,Coquitlam,British Columbia,608 Regan Ave,49.2620525,-122.8864815,apartment,2350.0,1.0,1.0,495.0,0,0,1,1,12,0
533626,Coquitlam,British Columbia,551 Emerson Street,49.26056,-122.88787,apartment,2650.0,1.0,1.0,521.0,0,0,1,1,12,0
399386,Coquitlam,British Columbia,951 Charland Avenue,49.2482888,-122.8693487,apartment,2015.0,1.0,1.0,518.0,0,0,0,0,12,0
531823,Coquitlam,British Columbia,751 Clarke Road,49.26739,-122.881782,apartment,2095.0,1.0,1.0,636.0,0,0,1,1,12,0
531822,Coquitlam,British Columbia,1114 & 1132 Howie Street,49.250524,-122.86185,apartment,2195.0,1.0,1.0,560.0,0,0,1,1,12,30
398574,Coquitlam,British Columbia,573 Foster Ave,49.2567853,-122.889567,apartment,3150.0,2.0,2.0,845.0,0,0,1,1,12,61
563557,Coquitlam,British Columbia,535 & 555 Shaw Avenue,49.2444102,-122.888433,apartment,2753.97,2.0,1.0,909.0,0,0,0,0,12,0
472698,Coquitlam,British Columbia,1000 Brunette Avenue,49.2372105,-122.8667376,apartment,2295.0,1.0,1.0,570.0,0,0,1,1,12,0
369495,Coquitlam,British Columbia,1200 Howie Avenue,49.250266,-122.858809,apartment,2100.0,1.0,1.0,750.0,0,0,0,0,12,0
563559,Coquitlam,British Columbia,717 Como Lake Avenue,49.2637824,-122.8816623,apartment,2000.0,0.0,1.0,499.0,0,0,1,1,12,0
571793,Coquitlam,British Columbia,1182 Westwood Street,49.2818152,-122.7910476,apartment,3995.0,3.0,2.0,979.0,0,0,1,1,12,92
560859,Courtenay,British Columbia,801 Ryan Road,49.699,-124.98649,apartment,1100.0,1.0,1.0,635.0,0,0,1,1,12,0
474801,Courtenay,British Columbia,1248 9th Street,49.682029348812,-125.00907469577,apartment,1795.0,1.0,1.0,850.0,0,0,1,0,12,61
298400,Dawson Creek,British Columbia,"900, 901 & 904 - 100A Avenue",55.7608533,-120.22687,apartment,1449.0,2.0,1.0,826.0,0,0,1,1,12,30
567119,Duncan,British Columbia,3281 Skinner Road,48.79051762969,-123.73635193967,apartment,1645.0,1.0,1.0,554.0,0,0,1,1,12,14
400565,Duncan,British Columbia,2541 Dingwall Street,48.7828815,-123.6964372,apartment,1450.0,2.0,1.0,895.0,0,0,0,0,12,0
551941,Duncan,British Columbia,4114 Crosland Place,48.7988542,-123.7201753,apartment,2000.0,2.0,2.0,935.0,0,0,1,1,12,30
460893,Duncan,British Columbia,300 Government Street,48.7781063,-123.7123691,apartment,1650.0,1.0,1.0,510.0,0,0,1,1,12,30
306807,Fort St John,British Columbia,10804-10812 102 Avenue,56.2483683,-120.8605276,apartment,1485.0,2.0,2.0,890.0,0,0,1,1,12,29
553101,Golden,British Columbia,612 7 Street North,51.3016517,-116.9705227,apartment,2100.0,1.0,1.0,691.0,0,0,1,1,12,365
549131,Invermere,British Columbia,4926 Timber Ridge Road,50.4909034,-115.9896349,house,2950.0,3.0,2.0,1639.0,1,0,0,0,6,92
357116,Kamloops,British Columbia,3201 Valleyview Drive,50.670143906487,-120.22682388089,apartment,1948.0,2.0,2.0,931.0,0,0,1,1,12,0
441141,Kamloops,British Columbia,945 Victoria Street West,50.680276,-120.3617333,apartment,2115.0,2.0,2.0,911.0,0,0,1,1,12,30
436657,Kamloops,British Columbia,196 Yew St,50.6929219,-120.3605311,apartment,1600.0,1.0,1.0,522.0,0,0,1,1,12,0
359930,Kamloops,British Columbia,2370 PACIFIC WAY,50.635897,-120.370374,apartment,2139.0,2.0,1.0,845.0,0,0,1,1,12,30
485873,Kamloops,British Columbia,380 Pemberton Terrace,50.6719242,-120.3471953,apartment,2500.0,0.0,0.0,1029.0,0,0,1,1,12,61
412472,Kelowna,British Columbia,3477 Lakeshore Road,49.8546058,-119.4894526,apartment,2050.0,1.0,1.0,564.0,1,0,1,1,6,14
480831,Kelowna,British Columbia,1229 Richter Street,49.893237906419,-119.48804770148,apartment,2595.0,2.0,1.0,895.0,0,0,1,1,12,0
539597,Kelowna,British Columbia,1975 Dilworth Drive,49.8797746,-119.4368811,apartment,1995.0,1.0,1.0,504.0,0,0,1,1,12,0
417322,Kelowna,British Columbia,1469 K. L. O. Road,49.8602095,-119.4670319,apartment,1953.6,1.0,1.0,659.0,0,0,1,1,12,0
352755,Kelowna,British Columbia,724 Valley Road,49.9030454,-119.4524448,apartment,2700.0,2.0,2.0,948.0,0,0,1,1,12,0
501971,Kelowna,British Columbia,773 Glenmore Road,49.9024681,-119.4530098,apartment,2205.0,1.0,1.0,720.0,0,0,1,1,12,0
552754,Kelowna,British Columbia,1777 Water Street,49.8821686,-119.4961597,apartment,1695.0,1.0,1.0,732.0,1,0,1,0,12,0
512858,Kelowna,British Columbia,1520 Westside Road S,49.8853592,-119.5439327,apartment,1599.0,0.0,1.0,346.0,0,0,1,1,12,0
513677,Kelowna,British Columbia,3475 Granite Close,49.9869656,-119.447202,apartment,3450.0,2.0,2.0,1200.0,1,0,0,1,6,0
505491,Kelowna,British Columbia,1370 Ridgeway Drive,49.8916386,-119.4581486,apartment,2095.0,2.0,2.0,1096.0,0,0,0,0,12,0
506314,Kelowna,British Columbia,3641 Elliott Road,49.83181,-119.63079,apartment,1847.37,1.0,1.0,671.0,0,0,1,1,12,0
417044,Kelowna,British Columbia,1588 Ellis Street,49.8854991,-119.4939247,apartment,1600.0,0.0,1.0,315.0,0,0,0,0,12,0
569987,Kelowna,British Columbia,Groves Ave,49.8636816,-119.4922656,apartment,8500.0,2.0,2.0,1500.0,0,0,0,0,6,0
467328,Kelowna,British Columbia,1155 Brookside Ave,49.8782174,-119.475861,townhouse,1795.0,1.0,1.0,625.0,0,0,0,0,12,0
533733,Kelowna,British Columbia,1217 Pettman Road,49.90063,-119.5489,house,3100.0,3.0,1.5,1388.0,0,0,1,1,12,0
568385,Kelowna,British Columbia,1508 Highland Drive North,49.8930264,-119.4652763,house,3500.0,3.0,3.0,2484.0,1,0,1,1,3,0
534444,Kelowna,British Columbia,445 Yates Road,49.9146353,-119.4490446,apartment,1450.0,1.0,2.0,400.0,1,0,0,0,12,0
535746,Kelowna,British Columbia,1102 Cameron Avenue,49.8714542,-119.4759329,townhouse,2950.0,2.0,2.5,1648.0,1,0,0,0,12,0
559018,Kelowna,British Columbia,2396 Dubbin Road,49.9659412,-119.4592663,house,8500.0,4.0,3.5,2200.0,1,0,0,0,6,0
273170,Kelowna,British Columbia,420 Valley Road,49.91383,-119.4423616,apartment,2168.0,2.0,2.0,936.0,0,0,1,1,12,30
375603,Kelowna,British Columbia,"1310, 1311, 1312, 1314 Lawson Avenue",49.8870808,-119.4697686,apartment,1575.0,1.0,1.0,742.0,0,0,0,0,12,30
572187,Kelowna,British Columbia,2662 Grenfell Road,49.8667627,-119.4818443,house,2100.0,2.0,1.5,800.0,0,0,0,0,12,30
490657,Kelowna,British Columbia,756 Glenwood Avenue,49.8756202,-119.4867464,townhouse,2995.0,3.0,2.5,1248.0,0,0,0,0,12,30
525273,Kelowna,British Columbia,3626 Mission Springs Drive,49.8537194,-119.4779983,apartment,2500.0,2.0,2.0,927.0,0,0,0,0,12,61
565938,Kelowna,British Columbia,654 Cook Rd,49.8458663,-119.4861527,apartment,2350.0,1.0,1.0,800.0,1,0,0,0,6,91
570405,Kelowna,British Columbia,654 Cook Rd,49.845817652396,-119.486194476196,apartment,2800.0,2.0,2.0,972.0,1,0,0,0,12,92
458722,Kelowna,British Columbia,3384 Lavender Lane,49.9857588,-119.4413379,duplex,4990.0,3.0,2.5,1800.0,1,0,0,1,6,92
541503,Kelowna,British Columbia,654 Cook Rd,49.8460866,-119.4869541,apartment,3000.0,2.0,2.0,960.0,1,0,0,0,12,92
548256,Kitimat,British Columbia,4 Omenica Street,54.0447849,-128.66188,house,2700.0,3.0,1.0,1250.0,0,2,1,0,12,0
482152,Ladysmith,British Columbia,107 Rollie Rose Drive,48.9777725,-123.8126648,apartment,2295.0,2.0,2.0,870.0,0,0,1,1,12,30
440548,Ladysmith,British Columbia,385 Davis Road,48.976628,-123.8043,apartment,2695.0,2.0,2.0,1080.0,0,0,1,1,12,44
404544,Lake Country,British Columbia,10650 Bottom Wood Lake Road,50.0349519,-119.4030071,apartment,2135.0,2.0,2.0,1050.0,0,0,1,1,12,0
387713,Lake Country,British Columbia,3570 Woodsdale Road,50.051522760822,-119.392468517969,townhouse,3450.0,4.0,2.5,2200.0,1,0,0,0,3,92
524548,Langford,British Columbia,920 Reunion Avenue Reunion Avenue,48.437417284217,-123.50944630688,apartment,2400.0,1.0,1.0,575.0,0,0,1,1,12,0
400047,Langford,British Columbia,2885 Jacklin Road,48.4452703,-123.5082018,apartment,2495.0,2.0,2.0,939.0,0,0,0,0,12,29
499940,Langford,British Columbia,101 - 665 Redington Avenue,48.4592238,-123.4947418,apartment,2870.0,2.0,2.0,1009.0,0,0,0,0,12,60
477792,Langley,British Columbia,5363 201 Street,49.0999245,-122.6688268,apartment,2060.0,1.0,1.0,585.0,0,0,1,1,12,0
534914,Langley,British Columbia,5335 200a Ave,49.0995061,-122.6679214,apartment,2775.0,2.0,1.0,833.0,0,0,1,1,12,0
477799,Langley,British Columbia,20839 78B Avenue,49.1455063,-122.6432998,apartment,2110.0,1.0,1.0,574.0,0,0,1,1,12,0
533713,Langley,British Columbia,20449 Park Ave,49.102732376757,-122.65518519586,apartment,2790.0,2.0,1.0,899.0,0,0,1,1,12,0
477795,Langley,British Columbia,8026 207th Street,49.148252,-122.648416,apartment,2775.0,2.0,1.0,1268.0,0,0,1,1,12,0
477789,Langley,British Columbia,5411 208 Street,49.100614,-122.646909,apartment,2195.0,2.0,1.0,874.0,0,0,1,1,12,0
558692,Langley,British Columbia,20055 84 Avenue,49.155740115539,-122.66620437169,apartment,2100.0,1.0,1.0,618.0,0,0,0,0,12,0
477793,Langley,British Columbia,5393 201 Street,49.1004558,-122.6691217,apartment,2730.0,2.0,1.0,973.0,0,0,1,1,12,30
478004,Langley,British Columbia,5300 207 Street,49.100267,-122.64895,apartment,2835.0,3.0,1.0,1124.0,0,0,1,1,12,30
395828,Langley,British Columbia,20159 88th Avenue,49.1657602,-122.6632011,apartment,2600.0,2.0,2.0,860.0,0,0,0,0,12,0
562158,Langley,British Columbia,20051 55A Avenue,49.1032975,-122.6673132,apartment,1895.0,1.0,1.0,610.0,0,0,1,1,12,0
526264,Langley,British Columbia,5477 200 Street,49.1018627,-122.6691053,apartment,2649.0,2.0,2.0,894.0,0,0,0,0,12,0
330974,Langley,British Columbia,4871 221st Street,49.090909407303,-122.61156794418,apartment,2545.0,2.0,2.0,860.0,0,0,1,1,12,0
457438,Langley,British Columbia,20290 86 Ave,49.158995,-122.659797,apartment,3500.0,3.0,2.0,1700.0,0,0,0,0,12,30
479053,Langley,British Columbia,5415 Brydon Crescent,49.1010501,-122.6709818,apartment,2500.0,2.0,2.0,875.0,0,0,0,0,12,44
563381,Maple Ridge,British Columbia,22812  127 Avenue,49.2333065,-122.5897182,basement,1675.0,2.0,1.0,900.0,0,0,1,0,12,0
561866,Maple Ridge,British Columbia,12151 224 Street,49.2231455,-122.6018383,apartment,2045.0,1.0,1.0,608.0,0,0,1,1,12,0
538389,Mission,British Columbia,7288 Maple St,49.133592,-122.3152591,apartment,1600.0,1.0,1.0,628.0,0,0,1,1,12,44
568422,Mission,British Columbia,32655 Tunbridge Avenue,49.1621036,-122.3204681,house,1650.0,2.0,1.0,800.0,0,0,0,0,12,0
482048,Nanaimo,British Columbia,6117 Uplands Drive,49.237368256311,-124.03838643953,apartment,1820.0,1.0,1.0,599.0,0,0,0,1,12,0
511003,Nanaimo,British Columbia,"6971, 6973, 6975 Island Highway North",49.240558,-124.057709,apartment,1720.0,1.0,1.0,560.0,0,0,1,1,12,0
513651,Nanaimo,British Columbia,775 Terminal Avenue North,49.1798166,-123.9496024,apartment,1825.0,1.0,1.0,598.0,0,0,0,0,12,0
539018,Nanaimo,British Columbia,4831 Cedar Ridge Place,49.214684,-124.023216,apartment,2750.0,2.0,2.0,944.0,0,0,1,1,12,0
545777,Nanaimo,British Columbia,1 Chapel St.,49.1698672,-123.9383176,apartment,2092.0,2.0,1.0,827.0,0,0,1,1,12,0
545778,Nanaimo,British Columbia,149-155 Wakesiah Avenue,49.1694568,-123.9616634,apartment,1575.0,1.0,1.0,481.0,0,0,1,1,12,0
513372,Nanaimo,British Columbia,1820 Summerhill Place,49.1827501,-123.9779365,apartment,1805.0,1.0,1.0,531.0,0,0,0,0,12,0
474802,Nanaimo,British Columbia,2550 Departure Bay Road,49.1987129,-123.9695195,apartment,1695.0,1.0,1.0,765.0,0,0,1,0,12,0
454291,Nanaimo,British Columbia,510 Comox Road,49.1704676,-123.9448301,apartment,1795.0,2.0,1.0,1090.0,0,0,1,0,12,0
440650,Nanaimo,British Columbia,1840 Argyle Avenue,49.2001377,-123.9793219,apartment,2695.0,2.0,1.0,1190.0,0,1,0,0,12,0
403956,Nanaimo,British Columbia,3107 Country Club Dr,49.2047596,-123.9999669,apartment,1850.0,1.0,1.0,670.0,0,0,0,0,12,0
403955,Nanaimo,British Columbia,3148 Barons Road,49.2087885,-124.0013659,apartment,2965.0,0.0,1.0,1348.0,0,0,0,0,12,0
468906,Nanaimo,British Columbia,130 Rosehill Street,49.1767849,-123.9451566,apartment,1595.0,1.0,1.0,775.0,0,0,1,1,12,0
567566,Nanaimo,British Columbia,6651 Dover Road,49.2413846,-124.0497092,house,3400.0,3.0,2.0,2200.0,0,0,1,1,12,0
369493,Nanaimo,British Columbia,2600 Highland Blvd.,49.1977118,-123.9820765,apartment,1550.0,1.0,1.0,700.0,0,0,0,0,12,61
392846,Nanaimo,British Columbia,3326 Rock City Road,49.2141126,-123.9928705,apartment,2050.0,2.0,1.0,850.0,0,0,1,1,12,14
512954,Nanaimo,British Columbia,197 Fourth Street,49.158713334836,-123.94917692024,apartment,1495.0,1.0,1.0,740.0,0,0,1,1,12,14
400048,Nanaimo,British Columbia,3193 Barons Rd,49.2075622,-124.0021585,apartment,1550.0,1.0,1.0,640.0,0,0,0,0,12,29
549450,Nanaimo,British Columbia,1290 Junction Avenue,49.1303918,-123.9259134,apartment,1650.0,1.0,1.0,535.0,0,0,1,1,12,30
561015,Nanaimo,British Columbia,1300 Junction Avenue,49.1303907,-123.9253289,apartment,1650.0,1.0,1.0,535.0,0,0,1,1,12,30
555482,Nanaimo,British Columbia,550 Brechin Road,49.18982,-123.95436,apartment,2245.0,2.0,2.0,754.0,0,0,1,1,12,30
530521,Nanaimo,British Columbia,1280 Junction Avenue,49.1303918,-123.9259134,apartment,2145.0,2.0,2.0,755.0,0,0,1,1,12,30
329959,Nanaimo,British Columbia,6025 Linley Valley Drive,49.225465,-124.030598,apartment,2438.0,2.0,2.0,891.0,0,0,1,1,12,30
446932,Nanaimo,British Columbia,1406 Jingle Pot Road,49.1667398,-123.9614689,townhouse,2095.0,2.0,1.0,898.0,0,0,1,1,12,44
570962,Nanaimo,British Columbia,4961 Songbird Place,49.2161805,-124.0248004,apartment,1950.0,1.0,1.0,625.0,0,0,1,1,12,92
289285,New Westminster,British Columbia,1210 Cameron St.,49.2048937,-122.9281796,apartment,2100.0,1.0,1.0,479.0,0,0,1,1,12,0
477809,New Westminster,British Columbia,315 Agnes Street,49.20694,-122.906629,apartment,2150.0,1.0,1.0,610.0,0,0,1,1,12,0
477810,New Westminster,British Columbia,908 Sixth Avenue,49.211111,-122.924612,apartment,2245.0,1.0,1.0,595.0,0,0,1,1,12,0
400910,New Westminster,British Columbia,321 Agnes Street,49.2069433,-122.9068347,apartment,1650.0,0.0,1.0,374.0,0,0,0,0,12,30
392984,New Westminster,British Columbia,1033 4th Avenue,49.2058717,-122.9254027,apartment,1850.0,1.0,1.0,567.0,0,0,0,0,12,30
537539,New Westminster,British Columbia,435 Ash Street,49.210368,-122.921111,apartment,2220.0,1.0,1.0,636.0,0,0,1,1,12,30
541152,New Westminster,British Columbia,520 Tenth Street,49.20888,-122.925765,apartment,2195.0,1.0,1.0,661.0,0,0,1,1,12,30
534924,New Westminster,British Columbia,1021 Howay Street,49.208522,-122.925965,apartment,2675.0,2.0,1.0,725.0,0,0,1,1,12,30
477805,New Westminster,British Columbia,101 Royal Avenue,49.2099684,-122.9054794,apartment,2195.0,1.0,1.0,680.0,0,0,0,0,12,30
541470,New Westminster,British Columbia,329 Sherbrooke Street,49.227898,-122.894875,apartment,2310.0,1.0,1.0,570.0,0,0,1,1,12,30
477804,New Westminster,British Columbia,1116 Hamilton Street,49.209697,-122.933134,apartment,2255.0,1.0,1.0,660.0,0,0,1,1,12,61
540062,New Westminster,British Columbia,527 Carnarvon Street,49.2045052,-122.9083987,apartment,2125.0,0.0,1.0,419.0,0,0,0,0,12,0
408431,New Westminster,British Columbia,720 Queens Ave,49.2055457,-122.9145222,apartment,2299.0,1.0,1.0,569.0,0,0,0,0,12,0
330250,New Westminster,British Columbia,737 Carnarvon Street,49.202722,-122.911832,apartment,2532.05,1.0,1.0,524.0,0,0,1,1,12,43
463827,New Westminster,British Columbia,900 Carnarvon Street,49.2004922,-122.9150851,apartment,2611.0,1.0,1.0,524.0,0,0,1,1,12,19
318404,New Westminster,British Columbia,820 6th Avenue,49.2105868,-122.9246903,apartment,2200.0,1.0,1.0,622.0,0,0,1,0,12,62
572566,Calgary,Alberta,81 Legacy Boulevard Southeast,50.8621378,-114.0232746,apartment,2200.0,2.0,2.0,984.0,0,0,0,0,12,0
104365,Calgary,Alberta,Forest Lawn,51.0323773,-113.9643598,apartment,1500.0,3.0,1.0,950.0,0,0,1,0,12,0
571007,Calgary,Alberta,9832 3 Street Southeast,50.964384,-114.0597564,house,2300.0,3.0,1.5,1039.0,0,0,0,0,12,0
449912,Calgary,Alberta,174 Creekside Drive Southwest,50.8622491,-114.0778288,basement,1225.0,1.0,1.0,600.0,0,0,1,1,12,0
569083,Calgary,Alberta,315 Southampton Drive Southwest,50.9528843,-114.0864345,townhouse,1700.0,2.0,1.0,815.0,0,0,0,0,12,0
572249,Calgary,Alberta,113 Auburn Crest Lane Southeast,50.8858461,-113.9476858,basement,1750.0,1.0,1.0,650.0,0,0,0,0,12,0
488244,Calgary,Alberta,804 3rd Ave SW,51.0510641,-114.0794273,apartment,3100.0,2.0,2.0,1200.0,2,0,1,1,12,0
367275,Calgary,Alberta,137 Aspen Summit Heath,51.0483099,-114.2091265,house,6499.0,6.0,7.0,4500.0,0,0,0,1,12,0
75443,Calgary,Alberta,1200 6 St SW,51.0413904,-114.0762163,apartment,1550.0,1.0,1.0,643.0,0,0,1,0,12,0
571499,Calgary,Alberta,86 Evanspark Terrace Northwest,51.1707407,-114.1127433,house,2600.0,3.0,2.5,2161.0,0,0,0,0,12,0
571954,Calgary,Alberta,27 Fonda Hill Southeast,51.0508496,-113.9731842,house,1750.0,2.0,1.0,927.0,0,0,0,0,6,0
546407,Calgary,Alberta,200 Herron Mews NE,51.1883856,-114.0484894,basement,1490.0,1.0,1.0,640.0,0,0,0,0,12,0
563178,Calgary,Alberta,215 Mallard Grove Southeast,50.8714116,-113.9283854,house,2795.0,4.0,3.0,2100.0,0,0,1,1,12,0
571537,Calgary,Alberta,3820 Brentwood Road NW,51.086565,-114.128886,apartment,2200.0,2.0,1.0,570.0,0,0,0,0,12,0
143797,Calgary,Alberta,901 10 Avenue SW,51.043560217096,-114.081910545369,apartment,1850.0,1.0,1.0,570.0,0,0,0,0,12,0
568792,Calgary,Alberta,117 Magnolia Crescent Southeast,50.8871717,-113.9073637,house,2800.0,4.0,2.5,2246.0,0,0,0,0,12,0
567189,Calgary,Alberta,Tuscany,51.125202943865,-114.234665031738,house,2450.0,3.0,2.5,1810.0,0,0,0,0,12,0
467867,Calgary,Alberta,42 Rundlelawn Close Northeast,51.074159531438,-113.975274265796,house,2250.0,3.0,1.0,1100.0,0,0,0,0,12,0
402306,Calgary,Alberta,924 18 Avenue Southwest,51.042332682637,-114.080077651448,apartment,1845.0,1.0,1.0,675.0,0,0,0,0,12,0
557129,Calgary,Alberta,1315 14 Avenue Southwest,51.0400639,-114.0923399,apartment,1650.0,0.0,1.0,406.0,0,0,1,1,6,0
522325,Calgary,Alberta,254 Aquila Dr NW,51.18589247913,-114.172266788452,house,2600.0,3.0,2.5,1576.0,0,0,0,0,12,0
570346,Calgary,Alberta,575 Wolf Creek Way Southeast,50.8736197,-114.0068827,basement,1595.0,2.0,1.0,620.0,0,0,0,0,12,0
569392,Calgary,Alberta,205 Riverfront Avenue Southwest,51.0521163,-114.0654144,apartment,1850.0,1.0,1.0,700.0,1,0,0,0,12,0
563807,Calgary,Alberta,50 Cornerstone Passage Northeast,51.16425,-113.9437538,townhouse,2600.0,3.0,2.5,1570.0,0,0,1,1,12,0
569306,Calgary,Alberta,681 Savanna Boulevard Northeast,51.1347216,-113.9496947,apartment,2100.0,2.0,2.0,950.0,0,0,0,0,12,0
529661,Calgary,Alberta,Evanston,51.1677008,-114.1110453,basement,1400.0,1.0,1.0,650.0,0,0,1,1,6,0
560509,Calgary,Alberta,416 Seton Circle Southeast,50.8680116,-113.9545877,townhouse,1595.0,1.0,1.0,518.0,0,0,0,0,12,0
570402,Calgary,Alberta,Martindale,51.1185728,-113.9678866,house,2950.0,4.0,2.5,1600.0,0,0,0,0,12,0
568679,Calgary,Alberta,3222 New Brighton Gardens Southeast,50.9140792,-113.9530468,townhouse,2395.0,2.0,2.5,1140.0,0,0,1,1,12,0
81172,Calgary,Alberta,Tuxedo,51.0731776,-114.0611162,townhouse,2580.0,3.0,2.5,1450.0,0,0,1,1,12,0
570653,Calgary,Alberta,3296 New Brighton Gardens Southeast,50.9145555,-113.9533121,townhouse,2350.0,2.0,2.5,1248.0,0,0,1,1,12,0
469604,Calgary,Alberta,1426 23rd Ave NW,51.0734729,-114.0936291,townhouse,3200.0,3.0,3.5,1461.0,0,0,1,1,12,0
566885,Calgary,Alberta,51 St. Moritz Terrace SW,51.0367026,-114.2134302,house,3750.0,4.0,3.5,1808.0,0,0,0,0,12,0
554991,Calgary,Alberta,135 13 Avenue Southwest,51.0404268,-114.0655678,apartment,4495.0,2.0,1.5,1300.0,1,0,0,0,6,0
568739,Calgary,Alberta,Arbour Lake,51.132493257241,-114.203680109448,apartment,800.0,1.0,1.0,1503.0,0,0,0,0,12,0
571182,Calgary,Alberta,Walden,50.8662084,-114.0108278,basement,1350.0,1.0,1.0,600.0,0,0,0,0,12,0
519613,Calgary,Alberta,32 Red Embers Parade,51.1677695,-113.9546899,townhouse,2250.0,3.0,3.5,1011.0,0,0,0,0,12,0
571321,Calgary,Alberta,3101 34 Avenue Northwest,51.0828209,-114.12686,apartment,2300.0,1.0,1.0,833.0,0,0,0,1,12,0
568124,Calgary,Alberta,Westgate,51.0476033,-114.1634751,house,3500.0,3.0,2.0,1100.0,0,0,1,1,12,0
571176,Calgary,Alberta,28 Amblehurst Link Northwest,51.1845622,-114.1127084,basement,1650.0,2.0,1.0,950.0,0,0,0,0,12,0
571869,Calgary,Alberta,Livingston,51.1837534,-114.0802074,apartment,1800.0,1.0,1.5,675.0,0,0,0,0,6,0
569266,Calgary,Alberta,167 Sandstone Road Northwest,51.1329429,-114.0948967,house,1990.0,3.0,1.0,1080.0,0,0,0,0,12,0
378238,Calgary,Alberta,17 Red Sky Lane NE,51.193275759743,-113.944787332617,basement,1450.0,2.0,1.0,950.0,2,0,1,1,6,0
569567,Calgary,Alberta,514 30 Street Northwest,51.0562816,-114.1305907,house,2550.0,2.0,1.0,806.0,0,2,1,1,6,0
571973,Calgary,Alberta,125 Wolf Hollow Crescent Southeast,50.8743303,-114.001993,apartment,2400.0,2.0,1.0,734.0,0,0,1,1,12,0
553104,Calgary,Alberta,1500 7 Street Southwest,51.0387704,-114.0790614,apartment,2250.0,1.0,1.0,515.0,1,0,1,1,12,0
571894,Calgary,Alberta,8948 Elbow Drive SW,50.9720344,-114.0820152,apartment,2300.0,2.0,2.0,886.0,0,0,1,0,12,0
571915,Calgary,Alberta,New Brighton,50.9266306,-113.9538087,duplex,2700.0,3.0,3.5,1331.0,0,0,0,0,12,0
569686,Calgary,Alberta,1305 1319 14 AVE SW,51.0401695,-114.0926739,apartment,1500.0,0.0,1.0,432.0,0,0,0,0,12,0
571958,Calgary,Alberta,27 Fonda Hill Southeast,51.0508496,-113.9731842,basement,1499.0,2.0,1.0,927.0,0,0,0,0,6,0
138042,Calgary,Alberta,30 Brentwood Common Northwest,51.0872517,-114.1285679,apartment,2350.0,2.0,1.0,600.0,1,0,0,0,6,0
527295,Calgary,Alberta,BSMT 102 Creekstone Path Southwest,50.8623029,-114.0619143,basement,1350.0,1.0,1.0,650.0,0,0,0,0,12,0
567301,Calgary,Alberta,360 Harvest Hills Way Northeast,51.1534806,-114.0420103,apartment,2100.0,2.0,2.0,750.0,0,0,0,0,12,0
571994,Calgary,Alberta,910 5 Avenue Southwest,51.0490442,-114.0815626,apartment,1900.0,1.0,1.0,715.0,0,0,0,0,12,0
571611,Calgary,Alberta,Beddington,51.1280907,-114.063387,house,2500.0,3.0,1.0,1072.0,0,0,0,0,12,0
511802,Calgary,Alberta,19636 40 Street Southeast,50.87595,-113.95067,townhouse,2350.0,2.0,2.5,1150.0,0,0,0,0,12,0
566542,Calgary,Alberta,Ambleton,51.1865421,-114.1130386,house,2400.0,3.0,2.5,1500.0,0,0,1,1,12,0
567958,Calgary,Alberta,7180 80 Avenue NE,51.1254977,-113.9327931,apartment,1900.0,2.0,1.0,708.0,0,0,0,0,12,0
561612,Calgary,Alberta,47 Coleridge Road Northwest,51.087174,-114.0867754,house,2100.0,2.0,1.0,1025.0,0,0,0,0,12,0
565430,Calgary,Alberta,815 4 Avenue SW,51.0496655,-114.0794409,apartment,1725.0,1.0,1.0,580.0,0,0,0,0,12,0
572018,Calgary,Alberta,32 Shawinigan Drive Southwest,50.9041132,-114.0760819,house,2500.0,3.0,1.5,1443.0,0,0,1,1,12,0
445241,Calgary,Alberta,7210 80 Avenue NE,51.1254957,-113.9309652,apartment,1900.0,2.0,2.0,973.0,0,0,0,0,12,0
572096,Calgary,Alberta,Renfrew,51.0630922,-114.0362183,basement,1900.0,2.0,1.0,860.0,0,0,0,0,12,0
336891,Calgary,Alberta,Sherwood,51.1656979,-114.1581685,basement,1450.0,2.0,1.0,895.0,0,0,0,0,12,0
570123,Calgary,Alberta,4508 Greenview Drive Northeast,51.0926285,-114.0573607,house,2000.0,3.0,1.0,1000.0,0,0,0,0,12,0
570575,Calgary,Alberta,Ambleton St NW,51.1861119,-114.1111663,house,2200.0,3.0,2.5,1717.0,0,0,0,0,12,0
560443,Calgary,Alberta,1410 1 St NW,51.0647979,-114.0647825,apartment,1599.0,1.0,1.0,595.0,0,0,0,0,12,0
528687,Calgary,Alberta,910 5th Ave SW,51.049250904784,-114.083982385981,apartment,2850.0,2.0,2.0,1050.0,1,0,0,0,6,0
526811,Calgary,Alberta,6545 36 Avenue Northwest,51.0854965,-114.1848251,house,2100.0,3.0,1.0,900.0,0,0,0,0,12,0
492173,Calgary,Alberta,Garrison Square Southwest,51.0213232,-114.113566,townhouse,5300.0,3.0,3.5,2500.0,1,0,0,0,6,0
492414,Calgary,Alberta,Glenbrook,51.0204418,-114.1522376,basement,1375.0,2.0,1.0,900.0,0,0,0,0,12,0
428976,Calgary,Alberta,Skyview,51.1650833,-113.9567197,apartment,1950.0,2.0,2.0,809.0,0,0,0,0,12,0
570764,Calgary,Alberta,Rockland Park,51.1078245,-114.2717258,basement,1900.0,1.0,1.0,746.0,1,0,0,0,6,0
18547,Calgary,Alberta,Panorama Hills,51.16335,-114.087916,house,2600.0,3.0,2.5,1638.0,0,0,0,0,12,0
571667,Calgary,Alberta,151 Legacy Main Street SE,50.8605576,-114.0235659,apartment,1875.0,1.0,2.0,740.0,1,0,0,0,6,0
467243,Calgary,Alberta,1108 6 Avenue Southwest,51.0484952,-114.0872698,apartment,2600.0,2.0,2.0,1200.0,1,0,0,0,12,0
571381,Calgary,Alberta,720 13 Avenue Southwest,51.0411381,-114.0779398,apartment,4800.0,2.0,2.0,1540.0,1,0,1,1,12,0
571655,Calgary,Alberta,106 Country Hills Crescent Northwest,51.1479277,-114.0696076,townhouse,2600.0,2.0,2.0,1029.0,0,0,0,0,12,0
571792,Calgary,Alberta,26 Val Gardena View SW,51.0322721,-114.2121805,apartment,900.0,2.0,2.0,875.0,0,0,0,0,6,0
486333,Calgary,Alberta,Bowness,51.0952218,-114.2034289,house,2300.0,3.0,1.0,1200.0,0,0,0,0,12,0
565725,Calgary,Alberta,238 Sage Valley Common Northwest,51.1820443,-114.1586445,apartment,1895.0,2.0,2.0,735.0,0,0,1,1,12,0
571360,Calgary,Alberta,125 Wolf Hollow Crescent Southeast,50.8743303,-114.001993,apartment,1950.0,1.0,1.0,600.0,0,0,1,1,6,0
571390,Calgary,Alberta,720 13 Avenue Southwest,51.0411381,-114.0779398,apartment,4000.0,2.0,2.0,2100.0,1,0,1,1,12,0
568110,Calgary,Alberta,260 Rowley Way Northwest,51.1057751,-114.2637673,townhouse,2650.0,2.0,2.5,1400.0,0,0,0,0,12,0
570937,Calgary,Alberta,412 Huntsville Cres. NW,51.113996,-114.0682037,apartment,2700.0,3.0,1.5,1100.0,0,0,0,0,6,0
418904,Calgary,Alberta,East Village,51.046730757689,-114.04998099185,apartment,2700.0,2.0,2.0,720240.0,1,0,1,1,6,0
570825,Calgary,Alberta,Belmont,50.8720322,-114.0651625,basement,1750.0,2.0,1.0,700.0,0,0,0,0,12,0
85420,Calgary,Alberta,7130 80 Avenue NE,51.1255886,-113.9324708,apartment,1900.0,2.0,1.0,615.0,0,0,0,0,12,0
569655,Calgary,Alberta,1431 Mardale Drive Northeast,51.0651503,-113.9660411,apartment,750.0,3.0,1.0,1100.0,1,0,0,0,6,0
542984,Calgary,Alberta,Citadel,51.1427977,-114.175813,basement,1600.0,2.0,1.0,1300.0,0,0,0,0,6,0
561710,Calgary,Alberta,Shawnee Sq SW,50.9225298,-114.0823528,townhouse,2700.0,3.0,2.5,1492.0,0,0,1,0,12,0
454497,Calgary,Alberta,3585 21st Street SW,51.022406753779,-114.11205693254,apartment,1700.0,1.0,1.0,517.0,0,0,0,0,12,0
562260,Calgary,Alberta,Nolan Hill,51.1780533,-114.1734582,basement,1750.0,2.0,1.0,700.0,0,0,0,0,12,0
563961,Calgary,Alberta,19 Sugarsnap Avenue Southeast,50.8803302,-113.9187964,house,2300.0,3.0,2.5,1608.0,0,0,1,1,12,0
300783,Calgary,Alberta,Bankview,51.0356611,-114.1026714,apartment,1700.0,2.0,1.0,850.0,0,0,0,0,6,0
453880,Calgary,Alberta,1716 Centre Street S,51.0376633,-114.0631462,apartment,1795.0,1.0,1.0,559.0,0,0,1,1,12,0
530250,Calgary,Alberta,7407 26A Street Southeast,50.9866019,-113.9976613,house,2700.0,3.0,1.0,1030.0,0,0,1,0,12,0
54026,Calgary,Alberta,258 Everstone Drive SW,50.9147647,-114.1053507,house,2500.0,3.0,2.5,1800.0,0,0,0,0,12,0
570856,Calgary,Alberta,35 Setonstone Landing Southeast,50.8672032,-113.9449555,house,2500.0,3.0,2.5,1800.0,0,0,0,0,12,0
16685,Calgary,Alberta,Mohagany,50.9001503,-113.9249151,apartment,1000.0,1.0,1.0,2700.0,1,0,0,0,12,0
132848,Calgary,Alberta,52 6 St NE,51.051420367394,-114.048094669312,townhouse,2500.0,2.0,2.0,1000.0,0,0,1,1,12,0
562010,Calgary,Alberta,450 Sage Valley Drive Northwest,51.179422,-114.1583686,apartment,2200.0,2.0,2.0,897.0,0,0,0,0,12,0
557001,Calgary,Alberta,1608 2 Street Northwest,51.0662894,-114.0672653,basement,1400.0,1.0,1.0,550.0,2,0,0,1,12,0
570832,Calgary,Alberta,Livingston,51.1893307,-114.0821728,basement,1600.0,2.0,1.0,750.0,0,0,0,0,12,0
560394,Calgary,Alberta,1400 10 Avenue Southwest,51.04431,-114.0941,apartment,2375.0,2.0,1.0,820.0,0,0,1,1,12,0
341870,Calgary,Alberta,Varsity,51.0877334,-114.1392377,apartment,890.0,3.0,3.5,1282.05,1,0,0,0,12,0
568523,Calgary,Alberta,211 13 Ave SE,51.0401551,-114.0601539,apartment,2700.0,2.0,2.0,890.0,0,0,0,1,6,0
481051,Calgary,Alberta,3805 Marlborough Dr NE,51.059013,-113.9776631,townhouse,2725.0,3.0,2.5,1577.0,0,0,1,1,12,0
569557,Calgary,Alberta,47 Beddington Rise Northeast,51.1306683,-114.0668589,house,3900.0,5.0,2.5,1262.0,0,0,0,1,12,0
533623,Calgary,Alberta,200 Seton Circle Southeast,50.8705687,-113.9568465,apartment,1890.0,1.0,1.0,635.0,1,0,0,0,12,0
113636,Calgary,Alberta,"unit 1907, 8710 Horton Roads",50.982067150874,-114.068908546722,apartment,1000.0,2.0,2.0,1035.0,1,0,0,0,12,0
453046,Calgary,Alberta,1320 1 Street Southeast,51.0397295,-114.060525,apartment,2350.0,2.0,2.0,803.0,0,0,0,1,12,0
565514,Calgary,Alberta,1728 35 Avenue Southwest,51.0227454,-114.1024247,townhouse,2795.0,2.0,2.0,1200.0,1,0,0,0,12,0
561642,Calgary,Alberta,200 Seton Circle Southeast,50.8705687,-113.9568465,apartment,1850.0,2.0,1.0,535.0,0,0,0,0,12,0
569713,Calgary,Alberta,4404 Centre a Street Northeast,51.091612,-114.0608277,basement,1795.0,1.0,1.0,750.0,1,0,0,1,3,120
313042,Calgary,Alberta,1528 11 Ave SW,51.0435855,-114.0963104,apartment,2500.0,2.0,2.0,1050.0,1,0,0,0,6,0
531322,Calgary,Alberta,Rangeview,50.8841956,-113.9127407,basement,1200.0,1.0,1.0,550.0,0,0,0,0,12,0
565120,Calgary,Alberta,1080 Mahogany Boulevard Southeast,50.8890474,-113.9123694,duplex,2550.0,3.0,2.5,1700.0,0,0,0,1,12,0
561083,Calgary,Alberta,10 Lucas Terrace Northwest,51.1857167,-114.0783392,basement,1680.0,2.0,1.0,850.0,0,0,0,0,12,0
567543,Calgary,Alberta,1700 Evergreen Drive Southwest,50.9239544,-114.1034109,house,4800.0,3.0,2.5,2375.0,2,0,0,1,12,0
568769,Calgary,Alberta,7208 Fleetwood Drive Southeast,50.9882908,-114.0545379,basement,1550.0,1.0,1.0,900.0,0,0,0,0,12,0
569523,Calgary,Alberta,University District,51.07855,-114.1439,apartment,1900.0,1.0,1.0,624.0,0,0,0,0,12,0
569717,Calgary,Alberta,943 Renfrew Drive Northeast,51.0666308,-114.0399356,basement,1300.0,1.0,1.0,800.0,0,0,0,0,12,0
479758,Calgary,Alberta,505 4 Ave SW,51.0493489,-114.0720248,apartment,1675.0,1.0,1.0,616.0,0,0,1,1,12,0
562588,Calgary,Alberta,1378 148 Avenue Northwest,51.18743,-114.09129,apartment,880.0,3.0,2.5,1300.0,1,0,0,0,12,0
568717,Calgary,Alberta,25 Walgrove Walk Southeast,50.8661051,-114.0262124,apartment,1200.0,1.0,1.0,1000.0,2,0,0,0,12,0
569607,Calgary,Alberta,200 Seton Circle Southeast,50.8705656,-113.9568435,apartment,1745.0,1.0,1.0,500.0,0,0,0,0,12,0
567637,Calgary,Alberta,Seton,50.8653306,-113.9502655,townhouse,2375.0,2.0,2.5,1061.0,0,0,1,1,12,0
568815,Calgary,Alberta,2307 17a St SW,51.0339575,-114.1035802,apartment,1200.0,1.0,1.0,970.0,1,0,0,0,6,0
569612,Calgary,Alberta,145 Amblehurst Green Northwest,51.1852893,-114.1138576,house,2950.0,3.0,2.5,2046.0,0,0,0,0,12,0
569669,Calgary,Alberta,2829 40 Street Southwest,51.0278334,-114.1457347,house,2200.0,3.0,1.0,1200.0,0,0,0,0,12,0
2544,Calgary,Alberta,1419 17 Avenue NW,51.067638,-114.093356,apartment,1675.0,1.0,1.0,438.0,0,0,1,1,12,0
543862,Calgary,Alberta,Sage Meadows Landing NW,51.1808761,-114.1329868,apartment,2150.0,2.0,2.0,750.0,0,0,0,0,12,0
534276,Calgary,Alberta,856 Bridge Crescent NE,51.0585227,-114.043218,house,7000.0,5.0,3.5,3036.0,0,0,1,1,12,0
566760,Calgary,Alberta,98 Westpark Crescent Southwest,51.0602295,-114.2053931,house,4500.0,4.0,3.5,2812.0,2,0,0,0,12,0
567506,Calgary,Alberta,681 Savanna Boulevard Northeast,51.134699,-113.9496947,apartment,2150.0,2.0,2.0,1102.0,0,0,1,1,12,0
572588,Calgary,Alberta,Temple,51.0867112,-113.9501689,house,2400.0,3.0,2.5,2000.0,0,0,0,0,12,30
572549,Calgary,Alberta,546 Sage Hill Road Northwest,51.1751286,-114.1496408,basement,1600.0,2.0,1.0,628.0,0,0,0,0,12,30
569617,Calgary,Alberta,Amblehurst Garden NW,51.184509,-114.1154521,basement,1700.0,2.0,1.0,1100.0,0,0,0,0,6,30
570519,Calgary,Alberta,101 Panatella Square Northwest,51.169495,-114.0708119,townhouse,2400.0,3.0,3.5,1425.0,0,0,1,1,12,30
468791,Calgary,Alberta,Livingston,51.1846598,-114.0766152,basement,1900.0,1.0,1.0,607.0,1,0,0,0,12,30
453889,Calgary,Alberta,130 26 Ave SW,51.0297566,-114.0660819,apartment,1730.0,1.0,1.0,574.0,0,0,0,0,12,61
296821,Calgary,Alberta,195 Kincora Glen Road Northwest,51.1653786,-114.1407605,apartment,1800.0,2.0,2.0,837.0,0,0,0,0,12,30
571673,Calgary,Alberta,113 Calhoun Common Northeast,51.1860156,-114.0508046,duplex,2300.0,2.0,2.5,1500.0,1,0,0,0,12,30
572635,Calgary,Alberta,15233 1 Street Southeast,50.9165705,-114.0659021,apartment,1700.0,1.0,1.0,470.0,0,0,1,1,12,30
334751,Calgary,Alberta,235 9A St NW,51.0536504,-114.0847157,apartment,1680.0,1.0,1.0,490.0,1,0,1,1,12,30
384132,Calgary,Alberta,46 Aspen Summit Mount Southwest,51.0457242,-114.2024736,house,4000.0,4.0,3.5,2691.0,0,0,0,0,12,30
572176,Calgary,Alberta,251 90 Avenue Southeast,50.9721296,-114.0656292,townhouse,2000.0,2.0,1.0,860.0,0,0,1,1,12,30
572251,Calgary,Alberta,Vista Heights,51.0713484,-114.0124384,house,3000.0,5.0,3.0,1250.0,0,0,1,0,12,30
484180,Calgary,Alberta,Mission,51.0306464,-114.0671152,apartment,1575.0,1.0,1.0,550.0,0,0,0,0,12,30
453274,Calgary,Alberta,3130 Thirsk St NW,51.0790848,-114.1467841,apartment,1900.0,1.0,1.0,600.0,0,0,0,0,6,30
572514,Calgary,Alberta,546 Sage Hill Road Northwest,51.1752538,-114.1494083,townhouse,2600.0,3.0,2.5,1422.0,0,0,0,0,12,30
15470,Calgary,Alberta,Bridgeland,51.055781721143,-114.039527444458,basement,1325.0,2.0,1.0,950.0,0,0,0,0,12,30
403992,Calgary,Alberta,79 Seton Gardens SE - Lower Suite,50.866861,-113.9562571,basement,1550.0,2.0,1.0,625.0,0,0,0,0,12,30
572414,Calgary,Alberta,Southwood,50.9538896,-114.0760503,house,2300.0,2.0,1.0,1035.0,0,0,1,1,12,30
572211,Calgary,Alberta,108 Bralorne Crescent Southwest,50.9569287,-114.0978078,basement,1600.0,1.0,1.0,720.0,2,0,0,0,12,30
571727,Calgary,Alberta,25 Stradwick Place Southwest,51.0508414,-114.17252,duplex,3650.0,4.0,3.5,1786.0,0,0,1,1,12,30
336448,Calgary,Alberta,"#519, 126 - 14 ave SW",51.0398499,-114.0644007,apartment,2590.0,2.0,2.0,1080.0,0,0,0,0,12,30
567645,Calgary,Alberta,531 Penworth Way Southeast,51.0494953,-113.9497271,house,2000.0,2.0,1.0,1000.0,0,0,0,0,12,30
536880,Calgary,Alberta,Nolan Hill,51.1772725,-114.1686727,basement,1650.0,2.0,1.0,900.0,2,0,0,0,12,30
366157,Calgary,Alberta,52 Everridge Road Southwest,50.910059734455,-114.113136184656,house,2450.0,3.0,2.5,1360.0,0,0,0,0,6,30
405427,Calgary,Alberta,Coventry Hills,51.173930222559,-114.046595650263,house,1200.0,1.0,1.0,900.0,1,0,0,0,6,30
358925,Calgary,Alberta,Auburn Bay,50.8848435,-113.954768,townhouse,1600.0,1.0,1.0,781.0,0,0,0,0,6,30
572215,Calgary,Alberta,44 Wolf Creek Gardens Southeast,50.8742519,-114.0064371,house,2650.0,3.0,2.5,1700.0,0,0,0,0,12,30
571349,Calgary,Alberta,Rosscarrock,51.0460297,-114.1505746,house,2000.0,3.0,1.0,1100.0,0,0,0,0,12,30
571985,Calgary,Alberta,55 CornerBrook Avenue Northeast,51.1570028,-113.9319971,house,2550.0,4.0,3.0,1800.0,0,0,0,0,12,30
570294,Calgary,Alberta,Acadia,50.9754284,-114.0617203,basement,1700.0,2.0,1.0,800.0,0,0,1,1,12,30
48161,Calgary,Alberta,Westgate,51.042695531128,-114.15193161377,basement,1249.0,2.0,1.0,750.0,0,0,1,0,12,30
545086,Calgary,Alberta,24 Sherwood Green Northwest,51.1586945,-114.1519033,house,4200.0,5.0,5.0,3000.0,0,0,1,1,12,30
476236,Calgary,Alberta,81 Edgebrook Rd NW,51.1290684,-114.1322575,basement,2000.0,3.0,2.0,1250.0,1,0,0,0,12,30
124816,Calgary,Alberta,Briar Hill,51.061840285899,-114.095528656006,house,1900.0,2.0,1.0,950.0,0,0,0,0,12,30
449592,Calgary,Alberta,247 Valley Pointe Way Northwest,51.0930555,-114.2720764,basement,1850.0,2.0,1.0,1200.0,1,0,0,0,6,30
89001,Calgary,Alberta,1204-3500 Varsity Dr NW,51.0892377,-114.1400099,townhouse,2090.0,2.0,1.0,1216.0,0,0,0,0,12,30
569548,Calgary,Alberta,240 Skyview Ranch Rd NE,51.1640113,-113.9567418,apartment,1900.0,2.0,1.0,680.0,0,0,1,0,6,30
571072,Calgary,Alberta,9 Tuscany Summit Square Northwest,51.1412541,-114.2548312,townhouse,2600.0,2.0,2.0,1168.0,0,0,0,0,6,30
309868,Calgary,Alberta,910 5th Ave SW,51.0491977,-114.0816098,apartment,2400.0,1.0,1.0,776.0,1,0,0,0,3,30
139911,Calgary,Alberta,1108 6th Ave sw,51.048629347801,-114.086753672878,apartment,2750.0,2.0,2.0,1203.0,0,0,0,0,12,30
293451,Calgary,Alberta,115 Prestwick Villas SE,50.927464,-113.9643367,apartment,1850.0,2.0,2.0,848.0,0,0,1,1,12,30
571240,Calgary,Alberta,2312 23 Street Northwest,51.070142433519,-114.113933029639,house,1900.0,3.0,1.0,1243.0,0,0,0,0,12,30
350064,Calgary,Alberta,519 Riverfront Ave SE,51.0476241,-114.0509814,apartment,2795.0,2.0,2.0,900.0,0,0,1,1,12,30
427666,Calgary,Alberta,157 Shannon Mews SW,50.9100736,-114.0862501,house,3000.0,3.0,2.5,2009.0,0,0,0,0,12,30
307150,Calgary,Alberta,Charleswood,51.0849609,-114.12225,apartment,1475.0,1.0,1.0,820.0,0,0,1,0,12,30
391235,Calgary,Alberta,14607 Shawnee Gate Southwest,50.9218146,-114.0753884,townhouse,2795.0,2.0,3.0,1600.0,1,0,0,0,12,30
563118,Calgary,Alberta,Evergreen Dr SW,50.9226117,-114.1023053,apartment,700.0,1.0,1.0,200.0,0,0,0,0,3,30
569493,Calgary,Alberta,Tuscany,51.1288494,-114.2387859,basement,1600.0,1.0,1.0,805.0,0,0,1,1,12,30
142828,Calgary,Alberta,90 Hawkmount Green NW,51.1363583,-114.1775417,house,2700.0,3.0,2.5,2300.0,0,0,0,0,12,30
463933,Calgary,Alberta,222 Riverfront Avenue Southwest,51.0524639,-114.0667871,apartment,2350.0,1.0,1.0,510.0,1,0,0,0,12,30
570993,Calgary,Alberta,Skyview Ranch Gardens NE,51.1633923,-113.9603379,townhouse,2350.0,2.0,2.5,1410.0,0,0,0,0,12,30
570356,Calgary,Alberta,325 3 St SE,51.0494421,-114.0559496,apartment,2700.0,2.0,2.0,800.0,2,0,1,1,12,30
391258,Calgary,Alberta,220 12th Ave SE,51.0415675,-114.0595532,apartment,2600.0,2.0,2.0,900.0,0,0,0,0,12,30
460973,Calgary,Alberta,1204 17 Avenue Northwest,51.0680499,-114.0876841,duplex,3450.0,4.0,3.5,1840.0,0,0,1,1,12,30
412152,Calgary,Alberta,9930 Bonaventure Dr,50.9630973,-114.0682195,townhouse,2500.0,3.0,2.0,1600.0,0,2,1,1,12,30
570370,Calgary,Alberta,712 Savanna Boulevard Northeast,51.1352617,-113.9494392,duplex,2450.0,3.0,2.0,1482.37,0,0,0,0,12,30
570633,Calgary,Alberta,222 220 11 Ave Se,51.0425132,-114.0598708,apartment,2100.0,2.0,2.0,1081.0,0,0,1,1,12,30
570704,Calgary,Alberta,Carringwood Manor NW,51.1885444,-114.0938312,townhouse,2450.0,3.0,2.5,1341.0,0,0,0,0,12,30
570804,Calgary,Alberta,75 Tuscany Ridge Terrace Northwest,51.1234763,-114.2563357,house,3100.0,3.0,2.5,1708.0,0,0,0,0,12,30
570309,Calgary,Alberta,4138 University Avenue Northwest,51.0780426,-114.1473037,apartment,2400.0,1.0,1.0,550.0,1,0,1,1,12,30
570250,Calgary,Alberta,1221 Kensington Close Northwest,51.0515708,-114.0913434,townhouse,4250.0,4.0,3.5,2200.0,0,0,1,1,12,30
567564,Calgary,Alberta,223 Scenic Way Northwest,51.1189862,-114.2094419,house,2450.0,3.0,2.0,1738.0,0,0,0,0,12,30
536674,Calgary,Alberta,1111 15 Avenue Southwest,51.0390815,-114.0874429,apartment,1850.0,1.0,1.0,636.0,0,0,1,1,12,30
571156,Calgary,Alberta,1034 Berkley Drive Northwest,51.1269621,-114.0841752,house,2100.0,3.0,1.0,1000.0,0,0,0,0,12,61
109200,Calgary,Alberta,Aspen Woods,51.042316979023,-114.221343820436,house,3800.0,3.0,2.5,2256.0,0,0,1,1,12,61
531030,Calgary,Alberta,15 Aspenmont Heights SW,51.0394447,-114.2146877,apartment,2200.0,1.0,1.0,592.0,0,0,1,1,12,61
339724,Calgary,Alberta,20 Harvest Rose Park N.E.,51.1423213,-114.0633832,apartment,1950.0,2.0,2.0,900.0,0,0,0,0,12,61
425508,Calgary,Alberta,706 Redstone Cres NE,51.166389,-113.9635477,townhouse,2225.0,3.0,2.5,1625.0,0,0,0,0,12,61
572261,Calgary,Alberta,4620 81 Street Northwest,51.0926404,-114.2048592,basement,1700.0,1.0,1.0,621.0,0,0,0,0,12,61
570437,Calgary,Alberta,1818 14 Street Southwest,51.0370031,-114.0942786,apartment,2400.0,1.0,2.0,1071.0,0,0,1,1,12,61
571975,Calgary,Alberta,7706 34 Avenue Northwest,51.0841055,-114.1979938,townhouse,1895.0,2.0,1.0,1050.0,0,0,0,0,12,61
298505,Calgary,Alberta,10 Kincora Glen Park Northwest,51.165329394623,-114.141573078357,apartment,1800.0,2.0,2.0,750.0,0,0,0,0,12,61
450077,Calgary,Alberta,Capitol Hill,51.0752996,-114.1003051,house,2200.0,2.0,1.0,900.0,0,0,0,0,12,61
519899,Calgary,Alberta,Tuscany,51.1180616,-114.2496445,basement,1500.0,1.0,1.0,1250.0,1,0,0,0,12,61
538234,Calgary,Alberta,56 Citadel Meadow Gardens Northwest,51.1492785,-114.1873005,townhouse,2500.0,3.0,1.5,1100.0,0,0,1,1,12,61
113029,Calgary,Alberta,Utah Drive NW,51.068681046887,-114.141256481506,house,3400.0,4.0,3.0,1500.0,0,0,1,1,6,61
529468,Calgary,Alberta,Harvest Hills,51.15329,-114.0422,apartment,2300.0,2.0,2.0,1031.0,0,0,1,1,12,61
528888,Calgary,Alberta,2616 24 Street Southwest,51.0315377,-114.117588,house,2200.0,3.0,1.0,1114.0,0,0,1,1,12,61
119961,Calgary,Alberta,Rundle,51.067661753937,-113.966496280396,basement,1399.0,2.0,1.0,1000.0,0,0,0,0,12,61
479523,Calgary,Alberta,2009 37 Avenue Southwest,51.0204051,-114.1070003,house,4900.0,4.0,3.5,1719.0,0,0,1,1,12,61
516992,Calgary,Alberta,870 Cornerstone Boulevard Northeast,51.1529544,-113.9380478,townhouse,2700.0,3.0,2.5,1412.0,0,0,1,1,12,61
567006,Calgary,Alberta,Radisson Heights,51.0435794,-113.9960517,house,2050.0,3.0,1.0,1100.0,0,0,1,1,6,61
534382,Calgary,Alberta,96 Homestead Close Northeast,51.11413,-113.91294,house,3300.0,4.0,3.5,2800.0,0,0,0,0,12,61
131827,Calgary,Alberta,Thorncliffe,51.10716,-114.07147,apartment,1500.0,3.0,1.0,1100.0,0,0,0,0,12,61
512426,North Cowichan,British Columbia,4111 Crossland Place,48.7980246,-123.719341,apartment,2098.0,2.0,2.0,929.0,0,0,1,1,12,30
377995,North Cowichan,British Columbia,6472 Paddle Road,48.8048,-123.720105,apartment,2078.0,2.0,2.0,940.0,0,0,1,1,12,59
491167,Parksville,British Columbia,411 & 423 Despard Avenue West,49.311910727908,-124.32309569236,apartment,1700.0,1.0,1.0,524.0,0,0,1,1,12,0
545771,Parksville,British Columbia,155 Moilliet Street,49.3220587,-124.3242509,apartment,2299.0,1.0,1.0,1068.0,0,0,1,1,12,30
305815,Penticton,British Columbia,151 Duncan Ave W,49.4836212,-119.5896685,apartment,2018.0,2.0,2.0,932.0,0,0,1,1,12,0
369497,Penticton,British Columbia,973 Forestbrook Drive,49.4927678,-119.5760264,apartment,1450.0,1.0,1.0,650.0,0,0,0,0,12,0
440339,Penticton,British Columbia,3650 South Main Street,49.4549985,-119.5785092,apartment,2209.0,2.0,2.0,938.0,0,0,1,1,12,30
381845,Penticton,British Columbia,864 Fairview Road,49.4897577,-119.5895719,apartment,1500.0,1.0,1.0,590.0,0,0,0,0,12,30
373886,Penticton,British Columbia,195 Perkins Crescent,49.4901866,-119.5913119,apartment,1425.0,1.0,1.0,580.0,0,0,1,1,12,30
515309,Port Alberni,British Columbia,3553 Anderson Ave,49.241245299002,-124.79344142699,townhouse,2348.0,3.0,2.5,1494.0,0,0,1,1,12,30
571810,Port Coquitlam,British Columbia,1877 Pitt River Road,49.2507244,-122.7719679,basement,2800.0,2.0,1.0,650.0,0,0,0,0,12,0
477817,Port Moody,British Columbia,2010 St. Johns Street,49.276617,-122.868528,apartment,2185.0,1.0,1.0,667.0,0,0,1,1,12,0
549683,Prince George,British Columbia,6611 Southridge Ave,53.8630412,-122.7839129,apartment,1798.0,2.0,2.0,993.0,0,0,0,0,12,0
554180,Prince George,British Columbia,1755 Foothills Blvd,53.9082576,-122.8123492,apartment,1550.0,0.0,1.0,520.0,0,0,1,1,12,0
499004,Prince George,British Columbia,1601 Queensway,53.9093851,-122.7426967,apartment,1100.0,1.0,1.0,470.0,0,0,1,1,12,0
490338,Prince George,British Columbia,791 Ahbau St,53.917556,-122.7848768,apartment,1250.0,1.0,1.0,650.0,0,0,1,1,12,0
536678,Prince George,British Columbia,5940 Stringer Crescent,53.86679,-122.77817,apartment,1848.0,2.0,2.0,931.0,0,0,1,1,12,30
330938,Prince George,British Columbia,4414 Glen Shee Road,53.9098644,-122.8135035,apartment,1440.0,2.0,1.0,810.0,0,0,1,0,12,45
551291,Richmond,British Columbia,8040 Blundell Rd,49.1551053,-123.1357675,apartment,2300.0,1.0,1.0,712.0,0,0,1,1,12,0
450164,Richmond,British Columbia,"100, 10100 No. 3 Road",49.140119,-123.136244,apartment,2025.0,1.0,1.0,550.0,0,0,0,0,12,0
477823,Richmond,British Columbia,11675 Seventh Avenue,49.127626,-123.191905,apartment,2505.0,1.0,1.0,601.0,0,0,1,1,12,0
537544,Richmond,British Columbia,8200 Park Road,49.164615,-123.133591,apartment,2020.0,0.0,1.0,446.0,0,0,1,1,12,30
534922,Richmond,British Columbia,10951 Mortfield Road,49.134721,-123.12062,apartment,2645.0,2.0,1.0,950.0,0,0,1,1,12,61
490063,Richmond,British Columbia,8988 Patterson Road,49.189926755233,-123.12596248885,apartment,3300.0,2.0,2.0,746.0,0,0,0,0,12,0
522178,Richmond,British Columbia,4271 Granville Avenue,49.1631724,-123.1775744,house,9525.0,4.0,4.5,4200.0,1,0,1,1,6,0
507475,Richmond,British Columbia,4271 Granville Avenue,49.1631633,-123.1775686,house,3500.0,1.0,1.0,750.0,1,0,1,1,6,24
442664,Richmond,British Columbia,9366 Tomicki Ave,49.180078,-123.1203421,apartment,3200.0,2.0,2.0,807.0,0,0,1,1,12,30
486972,Richmond,British Columbia,6233 Katsura Street,49.1678865,-123.1223924,apartment,3600.0,2.0,2.0,900.0,1,0,0,0,12,61
482278,Richmond,British Columbia,7888 Saba Road,49.1684487,-123.1371545,apartment,4325.0,2.0,2.0,790.0,1,0,1,1,6,89
477825,Saanich,British Columbia,3501 Savannah Avenue,48.454453,-123.362491,apartment,2480.0,2.0,1.0,970.0,0,0,1,1,12,0
558890,Sooke,British Columbia,2197 Otter Point Road,48.3812514,-123.7298093,apartment,1840.0,1.0,1.0,496.0,0,0,1,1,12,365
289409,Surrey,British Columbia,10736 150 Street,49.1974331,-122.8047119,apartment,1950.0,1.0,1.0,625.0,0,0,1,1,12,0
289229,Surrey,British Columbia,7155 Hall Road,49.132208,-122.8471689,apartment,1900.0,1.0,1.0,585.0,0,0,1,1,12,0
553769,Surrey,British Columbia,9873 King George Blvd.,49.1815772,-122.8456642,apartment,3020.0,2.0,1.0,818.0,0,0,1,1,12,0
477822,Surrey,British Columbia,10463 150th Street,49.191863,-122.806446,apartment,2045.0,1.0,1.0,673.0,0,0,1,1,12,0
566228,Surrey,British Columbia,15215 Sitka Drive,49.14539,-122.79978,apartment,2100.0,1.0,1.0,549.0,0,0,1,1,12,30
289253,Surrey,British Columbia,9555 128 Street,49.1769154,-122.8699908,apartment,2000.0,1.0,1.0,550.0,0,0,1,1,12,0
572331,Surrey,British Columbia,10237 133 Street,49.1886243,-122.8547707,apartment,3200.0,2.0,2.0,930.0,0,0,1,1,12,0
392847,Surrey,British Columbia,12747 102 Avenue,49.1883207,-122.869238,apartment,2045.0,1.0,1.0,577.0,0,0,1,0,12,0
572320,Surrey,British Columbia,13968 Laurel Drive,49.1775792,-122.8355893,apartment,2200.0,1.0,1.0,930.0,0,0,1,1,12,0
540036,Surrey,British Columbia,9835 King George Boulevard,49.1811222,-122.8465993,apartment,2115.0,1.0,1.0,600.0,0,0,0,0,12,0
289239,Surrey,British Columbia,14831 104 Avenue,49.1921126,-122.8110163,apartment,2000.0,1.0,1.0,664.0,0,0,1,1,12,0
392065,Surrey,British Columbia,8972 Fleetwood Way,49.1647485,-122.7982274,townhouse,3100.0,3.0,2.0,1600.0,0,0,0,0,12,30
544095,Vancouver,British Columbia,1770 Pendrell Street,49.28746,-123.14053,apartment,3895.0,2.0,2.0,820.0,0,0,1,1,12,0
544094,Vancouver,British Columbia,1661 Davie Street,49.2858975,-123.1396195,apartment,2995.0,1.0,1.0,550.0,0,0,1,1,12,0
343052,Vancouver,British Columbia,930 Seymour Street,49.27907,-123.120852,apartment,2969.0,1.0,1.0,590.0,0,0,1,1,12,0
562836,Vancouver,British Columbia,2550 Garden Drive,49.2616262,-123.0577789,apartment,4400.0,2.0,2.0,916.0,0,0,1,1,12,0
559646,Vancouver,British Columbia,23 W Cordova St.,49.2827092,-123.104991,apartment,2795.0,1.0,1.0,620.0,0,0,1,1,12,0
568182,Vancouver,British Columbia,808 Nicola Street,49.2885702,-123.1307067,apartment,1105.0,0.0,1.0,320.0,0,2,1,1,12,365
546514,Vancouver,British Columbia,8690 Jack Uppal Street,49.2044123,-123.0340917,apartment,2950.0,2.0,2.0,778.0,0,0,1,1,12,0
393077,Vancouver,British Columbia,939 Beatty Street,49.276265,-123.116486,apartment,3541.0,2.0,1.5,830.0,0,0,1,1,12,0
474077,Vancouver,British Columbia,825 Nicola Street,49.2882926,-123.1317002,apartment,3499.0,1.0,1.0,627.0,0,0,1,1,12,0
398027,Vancouver,British Columbia,1108 Pendrell St,49.28113,-123.130633,apartment,4750.0,2.0,2.5,1074.0,0,0,1,1,12,0
561281,Vancouver,British Columbia,2061 Beach Avenue,49.2900621,-123.1449658,apartment,3695.0,2.0,1.5,955.0,0,0,0,0,12,0
454186,Vancouver,British Columbia,2139 Lahb Ave,49.2487617,-123.1545401,apartment,2500.0,0.0,1.0,455.0,0,0,1,1,12,0
397353,Vancouver,British Columbia,183 Georgia St,49.27870869964,-123.10026634048,apartment,3150.0,2.0,1.0,704.0,0,0,1,1,12,0
463195,Vancouver,British Columbia,1644 NELSON ST,49.28757260099,-123.13626612884,apartment,1780.0,0.0,1.0,395.0,0,0,0,0,12,0
418000,Vancouver,British Columbia,788 Jervis Street,49.2871983,-123.127868,apartment,2640.0,1.0,1.0,602.0,0,0,0,0,12,0
426854,Vancouver,British Columbia,1668 Davie St.,49.2856882,-123.1396303,apartment,3895.0,2.0,2.0,772.0,0,0,1,1,12,0
417993,Vancouver,British Columbia,699 Cardero Street,49.2911939,-123.1307001,apartment,3200.0,1.0,1.0,715.0,0,0,0,0,12,0
417998,Vancouver,British Columbia,2233 Allison Road,49.2655362,-123.2419333,apartment,3850.0,2.0,2.0,970.0,0,0,0,0,12,0
417997,Vancouver,British Columbia,5603 Balsam Street,49.235517,-123.1616867,apartment,2650.0,1.0,1.0,651.0,0,0,0,0,12,0
553946,Vancouver,British Columbia,1450 West Georgia,49.2892792,-123.1293798,apartment,2400.0,1.0,1.0,488.0,0,0,1,1,12,0
426855,Vancouver,British Columbia,1225 Cardero Street,49.285157,-123.139153,apartment,2500.0,1.0,1.0,579.0,0,0,1,1,12,0
489637,Vancouver,British Columbia,5455 Balsam Street,49.2558273,-123.1603421,apartment,5100.0,3.0,2.0,1403.0,0,0,1,1,12,0
547066,Vancouver,British Columbia,1142 Granville St,49.2775424,-123.1250813,apartment,2095.0,0.0,1.0,320.0,0,0,1,1,12,0
559643,Vancouver,British Columbia,1933 East 41st Avenue,49.23345111225,-123.06679310149,apartment,2950.0,2.0,1.0,786.0,0,0,1,0,12,0
527025,Vancouver,British Columbia,1600 L Beach Avenue,49.2844523,-123.142369,apartment,2400.0,1.0,1.0,450.0,0,0,1,1,12,0
393078,Vancouver,British Columbia,1529 West Pender Street,49.290303,-123.129053,apartment,2771.0,0.0,1.0,463.0,0,0,1,1,12,36
477820,Vancouver,British Columbia,3618-3688 Sawmill Crescent,49.205766,-123.0314416,apartment,2475.0,1.0,1.0,586.0,0,0,1,1,12,30
561277,Vancouver,British Columbia,1260 Harwood Street,49.280996,-123.1369248,apartment,2750.0,1.0,1.0,465.0,1,0,0,0,12,15
561278,Vancouver,British Columbia,1305 West 12th Avenue,49.2608245,-123.1343292,apartment,2495.0,1.0,1.0,450.0,0,0,0,0,12,30
540041,Vancouver,British Columbia,3433 Crowley Drive,49.2372926,-123.0315547,apartment,2900.0,2.0,1.0,692.0,0,0,0,0,12,30
417994,Vancouver,British Columbia,1618 W 6th Ave,49.2659489,-123.1412348,apartment,2895.0,1.0,1.0,528.0,0,0,0,0,12,30
553050,Vancouver,British Columbia,388 Skeena Street,49.2813491,-123.0279644,apartment,1950.0,0.0,1.0,393.0,0,0,1,1,12,30
541405,Vancouver,British Columbia,3833 Fraser St.,49.2504181,-123.0904313,apartment,4195.0,3.0,2.0,915.0,0,0,1,1,12,30
540025,Vancouver,British Columbia,3528 Vanness Ave,49.2367866,-123.0294028,apartment,2125.0,0.0,1.0,424.0,0,0,1,1,12,30
477833,Vancouver,British Columbia,990 Broughton Street,49.286017,-123.132523,apartment,2820.0,1.0,1.0,450.0,0,0,1,1,12,30
432979,Vancouver,British Columbia,488 West 41st Avenue,49.2332837,-123.1152883,apartment,2900.0,1.0,1.0,552.0,0,0,1,1,12,44
541406,Vancouver,British Columbia,2468 Balaclava St.,49.2643378,-123.1736096,apartment,2650.0,0.0,1.0,418.0,0,0,0,0,12,61
561276,Vancouver,British Columbia,1251 Jervis Street,49.2823936,-123.1360029,apartment,2895.0,1.0,1.0,537.0,1,0,0,0,12,0
492517,Vancouver,British Columbia,303 Pender,49.2823299,-123.1110262,apartment,3350.0,2.0,2.0,986.0,0,0,1,1,12,0
429807,Vancouver,British Columbia,610 Granville Street South,49.2832382,-123.1164635,apartment,3875.0,1.0,2.0,1100.0,1,0,1,1,6,0
569118,Vancouver,British Columbia,610 Granville Street South,49.2832711,-123.1164543,apartment,3495.0,2.0,1.0,652.0,0,0,0,0,12,0
569847,Vancouver,British Columbia,1323 Homer Street,49.2740983,-123.1255043,apartment,3300.0,1.0,1.0,747.0,0,0,0,0,12,0
360532,Vancouver,British Columbia,1022 Nelson Street,49.2816809,-123.1271847,apartment,3495.0,2.0,1.0,691.0,0,0,0,0,12,0
444218,Vancouver,British Columbia,718 Main Street,49.278095,-123.09955,apartment,2400.0,0.0,1.0,452.0,1,0,0,0,12,0
433194,Vancouver,British Columbia,1783 West 14th Avenue,49.2592811,-123.1454395,apartment,2630.0,1.0,1.0,432.0,0,0,1,1,12,0
318412,Vancouver,British Columbia,1755 West 14th Avenue,49.2590152,-123.1436818,apartment,2850.0,1.0,1.0,618.0,0,0,1,1,12,0
441809,Vancouver,British Columbia,1510 West 13th Ave,49.2597224,-123.1392742,apartment,3150.0,2.0,1.0,750.0,0,0,1,1,12,0
410731,Vancouver,British Columbia,2280 Wesbrook Mall,49.2631855,-123.242501,apartment,3650.0,2.0,2.0,835.0,0,0,0,0,12,0
513822,Vancouver,British Columbia,1035 Granville Street,49.2789559,-123.1237393,apartment,4200.0,3.0,1.0,986.0,0,0,1,1,12,0
567194,Vancouver,British Columbia,4639 West 10th Avenue,49.2642614,-123.2132095,apartment,2700.0,1.0,1.0,617.0,0,0,0,0,12,0
529133,Vancouver,British Columbia,1188 West Pender Street,49.2881645,-123.1232641,apartment,4680.0,3.0,2.0,1070.0,1,0,0,0,12,0
567356,Vancouver,British Columbia,628 West 6th Avenue,49.2655826,-123.1180903,townhouse,4200.0,2.0,2.5,1012.0,0,0,0,0,12,0
434561,Vancouver,British Columbia,1450 Chestnut St,49.273293,-123.1456815,apartment,2300.0,1.0,1.0,575.0,0,0,0,0,12,0
567439,Vancouver,British Columbia,3551 Foster Avenue,49.2344788,-123.0263692,apartment,3200.0,2.0,2.0,890.0,1,0,0,0,12,0
450288,Vancouver,British Columbia,1383 Marinaside Crescent,49.271874,-123.1219946,apartment,4200.0,2.0,2.0,1102.0,0,0,0,0,12,0
545279,Vancouver,British Columbia,2301 Main Street,49.264088389621,-123.1013634854,apartment,2750.0,2.0,1.0,950.0,0,0,1,1,12,0
565400,Vancouver,British Columbia,5976 Tisdall Street,49.2313393,-123.1214703,apartment,5900.0,2.0,2.0,1356.0,0,0,0,0,12,0
566094,Vancouver,British Columbia,Downtown,49.2775584,-123.1240854,apartment,1550.0,1.0,1.0,504.0,0,0,0,0,12,0
543325,Vancouver,British Columbia,333 East 11th Avenue,49.2613849,-123.0974961,apartment,2735.0,1.0,1.0,615.0,0,0,1,1,12,28
572378,Vancouver,British Columbia,1438 West 7th Avenue,49.2651507,-123.1369755,apartment,2800.0,1.0,1.0,783.0,0,0,0,0,12,14
402460,Vancouver,British Columbia,233 Robson Street,49.2785529,-123.1150401,apartment,2485.0,1.0,1.0,450.0,1,0,0,0,12,15
570277,Vancouver,British Columbia,1263 Barclay Street,49.2852596,-123.1297839,apartment,4800.0,2.0,2.0,1236.0,0,0,0,1,12,20
572629,Vancouver,British Columbia,1250 Burnaby Street,49.2815883,-123.1355313,apartment,3000.0,1.0,1.0,550.0,1,0,0,0,12,30
444584,Vancouver,British Columbia,Fairview,49.2654632,-123.1240099,apartment,3800.0,2.0,1.0,960.0,0,0,0,0,12,30
525253,Vancouver,British Columbia,928 Beatty St,49.2761612,-123.1156941,apartment,2800.0,1.0,1.0,508.0,0,0,0,0,12,30
565350,Vancouver,British Columbia,175 14th Street West,49.3277607,-123.154416,apartment,3500.0,2.0,1.0,775.0,0,0,1,1,12,30
565392,Vancouver,British Columbia,1265 Burnaby St,49.2819456,-123.1353273,apartment,2300.0,1.0,1.0,505.0,0,0,0,0,12,30
572234,Vancouver,British Columbia,2726 Alder Street,49.2613028,-123.1311036,apartment,2850.0,2.0,1.0,935.0,0,0,0,0,12,30
565353,Vancouver,British Columbia,840 Broughton Street,49.2871886,-123.1304345,apartment,3100.0,2.0,1.0,835.0,0,0,0,0,12,30
565354,Vancouver,British Columbia,1160 Haro Street,49.2847454,-123.1277563,apartment,2525.0,1.0,1.0,639.0,0,0,0,0,12,30
486604,Vancouver,British Columbia,610  Granville Street South,49.2833168,-123.1165231,apartment,4500.0,2.0,2.0,886.0,1,0,0,0,12,30
565401,Vancouver,British Columbia,2191 West 39th Avenue,49.2367247,-123.1579489,apartment,4095.0,2.0,2.0,1052.0,0,0,0,0,12,30
369492,Vancouver,British Columbia,1086 Bute Street,49.282917,-123.131402,apartment,1900.0,0.0,1.0,380.0,0,0,1,0,12,30
567326,Vancouver,British Columbia,6111-5 Tisdall Street,49.2298508,-123.1221009,apartment,2300.0,1.0,1.0,740.0,0,0,0,0,12,30
565398,Vancouver,British Columbia,1905 Robson Street,49.2928511,-123.137128,apartment,2375.0,1.0,1.0,500.0,0,0,0,0,12,30
379684,Vancouver,British Columbia,Kitsilano,49.2628094,-123.1854574,apartment,2600.0,1.0,1.0,465200.0,1,0,0,1,12,30
432984,Vancouver,British Columbia,1068 Hornby Street,49.279729,-123.12587,apartment,2700.0,1.0,1.0,549.0,1,0,0,0,12,30
297476,Vancouver,British Columbia,75 West 1st Avenue,49.2703832,-123.1056145,apartment,2900.0,1.0,1.0,717.0,0,0,1,1,12,31
571910,Vancouver,British Columbia,161 East 1st Avenue,49.2703602,-123.1012457,apartment,2550.0,1.0,1.0,465.0,0,0,0,0,12,44
572163,Vancouver,British Columbia,1283 Howe Street,49.2771293,-123.1286393,apartment,2850.0,1.0,1.5,550.0,0,0,0,0,12,44
569651,Vancouver,British Columbia,1434 Burnaby Street,49.2831082,-123.138195,apartment,2550.0,1.0,1.0,619.0,0,0,0,0,12,60
565403,Vancouver,British Columbia,2151 West 39th Avenue,49.2367128,-123.1566637,apartment,4095.0,2.0,2.0,1052.0,0,0,0,0,12,61
527188,Vancouver,British Columbia,Gastown,49.2802555,-123.1059825,apartment,2500.0,1.0,1.0,550.0,2,0,0,0,12,61
337811,Vancouver,British Columbia,557 East Cordova St,49.2823329,-123.092276,apartment,2250.0,1.0,1.0,550.0,0,0,1,1,12,92
468154,Vancouver,British Columbia,Victoria-Fraserview,49.2202898,-123.065868,basement,3500.0,3.0,1.5,1150.0,0,0,0,0,12,365
568763,Vancouver,British Columbia,3568 West 16th Avenue,49.2576175,-123.1839741,house,3400.0,2.0,1.0,1000.0,1,0,0,0,6,365
526636,Vancouver,British Columbia,1333 Howe Street,49.2764611,-123.1295442,apartment,6300.0,2.0,2.0,750.0,1,0,1,1,6,365
452340,Vancouver,British Columbia,1122 Gilford Street,49.2889397,-123.1415404,apartment,2100.0,1.0,1.0,454.0,0,0,0,0,12,365
388281,Vernon,British Columbia,"1693, 1695, 1697 & 1699 Deleenheer Road",50.2881863,-119.2561736,apartment,2295.0,2.0,2.0,925.0,0,0,1,1,12,0
548153,Vernon,British Columbia,7735 Okanagan Hills Boulevard,50.2614469,-119.341415,townhouse,4000.0,3.0,3.5,2600.0,1,0,0,0,6,0
477837,Victoria,British Columbia,1110 Queens Avenue,48.433557,-123.351633,apartment,1825.0,1.0,1.0,580.0,0,0,1,1,12,0
477834,Victoria,British Columbia,3220 Quadra Street,48.449767070622,-123.36293303066,apartment,2085.0,1.0,1.0,704.0,0,0,1,1,12,0
477831,Victoria,British Columbia,"215-221,155,157 & 243 Gorge Road East",48.443102,-123.382954,apartment,1825.0,1.0,1.0,620.0,0,0,1,1,12,0
398749,Victoria,British Columbia,1008 Pandora Ave,48.427535,-123.35571,apartment,2250.0,1.0,1.0,505.0,0,0,1,1,12,0
477758,Victoria,British Columbia,967 Collinson Street,48.418947,-123.358676,apartment,1955.0,1.0,1.0,585.0,0,0,1,1,12,0
477843,Victoria,British Columbia,1039 View Street,48.424241,-123.35457,apartment,1625.0,0.0,1.0,380.0,0,0,1,1,12,0
537086,Victoria,British Columbia,710 Vancouver Street,48.419769264659,-123.35840950182,apartment,2005.0,1.0,1.0,576.0,0,0,1,1,12,0
534923,Victoria,British Columbia,200 Gorge Road West,48.44662,-123.396771,apartment,2300.0,2.0,1.0,890.0,0,0,1,1,12,0
544193,Victoria,British Columbia,655 Douglas Street,48.4195374,-123.3654488,apartment,1900.0,0.0,1.0,409.0,0,0,1,1,12,0
569067,Victoria,British Columbia,1700 Blanshard Street,48.429910940517,-123.36239476442,apartment,3160.0,2.0,2.0,816.0,0,0,1,1,12,61
477832,Victoria,British Columbia,443 Superior Street,48.419033,-123.374731,apartment,2350.0,2.0,1.0,829.0,0,0,1,1,12,30
477844,Victoria,British Columbia,301 Nursery Hill,48.4594339,-123.4653123,apartment,2775.0,2.0,1.0,895.0,0,0,1,1,12,30
477827,Victoria,British Columbia,1204 Yates Street,48.424958,-123.349012,apartment,1605.0,0.0,1.0,400.0,0,0,1,1,12,30
477830,Victoria,British Columbia,425 Simcoe Street,48.415858,-123.375413,apartment,2105.0,1.0,1.0,705.0,0,0,1,1,12,30
477839,Victoria,British Columbia,535 Niagara Street,48.413028,-123.37429,apartment,2055.0,1.0,1.0,650.0,0,0,1,1,12,30
477848,Victoria,British Columbia,955 Humboldt Street,48.41784,-123.360167,apartment,2000.0,1.0,1.0,600.0,0,0,1,1,12,30
477838,Victoria,British Columbia,1030 Cook Street,48.42330959558,-123.35438071317,apartment,2445.0,2.0,1.0,850.0,0,0,0,0,12,30
541637,Victoria,British Columbia,1855 Fort Street,48.430099,-123.328433,apartment,2040.0,1.0,1.0,600.0,0,0,1,1,12,30
477852,Victoria,British Columbia,788-790 Dominion Road,48.436369,-123.393854,apartment,2020.0,1.0,1.0,637.0,0,0,1,1,12,30
537553,Victoria,British Columbia,830 Craigflower Road,48.440018,-123.394636,apartment,2275.0,2.0,1.0,845.0,0,0,1,1,12,30
477847,Victoria,British Columbia,660 Niagara Street,48.411499045557,-123.36971445949,apartment,2385.0,1.0,1.0,683.0,0,0,1,1,12,30
390986,Victoria,British Columbia,345 Quebec Street,48.4211298,-123.3758512,apartment,2850.0,2.0,1.0,680.0,0,0,1,1,12,0
551612,Victoria,British Columbia,1628 Store Street,48.429,-123.37041,apartment,2300.0,1.0,1.0,534.0,1,0,0,0,12,0
313132,Victoria,British Columbia,691-697 Hoylake Avenue,48.4664987,-123.5001911,apartment,2075.0,1.0,1.0,646.0,0,0,1,1,12,0
333673,Victoria,British Columbia,819 Yates Street,48.425425,-123.3612551,apartment,2020.0,1.0,1.0,495.0,0,0,1,1,12,0
570112,Victoria,British Columbia,711 Treanor Ave,48.4638506,-123.5010764,apartment,2500.0,2.0,1.0,706.0,0,0,1,1,12,0
450151,Victoria,British Columbia,2951 Craigowan Rd,48.4554197,-123.4268015,apartment,2450.0,2.0,1.0,800.0,0,0,1,1,12,0
501094,Victoria,British Columbia,945 & 955 Reunion Avenue,48.4371643,-123.5113983,apartment,2595.0,2.0,2.0,844.0,0,0,1,1,12,0
570604,Victoria,British Columbia,952 Johnson Street,48.4264918,-123.3570984,apartment,2625.0,1.0,1.0,657.0,0,0,1,1,12,0
569575,Victoria,British Columbia,540 West Bay Terrace,48.4291677,-123.3979746,apartment,2085.0,1.0,1.0,507.0,0,0,1,1,12,0
525204,Victoria,British Columbia,727 Yates Street,48.4259351,-123.3639534,apartment,1995.0,1.0,1.0,532.0,0,0,1,1,12,0
476853,Victoria,British Columbia,1345 Pandora Ave.,48.4266221,-123.3450159,apartment,2350.0,2.0,1.0,885.0,0,0,0,0,12,0
369494,Victoria,British Columbia,725 Yates Street,48.4260357,-123.3638725,apartment,1975.0,1.0,1.0,550.0,0,0,1,1,12,0
569574,Victoria,British Columbia,341 Latoria Blvd,48.4078472,-123.4882696,apartment,2300.0,1.0,1.0,651.0,0,0,1,1,12,0
569577,Victoria,British Columbia,45 Gorge Rd E,48.4434044,-123.3875821,apartment,2350.0,1.0,1.0,595.0,0,0,1,1,12,0
569397,Victoria,British Columbia,Langford,48.4060738,-123.5079678,apartment,2000.0,1.0,1.0,529.0,0,0,0,0,12,0
567856,Victoria,British Columbia,Victoria West,48.4413187,-123.4226547,townhouse,3300.0,2.0,2.0,1450.0,0,0,0,1,12,0
566713,Victoria,British Columbia,Gordon Head,48.483893,-123.3093704,basement,2250.0,1.0,1.0,1200.0,0,0,0,0,6,0
566764,Victoria,British Columbia,1239 Pandora Avenue,48.4267794,-123.3483162,basement,1600.0,1.0,1.0,500.0,1,0,0,0,12,0
373885,Victoria,British Columbia,950 Rockland Ave.,48.4225308,-123.3584197,apartment,1850.0,1.0,1.0,565.0,0,0,1,0,12,30
514612,Victoria,British Columbia,909 Market St.,48.439773,-123.3617257,apartment,1650.0,1.0,1.0,633.0,0,0,0,0,12,14
569958,Victoria,British Columbia,3287 Quadra Street,48.4514033,-123.360475,apartment,2120.0,2.0,1.0,861.0,0,0,0,0,12,29
551887,Victoria,British Columbia,15 Erskine Lane,48.4648976,-123.4371013,apartment,2975.0,3.0,2.0,822.0,0,0,1,1,12,30
569784,Victoria,British Columbia,Langford,48.467878,-123.5062542,house,2450.0,2.0,1.0,1100.0,0,0,0,0,12,30
523562,Victoria,British Columbia,2830 Peatt Road,48.448462,-123.5015036,apartment,2500.0,2.0,2.0,846.0,0,0,1,1,12,44
570007,Wardner,British Columbia,6298 Laurier Street,49.4138871,-115.4220279,house,3000.0,3.0,1.5,1600.0,0,0,1,0,12,0
430178,West Kelowna,British Columbia,"2200, 2210, 2220 Majoros Road",49.828527,-119.616075,apartment,1765.0,1.0,1.0,614.0,0,0,0,0,12,0
355823,West Kelowna,British Columbia,"3605, 3615, 3625 & 3635 Carrington Road",49.831109,-119.61694399999,apartment,1805.0,2.0,1.0,845.0,0,0,1,1,12,0
478003,West Kelowna,British Columbia,3623 Elliot Road,49.8319585,-119.6314177,apartment,1680.0,1.0,1.0,603.0,0,0,1,1,12,0
468510,West Kelowna,British Columbia,3409 Old Okanagan Highway,49.8409056,-119.625501,apartment,1963.0,2.0,2.0,883.0,0,0,1,1,12,61
441403,West Kelowna,British Columbia,3500 Sonoma Pines Drive,49.834738994847,-119.61249769364,apartment,1668.0,1.0,1.0,635.0,0,0,1,1,12,0
550836,West Kelowna,British Columbia,2301 Carrington Road,49.829870524421,-119.619745568604,apartment,2500.0,2.0,2.0,1355.0,0,0,1,1,6,0
417996,West Vancouver,British Columbia,2020 Bellevue Avenue,49.3278533,-123.1667191,apartment,4300.0,2.0,1.5,1050.0,0,0,0,0,12,0
506166,West Vancouver,British Columbia,723 Main St,49.3267471,-123.1357037,apartment,3010.0,1.0,1.0,527.0,0,0,1,1,12,0
333611,West Vancouver,British Columbia,935 Marine Drive,49.3269674,-123.1421567,apartment,6055.0,3.0,2.0,1648.0,0,0,1,1,12,0
460750,West Vancouver,British Columbia,2190 Bellevue Avenue,49.3292696,-123.1703217,apartment,5595.21,3.0,2.0,1317.0,0,0,0,0,12,0
460751,West Vancouver,British Columbia,2222 Bellevue Avenue,49.3296438,-123.1719173,apartment,4959.12,2.0,1.0,1100.0,0,0,1,1,12,0
564337,White Rock,British Columbia,1371 Blackwood Street,49.026792,-122.806647,apartment,2095.0,1.0,1.0,615.0,0,0,0,0,12,0
404002,Blumenort,Manitoba,59 Oakdale Drive,49.605011,-96.694463,apartment,1290.0,3.0,1.0,1019.0,0,1,1,0,12,44
404885,Brandon,Manitoba,13 - 3505 Willowdale Crescent,49.831009973892,-99.989293278943,apartment,1025.0,1.0,1.0,725.0,0,0,0,0,12,0
419397,Headingley,Manitoba,26 Blumberg Trail,49.8756056,-97.351165,townhouse,2005.0,3.0,1.5,1221.0,0,1,1,0,12,92
399922,Ile des Chênes,Manitoba,511 Meadowlark Boulevard,49.7113653,-96.994778,townhouse,1885.0,3.0,1.5,1221.0,0,1,1,0,12,91
408360,Niverville,Manitoba,425 6th Avenue South,49.5937448,-97.0265215,apartment,1390.0,3.0,1.0,975.0,0,1,1,0,12,29
404011,Niverville,Manitoba,10 Foxdale Way,49.593903762278,-97.027919015344,townhouse,1700.0,3.0,1.5,1221.0,0,1,1,0,12,60
331638,Portage la Prairie,Manitoba,3 - 534   Hazel Bay Portage La Prairie,49.9804399,-98.2770825,apartment,1000.0,2.0,1.0,920.0,0,0,0,0,12,0
375580,Portage la Prairie,Manitoba,1020 Dufferin Avenue East,49.9698222,-98.2792783,apartment,1448.0,1.0,1.0,651.0,0,0,1,1,12,30
472849,Saint Adolphe,Manitoba,1 Tourond Creek Drive,49.6664276,-97.1089146,townhouse,1720.0,2.0,1.5,1008.0,0,1,1,0,12,43
446842,Saint Adolphe,Manitoba,3 & 5 Tourond Creek Drive,49.6664276,-97.1089146,apartment,1395.0,2.0,1.0,876.0,0,1,1,0,12,91
399884,Selkirk,Manitoba,900 Vaughan Avenue,50.1496139,-96.8949837,townhouse,1980.0,3.0,1.5,1221.0,0,1,1,0,12,30
294686,Selkirk,Manitoba,1027A Manitoba Ave,50.1577043,-96.8990378,apartment,1448.0,2.0,2.0,937.0,0,0,1,1,12,0
496109,Selkirk,Manitoba,165 Main St.,50.133657585016,-96.886089251321,apartment,1100.0,0.0,1.0,468.0,0,0,0,0,12,61
294460,Selkirk,Manitoba,380 Sophia St,50.145806,-96.879423,apartment,1548.0,2.0,1.0,859.0,0,0,1,1,12,0
527006,Selkirk,Manitoba,1027 B Manitoba Ave,50.1541756,-96.8930177,townhouse,1898.0,3.0,2.5,1551.0,0,0,1,1,12,50
436537,Steinbach,Manitoba,4 Brighton Lane,49.525999590055,-96.667920040228,apartment,1405.0,3.0,1.0,975.0,0,1,1,0,12,60
399908,West St. Paul,Manitoba,3813 Main Street,49.9874455,-97.0596637,apartment,1575.0,3.0,1.0,975.0,0,1,1,0,12,29
419399,West St. Paul,Manitoba,269 Balderstone Road,49.9791511,-97.0621253,townhouse,2055.0,3.0,1.5,1221.0,0,1,1,0,12,60
451298,West St. Paul,Manitoba,3813 Main Street,49.9880256,-97.0580215,townhouse,2060.0,3.0,1.5,1221.0,0,1,1,0,12,91
531503,Winnipeg,Manitoba,70 Festival Drive,49.8848766,-97.3393626,apartment,1645.0,2.0,1.0,908.0,0,0,1,0,12,0
475909,Winnipeg,Manitoba,300 Main,49.8936743,-97.1381078,apartment,2418.0,2.0,2.0,1240.0,0,0,1,1,12,0
475728,Winnipeg,Manitoba,595 Ballantrae Drive,49.821059645194,-97.162094750648,apartment,1630.0,1.0,1.0,790.0,0,1,1,0,12,61
553231,Winnipeg,Manitoba,250 Centre Street,49.7977381,-97.1975449,apartment,2195.0,3.0,2.0,1105.0,0,0,1,1,12,92
504775,Winnipeg,Manitoba,145 Mira Gate,49.9649707918,-97.124829523297,apartment,1845.0,2.0,2.0,930.0,0,0,1,1,12,0
406031,Winnipeg,Manitoba,100 Lyra Gate,49.9666467,-97.1289338,apartment,1595.0,1.0,1.0,642.0,0,0,1,1,12,92
510573,Winnipeg,Manitoba,70 Park East Drive,49.796895773922,-97.197333497098,apartment,1573.0,1.0,1.0,604.0,0,0,1,1,12,0
486610,Winnipeg,Manitoba,425 Ballantrae,49.8235629,-97.1579465,apartment,1438.0,0.0,1.0,367.0,0,0,1,1,12,0
449132,Winnipeg,Manitoba,15 Cooper's town Road,49.7958549,-97.199031,apartment,1628.0,1.0,1.0,596.0,0,0,1,1,12,0
373876,Winnipeg,Manitoba,90 Waterford Green Common & 10 Highwater Path,49.9564226,-97.195630899999,apartment,1595.0,1.0,1.0,591.0,0,0,1,1,12,0
368869,Winnipeg,Manitoba,"10, 11 & 20 El Tassi Drive",49.9025711,-97.0502252,apartment,1585.0,1.0,1.0,564.0,0,0,1,1,12,0
321514,Winnipeg,Manitoba,703 Sterling Lyon Pkwy,49.8456487,-97.2176468,apartment,1650.0,1.0,1.0,650.0,0,0,1,1,12,0
516506,Winnipeg,Manitoba,20 Ken Oblik Drive,49.777065856581,-97.195290289688,townhouse,2343.0,3.0,2.5,1320.0,0,0,1,1,12,0
440105,Winnipeg,Manitoba,186 Appleford Gate,49.7896012,-97.2105338,apartment,1520.0,1.0,1.0,516.0,0,0,1,1,12,0
333927,Winnipeg,Manitoba,355 Bridge Lake Drive,49.7914742,-97.2055305,apartment,1625.0,1.0,1.0,652.0,0,0,1,1,12,0
412411,Winnipeg,Manitoba,70 Bison Drive,49.8002016,-97.161045,apartment,2072.0,2.0,2.0,1110.0,0,0,1,1,3,0
486132,Winnipeg,Manitoba,2390 McPhillips St.,49.959214,-97.144349,apartment,1565.0,1.0,1.0,678.0,0,0,0,0,12,0
568712,Winnipeg,Manitoba,233 Kennedy,49.8902853,-97.1470575,apartment,1525.0,1.0,1.0,723.0,0,0,1,1,12,0
477143,Winnipeg,Manitoba,265 Princess St,49.9030914,-97.1386275,apartment,1212.0,1.0,1.0,559.0,0,0,1,1,12,0
553286,Winnipeg,Manitoba,15 Refinery Way,49.817675958752,-97.171559315063,apartment,1525.0,1.0,1.0,654.0,0,0,1,1,12,0
513370,Winnipeg,Manitoba,399 Stan Bailie Drive,49.77748,-97.18573,apartment,2325.0,2.0,2.0,1249.0,0,0,1,1,12,0
556403,Winnipeg,Manitoba,1125 Pembina Hwy,49.8474575,-97.1534696,apartment,1995.0,2.0,2.0,988.0,0,0,1,1,12,0
540745,Winnipeg,Manitoba,"315, 335, 355, 375, 395 Ballantrae Drive",49.822579453643,-97.162635477957,townhouse,1750.0,2.0,1.0,812.0,0,0,1,1,12,0
527029,Winnipeg,Manitoba,50 Whellams Lane,49.9488943,-97.0939681,apartment,1350.0,1.0,1.0,750.0,0,1,0,0,12,0
412412,Winnipeg,Manitoba,50 Bison Drive,49.8011017,-97.1601281,apartment,2022.0,2.0,2.0,944.0,0,0,1,1,12,30
397166,Winnipeg,Manitoba,40 Des Hivernants Blvd N,49.8375696,-97.0413675,apartment,1390.0,1.0,1.0,484.0,0,0,1,1,12,92
411878,Winnipeg,Manitoba,2096 & 2106 De Vries Avenue,49.9433055,-97.0355369,apartment,1450.0,1.0,1.0,754.0,0,1,1,0,12,29
503665,Winnipeg,Manitoba,140 Eaglewood Dr,49.778017780328,-97.195427116394,townhouse,1425.0,1.0,1.0,529.0,0,0,1,1,12,34
436538,Winnipeg,Manitoba,1650 Leila Avenue,49.9625308,-97.1761238,townhouse,2150.0,3.0,1.5,1221.0,0,1,1,0,12,60
536861,Winnipeg,Manitoba,160 Smith Street,49.889664,-97.140109,apartment,1420.0,1.0,1.0,659.0,0,0,0,0,12,0
558674,Winnipeg,Manitoba,400 Stradbrook Street,49.8780996,-97.1426988,apartment,800.0,0.0,1.0,380.0,0,0,1,1,12,0
510355,Winnipeg,Manitoba,2766 Main Street,49.963857,-97.0832466,apartment,1725.0,2.0,2.0,876.0,0,0,1,1,12,0
537670,Winnipeg,Manitoba,33 Hargrave Street,49.8919423,-97.1440631,apartment,830.0,0.0,1.0,383.0,0,0,0,0,12,0
369487,Winnipeg,Manitoba,66 Morrow Ave,49.854339,-97.098636,apartment,1246.0,1.0,1.0,563.0,0,1,1,1,12,0
376671,Winnipeg,Manitoba,225 Carlton Street,49.8911866,-97.144933,apartment,2410.0,2.0,2.0,918.0,0,0,1,1,12,0
334124,Winnipeg,Manitoba,360 Cumberland Ave,49.8963157,-97.1474784,apartment,971.0,0.0,1.0,462.0,0,0,1,1,12,0
460748,Winnipeg,Manitoba,"15,19,23,27 Prymak Place",49.9480694,-97.1311604,townhouse,1668.0,2.0,1.5,900.0,0,0,1,1,12,0
572173,Winnipeg,Manitoba,3640 Ferrier Street,49.970573232752,-97.110638223743,apartment,1498.0,1.0,1.0,650.0,0,0,1,1,12,0
369476,Winnipeg,Manitoba,455 Leila Avenue,49.9464785,-97.1256927,apartment,1275.0,2.0,1.0,783.0,0,1,1,0,12,0
443722,Winnipeg,Manitoba,595 River Ave.,49.8781293,-97.1524224,apartment,1349.0,1.0,1.0,510.0,0,0,0,0,12,0
492856,Winnipeg,Manitoba,185 Smith Street,49.8904486,-97.1398543,apartment,1670.0,1.0,1.0,530.0,0,0,1,1,12,0
443724,Winnipeg,Manitoba,2080 Pembina Hwy.,49.8153517,-97.150526,apartment,1591.0,1.0,1.0,661.0,0,0,0,0,12,0
417984,Winnipeg,Manitoba,2945 Pembina Highway,49.7859849,-97.158268,apartment,1433.0,1.0,1.0,706.0,0,0,0,0,12,0
294016,Winnipeg,Manitoba,225 North Town Rd,49.799461,-97.192343,apartment,1728.0,2.0,1.0,859.0,0,0,1,1,12,0
568594,Winnipeg,Manitoba,205 Peguis Street,49.9017491,-97.0492729,apartment,2200.0,3.0,2.5,1258.0,0,0,0,0,12,0
443715,Winnipeg,Manitoba,15 Carlton St.,49.8847287,-97.1412339,apartment,1450.0,1.0,1.0,820.0,0,0,0,0,12,0
566215,Winnipeg,Manitoba,260 Wellington Crescent,49.8726038,-97.1522232,apartment,2400.0,2.0,1.5,1070.0,0,0,1,1,12,0
570587,Winnipeg,Manitoba,78 Dellwood Crescent,49.8562484,-97.3186932,duplex,1950.0,3.0,1.5,1400.0,0,0,0,1,12,0
553792,Winnipeg,Manitoba,15 Berwick Court,49.8605818,-97.1463624,apartment,1258.0,0.0,1.0,365.0,0,0,1,1,12,0
477695,Winnipeg,Manitoba,304 Stradbrook Avenue,49.8794921,-97.1390428,apartment,910.0,0.0,1.0,574.0,0,0,1,0,12,0
486684,Winnipeg,Manitoba,Bridgwater Trails,49.7803721,-97.209928,townhouse,3190.0,5.0,3.0,2700.0,1,0,0,0,12,0
515262,Winnipeg,Manitoba,5610 Roblin Blvd,49.8595641,-97.2953402,apartment,1288.0,1.0,1.0,600.0,0,0,1,1,12,0
492905,Winnipeg,Manitoba,71 Roslyn Road,49.8808623,-97.1453093,apartment,1850.0,2.0,2.0,996.0,0,0,1,1,12,0
504938,Winnipeg,Manitoba,835 Sterling Lyon Parkway,49.8451463,-97.2264515,apartment,3120.0,1.0,1.0,570.0,1,0,1,1,3,0
534774,Winnipeg,Manitoba,90 Alexander,49.9000297,-97.1325457,apartment,1850.0,2.0,2.0,721.0,0,0,0,0,12,0
568528,Winnipeg,Manitoba,384 Arnold Avenue,49.8641984,-97.1392619,duplex,2200.0,3.0,2.5,2200.0,0,0,0,0,12,0
568604,Winnipeg,Manitoba,325 Park East Drive,49.7920355,-97.1961969,apartment,1575.0,2.0,1.0,686.0,0,0,0,0,12,0
477712,Winnipeg,Manitoba,90 Garry Street,49.8874512,-97.1375937,apartment,1799.0,2.0,2.0,1096.0,0,0,1,1,12,0
555755,Winnipeg,Manitoba,606 Stradbrook Avenue,49.8757593,-97.1498048,apartment,1555.0,1.0,1.0,780.0,0,0,1,1,12,0
504936,Winnipeg,Manitoba,795 Sterling Lyon Parkway,49.8452617,-97.2246084,apartment,4500.0,2.0,2.0,965.0,1,0,1,1,3,0
514592,Winnipeg,Manitoba,7 Evergreen Place,49.880550456976,-97.14949713055,apartment,3200.0,1.0,1.0,656.0,0,0,0,0,12,0
477694,Winnipeg,Manitoba,66 Carlton Street,49.8861391,-97.1423835,apartment,1025.0,1.0,1.0,674.0,0,0,1,0,12,0
359806,Winnipeg,Manitoba,30 Windmill Way,49.863056,-97.319109,apartment,990.0,1.0,1.0,677.0,0,0,0,0,12,0
520446,Winnipeg,Manitoba,610 Portage Avenue,49.8885679,-97.1566103,apartment,819.0,1.0,1.0,536.0,0,0,0,0,12,0
352758,Winnipeg,Manitoba,7/11 Evergreen Place,49.8811004,-97.1492662,apartment,2845.0,2.0,2.0,1300.0,0,0,0,0,12,0
369479,Winnipeg,Manitoba,611 Jefferson Avenue,49.9402464,-97.1397642,apartment,1315.0,2.0,1.0,792.0,0,1,1,0,12,61
537870,Winnipeg,Manitoba,70 Garry,49.8864857,-97.1369165,apartment,1002.0,0.0,1.0,408.0,0,0,0,0,12,60
294459,Winnipeg,Manitoba,2475 Waverley St,49.789818,-97.17491,apartment,1728.0,2.0,2.0,938.0,0,0,1,1,12,30
560882,Winnipeg,Manitoba,3435 Pembina Hwy,49.7689164,-97.1567008,apartment,1299.0,1.0,1.0,540.0,0,0,1,1,12,31
368637,Winnipeg,Manitoba,745 Ballantrae Drive,49.821109128923,-97.164800370361,apartment,1748.0,2.0,2.0,948.0,0,0,1,1,12,30
537627,Winnipeg,Manitoba,525 St. Mary Avenue,49.889531351369,-97.152364615342,apartment,0.0,1.0,1.0,680.0,1,0,1,1,12,29
294330,Winnipeg,Manitoba,1153 St. Anne's Rd.,49.8144286,-97.0764085,apartment,1638.0,2.0,1.0,835.0,0,0,1,1,12,61
443709,Winnipeg,Manitoba,270 Roslyn Rd,49.8791535,-97.1534142,apartment,1420.0,1.0,1.0,682.0,0,0,0,0,12,30
443711,Winnipeg,Manitoba,200/234 Ronald St,49.8798048,-97.2720894,apartment,1229.0,1.0,1.0,600.0,0,0,0,0,12,61
345242,Winnipeg,Manitoba,180 Roslyn Road,49.879789,-97.149664,apartment,1579.0,1.0,1.0,580.0,0,0,1,1,12,30
551734,Winnipeg,Manitoba,315 Bannatyne Avenue,49.89885,-97.14236,apartment,1274.0,1.0,1.0,500.0,0,0,1,1,12,0
556620,Winnipeg,Manitoba,1175 Leila Avenue,49.956625,-97.158377,apartment,1480.0,1.0,1.0,581.0,0,0,1,0,12,53
294020,Winnipeg,Manitoba,875 Camiel Sys Street,49.877508,-97.028761,townhouse,2048.0,3.0,2.5,1217.0,0,0,1,1,12,26
376881,Winnipeg,Manitoba,333 & 337 Warde Avenue,49.8065984,-97.1137877,apartment,1670.0,2.0,1.0,916.0,0,0,1,1,12,30
321922,Winnipeg,Manitoba,115 North Point Boulevard,49.965583,-97.130722,apartment,1688.0,2.0,2.0,914.0,0,0,1,1,12,61
375640,Winnipeg,Manitoba,299 Queen Street,49.882694,-97.2069674,apartment,1315.0,1.0,1.0,586.0,0,0,1,0,12,30
294456,Winnipeg,Manitoba,586 Sterling Lyon,49.8388314,-97.2220294,apartment,1898.0,2.0,1.0,859.0,0,0,1,1,12,30
469370,Winnipeg,Manitoba,1085  Court Avenue,49.9569447,-97.1507581,apartment,2018.0,3.0,2.0,1047.0,0,0,1,1,12,92
294322,Winnipeg,Manitoba,200 Burning Glass Rd,49.836916,-97.0479025,apartment,1608.0,2.0,1.0,850.0,0,0,1,1,12,30
294326,Winnipeg,Manitoba,1350 Concordia Ave E,49.9128344,-97.0493088,apartment,1738.0,2.0,1.0,852.0,0,0,1,1,12,30
540223,Winnipeg,Manitoba,64 Sand Piper Trail N,49.6727119,-96.8147914,townhouse,1225.0,2.0,1.0,915.0,0,0,1,1,12,92
443725,Winnipeg,Manitoba,700 Setter Street,49.8834731,-97.2814252,apartment,1694.0,2.0,1.0,849.0,0,0,0,0,12,61
294455,Winnipeg,Manitoba,2471 Main St,49.9562249,-97.0953638,apartment,1608.0,2.0,1.0,904.0,0,0,1,1,12,30
486391,Winnipeg,Manitoba,394 Academy Road,49.8736233,-97.1828795,apartment,1920.0,2.0,1.0,733.0,0,0,1,1,12,61
369474,Winnipeg,Manitoba,1035 Powers Street,49.9432594,-97.1221087,apartment,1389.0,1.0,1.0,572.0,0,1,1,1,12,61
417992,Winnipeg,Manitoba,1750 Pembina Highway,49.826578,-97.15167,apartment,1297.0,1.0,1.0,675.0,0,0,0,0,12,61
294324,Winnipeg,Manitoba,525 Peguis St,49.912577,-97.046899,apartment,1768.0,2.0,1.0,859.0,0,0,1,1,12,61
469332,Winnipeg,Manitoba,2510 Portage Ave.,49.8746203,-97.2578408,apartment,1499.0,1.0,1.0,642.0,0,0,0,0,12,61
469333,Winnipeg,Manitoba,40 Osborne St.,49.880491,-97.147082,apartment,1099.0,1.0,1.0,610.0,0,0,0,0,12,61
294327,Winnipeg,Manitoba,10 Guy Savoie Dr,49.885144,-97.0353613,apartment,1608.0,2.0,1.0,860.0,0,0,1,1,12,92
570963,Winnipeg,Manitoba,2735 Pembina Highway,49.7935938,-97.1585468,apartment,1950.0,2.0,1.0,779.0,0,0,1,1,12,92
341776,Dieppe,New Brunswick,"25, 35 & 55 Primrose Lane, Dieppe",46.0867821,-64.7341725,apartment,1835.0,2.0,1.0,870.0,0,0,1,1,12,0
331174,Moncton,New Brunswick,196 Carson Drive,46.1133714,-64.8235895,apartment,1470.0,1.0,1.0,816.0,0,0,0,0,12,0
331173,Moncton,New Brunswick,22 Fairlane Drive,46.1095905,-64.824791699999,apartment,1505.0,1.0,1.0,756.0,0,0,0,0,12,0
331175,Moncton,New Brunswick,230 Mapleton Road,46.1144877,-64.8257888,apartment,1460.0,1.0,1.0,790.0,0,0,0,0,12,0
327760,St. John's,Newfoundland and Labrador,35 Tiffany Lane,47.58748,-52.71304,apartment,950.0,0.0,1.0,410.0,0,0,0,0,12,0
321118,St. John's,Newfoundland and Labrador,"30, 64 Crosbie Road",47.5570011,-52.743582,apartment,1165.0,2.0,1.0,846.0,0,0,1,1,12,0
433677,St. John's,Newfoundland and Labrador,148 Torbay Rd,47.5900098,-52.7087268,apartment,1235.0,3.0,1.0,833.0,0,0,1,1,12,0
321126,St. John's,Newfoundland and Labrador,12 Blackmarsh Rd,47.553932,-52.727546,apartment,1195.0,2.0,1.0,820.0,0,0,1,0,12,60
321127,St. John's,Newfoundland and Labrador,99-109 Terra Nova Road,47.558632,-52.745029,apartment,955.0,1.0,1.0,497.0,0,0,0,1,12,60
561692,Bedford,Nova Scotia,16 Rooksview Lane,44.711793743585,-63.714878209509,apartment,2895.0,3.0,2.0,1366.0,0,0,1,0,12,61
531328,Bedford,Nova Scotia,"118 & 120 Tilbury Avenue, Bedford, NS",44.70899,-63.69813,apartment,2130.0,1.0,1.0,1005.0,0,0,0,0,12,0
537577,Bedford,Nova Scotia,"200 Broad Street Bedford, NS B4B 0T4",44.7168574,-63.708545,apartment,1980.0,1.0,1.0,1136.0,0,0,0,0,12,0
477759,Bedford,Nova Scotia,24 Farringdon Way,44.716054,-63.711867,apartment,2630.0,2.0,1.0,1429.0,0,0,1,1,12,0
330167,Bedford,Nova Scotia,22 BEDROS LANE,44.6991742,-63.6666477,apartment,2371.34,1.0,1.0,955.0,0,0,0,0,12,43
330252,Glace Bay,Nova Scotia,65-73 Dominion Street,46.1798471,-59.9729822,apartment,1399.0,2.0,1.0,890.0,0,0,1,1,12,0
571570,Halifax,Nova Scotia,2562 Maynard Street,44.6556207,-63.5919536,apartment,3450.0,3.0,2.0,1296.0,0,0,1,0,12,61
396118,Halifax,Nova Scotia,3330 Barnstead Lane,44.6538812,-63.6250043,apartment,1720.0,0.0,1.0,698.0,0,0,1,1,12,0
537575,Halifax,Nova Scotia,79 Holtwood Court,44.654795,-63.533221,apartment,1990.0,1.0,1.0,807.0,0,0,0,0,12,0
537573,Halifax,Nova Scotia,39 Seapoint Rd.,44.7000572,-63.608535599999,apartment,2245.0,1.0,1.0,874.0,0,0,0,0,12,0
549527,Halifax,Nova Scotia,3075 Devonshire Avenue,44.6644651,-63.5950005,apartment,2655.0,2.0,1.0,1040.0,0,0,1,1,12,0
569727,Halifax,Nova Scotia,72 Primrose St,44.685050490378,-63.58239302737,apartment,2195.0,1.0,1.0,735.0,0,0,1,1,12,0
477851,Halifax,Nova Scotia,40 Charlotte Lane,44.696444,-63.66276,apartment,2345.0,2.0,1.0,1450.0,0,0,1,1,12,0
477867,Halifax,Nova Scotia,1333 South Park Street,44.640385,-63.578674,apartment,2135.0,1.0,1.0,614.0,0,0,1,1,12,0
477853,Halifax,Nova Scotia,2001 Brunswick Street,44.6491657,-63.5798265,apartment,1885.0,0.0,1.0,510.0,0,0,1,1,12,0
477858,Halifax,Nova Scotia,"2334 Longard Plaza, 2309, 2319, 2327, 2334 Brunswick St., 5214 Gerris",44.6559,-63.585078,apartment,1995.0,1.0,1.0,667.0,0,0,1,1,12,0
477845,Halifax,Nova Scotia,1920 Brunswick Street,44.6496401,-63.5806813,apartment,2030.0,0.0,1.0,507.0,0,0,1,1,12,0
477866,Halifax,Nova Scotia,2074 Robie Street,44.648783,-63.591276,apartment,1750.0,0.0,1.0,507.0,0,0,1,1,12,0
370323,Halifax,Nova Scotia,1338 Hollis St.,44.6428116,-63.5705215,apartment,2350.0,2.0,1.0,825.0,0,0,1,0,12,0
477857,Halifax,Nova Scotia,2073-2077 Brunswick Street,44.6518762,-63.5802139,apartment,2465.0,2.0,1.0,850.0,0,0,1,1,12,0
570031,Halifax,Nova Scotia,5415 Cogswell Street,44.65129,-63.57976,apartment,2075.0,1.0,1.0,606.0,0,0,1,1,12,0
477861,Halifax,Nova Scotia,80 Chipstone Close - 81 Radcliffe Drive,44.6679796,-63.670945,apartment,1855.0,1.0,1.0,780.0,0,0,1,1,12,0
477863,Halifax,Nova Scotia,5885 Cunard Street,44.6513341,-63.5936874,apartment,2095.0,1.0,1.0,749.0,0,0,1,1,12,0
477859,Halifax,Nova Scotia,1991 Brunswick Street,44.6491657,-63.5798265,apartment,1895.0,1.0,1.0,659.0,0,0,1,1,12,0
477855,Halifax,Nova Scotia,5770 Spring Garden Road,44.641591,-63.581225,apartment,1870.0,0.0,1.0,510.0,0,0,1,1,12,30
477860,Halifax,Nova Scotia,1030 South Park Street,44.635115,-63.576446,apartment,1775.0,0.0,1.0,500.0,0,0,1,1,12,30
364827,Halifax,Nova Scotia,5633 Fenwick St.,44.6380814,-63.5753178,apartment,2900.0,2.0,1.5,1090.0,0,0,1,1,12,30
477856,Halifax,Nova Scotia,2065 Brunswick Street,44.6518762,-63.5802139,apartment,2480.0,2.0,1.0,966.0,0,0,1,1,12,30
477854,Halifax,Nova Scotia,1881 Brunswick Street,44.6491657,-63.5798265,apartment,2215.0,1.0,1.0,766.0,0,0,1,1,12,30
527225,Halifax,Nova Scotia,101 Ochterloney St,44.668327634993,-63.566661179078,apartment,2425.0,1.0,1.0,1170.0,0,0,1,1,12,61
364824,Halifax,Nova Scotia,5778 South St.,44.6374433,-63.5797438,apartment,2400.0,2.0,1.0,649.0,0,0,1,0,12,92
561702,Halifax,Nova Scotia,1470 Queen Street,44.6426918,-63.5759439,apartment,2155.0,1.0,1.0,580.0,0,0,0,0,12,0
509752,Halifax,Nova Scotia,2735 Clifton Street,44.6561443,-63.5994857,apartment,2750.0,2.0,2.0,1224.0,0,0,0,0,12,0
506365,Halifax,Nova Scotia,5515 Clyde Street,44.6417597,-63.5767077,apartment,4500.0,1.0,1.0,600.0,1,0,1,0,3,0
506363,Halifax,Nova Scotia,1595 Barrington St,44.6461576,-63.5733838,apartment,4650.0,1.0,1.0,570.0,1,0,0,0,3,0
432953,Halifax,Nova Scotia,1070 Barrington St,44.6375816,-63.5699147,apartment,3033.93,2.0,1.0,957.0,0,0,0,0,12,43
415745,Halifax,Nova Scotia,9 Brunello Boulevard,44.6442984,-63.7210011,apartment,5700.0,3.0,2.5,2708.0,0,0,1,1,12,30
430532,Ajax,Ontario,60 Exeter Road,43.8476878,-79.0190789,apartment,2523.25,2.0,1.0,871.0,0,0,1,1,12,58
351346,Ajax,Ontario,33/77 Falby Court,43.8395758,-79.0168767,apartment,2525.0,2.0,1.0,896.0,0,0,0,0,12,92
570907,Ajax,Ontario,89 Muscat Crescent,43.8995391,-79.0223244,basement,1845.0,2.0,1.0,1000.0,0,0,1,1,12,0
568921,Ajax,Ontario,17 Coote Court,43.8706611,-79.0771893,house,3095.0,3.0,3.5,2000.0,0,0,1,1,12,0
568248,Ajax,Ontario,6 Old Kingston Road,43.8540465,-79.0602145,apartment,1825.0,2.0,1.0,1000.0,0,0,1,1,12,0
566172,Ajax,Ontario,79 Chadwick Drive,43.8573722,-79.0336274,basement,1740.0,2.0,1.0,700.0,0,0,1,1,12,0
564683,Ajax,Ontario,11 Stockell Crescent,43.874353,-79.0707065,house,3395.0,4.0,3.5,2900.0,0,0,1,1,12,0
563667,Ajax,Ontario,7 Thorncroft Crescent,43.8439965,-79.0078403,basement,1645.0,1.0,1.0,1000.0,0,0,1,1,12,0
563145,Ajax,Ontario,20 Portelli Crescent,43.8981315,-79.0205673,basement,2295.0,3.0,2.0,1250.0,0,0,1,1,12,0
561839,Ajax,Ontario,5 Coyle Street,43.8951097,-79.0317732,basement,1995.0,2.0,2.0,1300.0,0,0,1,1,12,0
570046,Ajax,Ontario,68 Snowling Drive,43.8923546,-79.0118757,house,3545.0,4.0,2.5,2500.0,1,0,1,1,12,30
570373,Amherstview,Ontario,103-107 Amherst Drive,44.2267071,-76.6425664,apartment,1695.0,2.0,1.0,755.0,0,0,1,1,12,0
569928,Ancaster,Ontario,27 Gristmill Place,43.2010245,-80.0047218,basement,2180.0,2.0,1.5,1100.0,0,0,1,1,12,0
564539,Ancaster,Ontario,305 Garner Road,43.1994921,-79.9965431,townhouse,2695.0,3.0,2.5,1600.0,0,0,1,1,12,0
415758,Aurora,Ontario,55 Wellington St W,43.9985091,-79.4711356,apartment,2499.0,2.0,1.0,850.0,0,0,0,0,12,0
442904,Aurora,Ontario,90 Temperance St,43.9958952,-79.4688488,apartment,2095.0,1.0,1.0,750.0,0,0,0,0,12,0
572127,Aurora,Ontario,145 & 147 Wellington St.,43.9982588,-79.4937216,apartment,2549.0,2.0,1.0,905.0,0,0,0,0,12,0
563855,Ayr,Ontario,180 Northumberland St,43.2909533,-80.4577179,apartment,2145.0,2.0,1.0,884.0,0,0,1,1,12,0
487631,Barrie,Ontario,233 Dunlop Street W,44.38413,-79.70137,apartment,2499.0,2.0,2.0,1000.0,0,0,0,0,12,0
551114,Barrie,Ontario,12 Heather Street,44.4079909,-79.7078657,apartment,1895.0,1.0,1.0,650.0,0,0,1,1,12,0
571710,Barrie,Ontario,3 Curtiss Court,44.4048698,-79.6671829,basement,1695.0,2.0,1.0,2000.0,0,0,1,1,12,0
571709,Barrie,Ontario,3 Curtiss Court,44.4048698,-79.6671829,apartment,1595.0,1.0,1.0,2000.0,0,0,1,1,12,0
519025,Barrie,Ontario,30 Hanmer Street West,44.41571,-79.71701,apartment,2595.0,2.0,2.0,978.0,0,0,1,1,12,0
572129,Barrie,Ontario,15 Maple Avenue,44.3873932,-79.6900094,apartment,2416.0,1.0,1.0,756.0,0,0,0,0,12,0
566731,Barrie,Ontario,1 Evergreen Terrace,44.3536854,-79.6348952,house,2595.0,3.0,2.5,1380.0,0,0,1,1,12,0
570932,Barrie,Ontario,141 Burns Circle,44.3936538,-79.7307898,house,2390.0,3.0,1.5,1200.0,0,0,1,1,12,0
568108,Barrie,Ontario,31 Dunlop Street East,44.388972,-79.6891045,apartment,2025.0,1.0,1.0,800.0,0,0,1,1,12,0
567229,Barrie,Ontario,104 Donald Street,44.3853304,-79.7055208,apartment,1295.0,1.0,1.0,300.0,0,0,1,1,12,0
564575,Barrie,Ontario,14 Chippawa Cout,44.3983338,-79.6513289,basement,1345.0,0.0,1.0,600.0,0,0,1,1,12,0
566933,Barrie,Ontario,31 Lake Crescent,44.3405023,-79.7016201,apartment,2495.0,3.0,2.5,1800.0,0,0,1,1,12,0
566930,Barrie,Ontario,6 Claudio Crescent,44.344968,-79.7039642,house,2645.0,3.0,3.5,2400.0,0,0,1,1,12,0
567029,Barrie,Ontario,235 Ferndale Drive South,44.3543205,-79.7134345,house,2195.0,3.0,2.0,1200.0,0,0,1,1,12,0
566477,Barrie,Ontario,510 Essa Road,44.3412181,-79.7069996,house,2295.0,3.0,1.5,1400.0,0,0,1,1,12,0
566475,Barrie,Ontario,681 Yonge Street,44.355263,-79.6419642,apartment,2690.0,2.0,2.0,1010.0,0,0,1,1,12,0
564729,Barrie,Ontario,6 Zaba Road,44.3610027,-79.5992121,house,2845.0,4.0,4.0,2600.0,0,0,1,1,12,0
562728,Barrie,Ontario,129 Gateland Drive,44.3534355,-79.6352032,townhouse,2445.0,3.0,3.5,1300.0,0,0,1,1,12,0
561838,Barrie,Ontario,22 Hylton Drive,44.3577484,-79.599123,house,2695.0,3.0,2.0,1600.0,0,0,1,1,12,0
563646,Barrie,Ontario,316 Shanty Bay Road,44.3938196,-79.6451045,basement,1695.0,2.0,1.0,1000.0,0,0,1,1,12,0
563454,Barrie,Ontario,540 Essa Road,44.34029,-79.70656,townhouse,2645.0,4.0,2.5,1600.0,0,0,1,1,12,0
560143,Barrie,Ontario,153 Violet Street,44.3291627,-79.7324292,basement,1495.0,1.0,1.0,750.0,0,0,1,1,12,0
560120,Barrie,Ontario,31 Phoenix Boulevard,44.3416181,-79.6385654,house,3195.0,4.0,2.5,2500.0,0,0,1,1,12,0
330171,Barrie,Ontario,37 Johnson Street,44.3959409,-79.6565268,apartment,2238.0,2.0,1.0,897.0,0,0,1,1,12,39
572329,Barrie,Ontario,61 Spry Lane,44.3526664,-79.6214872,house,2445.0,2.0,2.5,1450.0,0,0,1,1,12,30
569220,Barrie,Ontario,10 Mulberry Court,44.3691224,-79.6474804,house,2995.0,3.0,2.5,1500.0,0,0,1,1,12,30
339881,Belleville,Ontario,105 & 107 Ridgeway Place,44.1464943,-77.4195259,apartment,1890.0,2.0,1.0,695.0,0,0,1,1,12,0
331014,Belleville,Ontario,"95, 97 & 99 Sidney St.",44.1564557,-77.3962639,apartment,1685.0,1.0,1.0,638.0,0,0,1,1,12,0
570908,Bolton,Ontario,12061 The Gore Road,43.8214699,-79.7277844,house,3645.0,4.0,1.5,2000.0,0,0,1,1,12,0
571209,Bowmanville,Ontario,133 Elephant Hill Drive,43.9276866,-78.6789476,basement,1895.0,2.0,2.0,1000.0,0,0,1,1,12,0
569290,Bowmanville,Ontario,24 Crombie Street,43.9410452,-78.7092005,basement,1800.0,2.0,1.0,960.0,0,0,1,1,12,30
415756,Bradford,Ontario,14 Davey Blvd,44.1111061,-79.5775132,apartment,1850.0,1.0,1.0,600.0,0,0,0,0,12,0
559503,Bradford,Ontario,85 Sutherland Avenue,44.1048075,-79.583631,basement,1545.0,1.0,1.0,650.0,0,0,1,1,12,0
530621,Brampton,Ontario,205 Queen St. East,43.6943253,-79.7505397,apartment,2345.0,1.0,1.0,525.0,0,0,1,1,12,0
564395,Brampton,Ontario,141 Main Street South,43.6783709,-79.7509843,apartment,2215.0,1.0,1.0,678.0,0,0,1,1,12,0
478005,Brampton,Ontario,"75, 85, 90 Orenda Court",43.691313,-79.746226,apartment,2435.0,2.0,1.0,820.0,0,0,1,1,12,0
477870,Brampton,Ontario,3 Knightsbridge Road,43.717927,-79.715816,apartment,2255.0,1.0,1.0,946.0,0,0,1,1,12,0
477865,Brampton,Ontario,80 Orenda Court,43.691313,-79.746226,apartment,2435.0,2.0,1.0,820.0,0,0,1,1,12,0
477862,Brampton,Ontario,Balmoral Drive,43.707637,-79.714379,apartment,3055.0,3.0,1.0,1340.0,0,0,1,1,12,0
362043,Brampton,Ontario,8 Silver Maple Court,43.712637,-79.728201,apartment,2761.0,1.0,1.0,739.0,0,0,1,1,12,14
404431,Brampton,Ontario,49 MCMURCHY AVE N,43.6836106,-79.769765,apartment,2632.37,2.0,1.0,897.0,0,0,1,1,12,14
332217,Brampton,Ontario,10 Lisa Street,43.709609,-79.725509,apartment,3047.0,2.0,1.5,1128.0,0,0,0,0,12,14
477868,Brampton,Ontario,804 Clark Boulevard,43.727409,-79.70251,apartment,2700.0,2.0,1.0,1105.0,0,0,1,1,12,61
494688,Brampton,Ontario,45 Railroad Street,43.6859824,-79.7658037,apartment,2708.0,2.0,2.0,844.0,0,0,1,1,12,0
569800,Brampton,Ontario,85 Charolais Boulevard,43.6650696,-79.7420906,apartment,1974.0,1.0,1.0,658.0,0,0,1,1,12,0
571845,Brampton,Ontario,55 Yarmouth Street,43.7079674,-79.838594,townhouse,3495.0,4.0,2.5,2250.0,0,0,1,1,12,0
571724,Brampton,Ontario,28 Grange Drive,43.677376,-79.7778844,basement,2195.0,2.0,1.0,900.0,0,0,1,1,12,0
571623,Brampton,Ontario,250 Sunny Meadow Boulevard,43.7573255,-79.7567518,townhouse,2645.0,2.0,1.5,1130.0,0,0,1,1,12,0
569460,Brampton,Ontario,17 Crescent Hill Drive South,43.7249693,-79.7351181,basement,1515.0,0.0,1.0,500.0,1,0,1,1,12,0
568782,Brampton,Ontario,5 Prouse Drive,43.7017233,-79.7708935,house,2133.0,2.0,1.0,1600.0,0,0,1,1,12,0
570507,Brampton,Ontario,10 Lagerfeld Drive,43.6737727,-79.8221433,apartment,2300.0,1.0,1.0,600.0,0,0,1,1,12,0
566900,Brampton,Ontario,36 Alexandria Crescent,43.7105242,-79.7014683,apartment,3995.0,6.0,2.0,2500.0,0,0,1,1,12,0
566729,Brampton,Ontario,163 Wexford Road,43.7160653,-79.7828058,basement,2545.0,3.0,1.5,1200.0,0,0,1,1,12,0
569771,Brampton,Ontario,440 Hansen Road North,43.7116682,-79.7615635,apartment,3145.0,3.0,1.0,1400.0,0,0,1,1,12,0
570045,Brampton,Ontario,66 Lamont Place,43.7095842,-79.7380816,basement,1645.0,1.0,1.0,750.0,0,0,1,1,12,0
564296,Brampton,Ontario,21 Sams Crescent,43.7031471,-79.8365512,basement,1705.0,1.0,1.0,900.0,0,0,1,1,12,0
568923,Brampton,Ontario,98 Remembrance Road,43.694306,-79.8530226,basement,1990.0,2.0,1.0,900.0,0,0,1,1,12,0
562596,Brampton,Ontario,40 Leatherhead Court,43.7142613,-79.7484214,apartment,3605.0,4.0,2.5,2300.0,0,0,1,1,12,0
566438,Brampton,Ontario,15 Slater Circle,43.6972834,-79.7769406,apartment,3095.0,3.0,1.5,1500.0,0,0,1,1,12,0
330261,Brampton,Ontario,"182 Church Street, East",43.697213,-79.753108,apartment,1949.0,1.0,1.0,683.0,0,0,1,1,12,0
567284,Brampton,Ontario,"8351 McLaughlin Road South, Brampton, Ontario L6Y 4H8",43.6634695,-79.7528982,apartment,2150.0,1.0,1.0,650.0,0,0,1,1,12,0
566303,Brampton,Ontario,10 Malta Avenue,43.6564699,-79.727173,apartment,2800.0,2.0,2.0,1300.0,0,0,1,1,12,0
560034,Brampton,Ontario,5 Aldenham Street,43.6750731,-79.7983042,basement,2695.0,4.0,2.0,2000.0,0,0,1,1,12,0
567032,Brampton,Ontario,7 Grand Rapids Square,43.7365016,-79.7227015,apartment,3395.0,4.0,2.0,2600.0,0,0,1,1,12,0
561185,Brampton,Ontario,81 Crown Victoria Drive,43.6961308,-79.8398503,apartment,3995.0,4.0,3.0,3000.0,0,0,1,1,12,0
566905,Brampton,Ontario,69 Trumpet Valley Boulevard,43.6987111,-79.83082,basement,1495.0,1.0,1.0,700.0,0,0,1,1,12,0
560001,Brampton,Ontario,69 Trumpet Valley Boulevard,43.6987111,-79.83082,basement,1495.0,1.0,1.0,700.0,0,0,1,1,12,0
566351,Brampton,Ontario,92 Enford Crescent,43.7001507,-79.8538731,basement,1845.0,2.0,1.0,1200.0,0,0,1,1,12,0
566284,Brampton,Ontario,76 Germain Circle,43.6614692,-79.8213794,basement,1655.0,1.0,1.0,700.0,0,0,1,1,12,0
561348,Brampton,Ontario,13 Rockrose Drive,43.7536738,-79.7539122,apartment,3395.0,3.0,2.5,1800.0,0,0,1,1,12,0
563333,Brampton,Ontario,28 Gold Park Place,43.7021951,-79.8156886,apartment,3320.0,4.0,2.5,2200.0,0,0,1,1,12,0
562952,Brampton,Ontario,29 Gemma Place,43.7253032,-79.796944,house,2095.0,2.0,2.0,1000.0,0,0,1,1,12,0
564666,Brampton,Ontario,590 Remembrance Road,43.7152601,-79.8328476,basement,2095.0,2.0,1.0,1100.0,0,0,1,1,12,0
563668,Brampton,Ontario,100 Ecclestone Drive,43.6966416,-79.7856524,basement,1995.0,2.0,1.0,700.0,0,0,1,1,12,0
564576,Brampton,Ontario,7 Kirk Drive,43.6793355,-79.7886302,basement,2095.0,2.0,1.0,900.0,0,0,1,1,12,0
563511,Brampton,Ontario,44 Victoriaville Road,43.6633987,-79.7941028,basement,2495.0,4.0,2.0,1000.0,0,0,1,1,12,0
563468,Brampton,Ontario,223 Vodden Street West,43.6894561,-79.7820176,basement,2095.0,2.0,1.0,700.0,1,0,1,1,12,0
563467,Brampton,Ontario,13 Rockrose Drive,43.7536738,-79.7539122,basement,1645.0,1.0,1.0,800.0,0,0,1,1,12,0
559639,Brampton,Ontario,99 Veterans Drive,43.6793843,-79.838795,townhouse,2695.0,2.0,1.5,1000.0,0,0,1,1,12,0
562595,Brampton,Ontario,49 Maitland Street,43.7298402,-79.7404771,basement,1595.0,0.0,1.0,800.0,0,0,1,1,12,0
562221,Brampton,Ontario,78 Millhouse Mews,43.6337741,-79.768093,basement,2195.0,2.0,1.0,900.0,0,0,1,1,12,0
561965,Brampton,Ontario,116 Fruitvale Circle,43.7130936,-79.8465169,house,3195.0,3.0,2.0,1950.0,0,0,1,1,12,0
561143,Brampton,Ontario,164 Earnscliffe Circle,43.7209318,-79.7085691,basement,2145.0,2.0,1.0,1000.0,0,0,1,1,12,0
559506,Brampton,Ontario,79 Eastman Drive,43.6774633,-79.7983034,house,3995.0,5.0,4.5,3400.0,0,0,1,1,12,0
560059,Brampton,Ontario,5 Viewforth Road,43.6762901,-79.8207847,house,2995.0,3.0,2.5,1800.0,0,0,1,1,12,0
572162,Brampton,Ontario,84 Olympia Crescent,43.6848433,-79.8074143,house,3095.0,3.0,2.5,1840.0,0,0,1,1,12,30
571395,Brampton,Ontario,21 Albery Road,43.697032,-79.844247,basement,1795.0,1.0,1.0,900.0,0,0,1,1,12,30
569312,Brampton,Ontario,312 Albright Road,43.682998,-79.7921783,house,3195.0,3.0,2.5,1600.0,0,0,1,1,12,30
569292,Brampton,Ontario,312 Albright Road,43.6829567,-79.7921532,basement,1495.0,1.0,1.0,600.0,0,0,1,1,12,30
572484,Brampton,Ontario,5 Humberstone Crescent,43.7012642,-79.8571764,house,3795.0,4.0,3.5,2400.0,0,0,1,1,12,61
571972,Brampton,Ontario,36 Rusthall Way,43.7164922,-79.7689282,townhouse,3250.0,3.0,1.5,2000.0,0,0,0,0,12,61
331109,Brantford,Ontario,555 Park Road North & 335 Dunsdon Street,43.184805848025,-80.249071574066,apartment,2355.0,2.0,2.0,870.0,0,0,1,1,12,0
521761,Brantford,Ontario,"24, 26 & 28 Helen Avenue",43.1276911,-80.2728675,apartment,1685.0,1.0,1.0,655.0,0,0,1,1,12,0
331068,Brantford,Ontario,149 Henry St.,43.154236,-80.244862,apartment,1815.0,1.0,1.0,660.0,0,0,1,1,12,0
331067,Brantford,Ontario,15 & 17 Sympatica Cres.,43.177446,-80.228337,apartment,1735.0,1.0,1.0,547.0,0,0,1,1,12,0
331162,Brantford,Ontario,67 North Park St.,43.1568402,-80.269930899999,apartment,1975.0,2.0,1.0,860.0,0,0,1,1,12,0
331021,Brantford,Ontario,47 Memorial Dr.,43.1721516,-80.2591669,apartment,1790.0,1.0,1.0,660.0,0,0,1,1,12,0
417416,Brantford,Ontario,19 & 23 Lynnwood Drive,43.13997,-80.23679,apartment,1785.0,1.0,1.0,680.0,0,0,1,1,12,0
563654,Brantford,Ontario,27 Bridge St,43.1397058,-80.2679798,apartment,1825.0,2.0,1.0,700.0,0,0,1,1,12,0
556371,Brantford,Ontario,11 West St,43.1398271,-80.269157,apartment,1595.0,1.0,1.0,537.0,0,0,1,1,12,0
556368,Brantford,Ontario,35 Wellington St,43.140893914279,-80.265886588955,apartment,2165.0,2.0,1.0,815.0,0,0,1,1,12,0
465142,Brantford,Ontario,395 Conklin Rd,43.1201067,-80.2978003,apartment,2392.0,2.0,2.0,984.0,0,0,1,1,12,61
351306,Brantford,Ontario,661 West Street,43.1733242,-80.2482991,apartment,1705.0,1.0,1.0,620.0,0,0,1,1,12,75
417422,Brantford,Ontario,120 St Paul Avenue,43.1463676,-80.2818273,apartment,1860.0,2.0,1.0,675.0,0,0,1,1,12,92
567426,Brantford,Ontario,135 Charlotte Street,43.1462311,-80.261227,house,1664.0,2.0,1.0,800.0,0,0,1,1,12,0
571827,Brantford,Ontario,330 Erie Ave.,43.1218459,-80.2517941,duplex,1700.0,1.0,1.0,600.0,0,0,1,1,12,0
569614,Brantford,Ontario,79 Granka Street,43.1167357,-80.3096146,house,2545.0,3.0,2.5,1800.0,0,0,1,1,12,0
563846,Brantford,Ontario,1 Wakeling Drive,43.1501994,-80.3310312,house,2444.0,3.0,2.5,1700.0,0,0,1,1,12,0
349523,Brantford,Ontario,11 Iroquois St,43.1386452,-80.2455673,apartment,1279.0,1.0,1.0,527.0,0,0,0,0,12,0
569926,Brantford,Ontario,585 Colborne Street,43.1394617,-80.2439257,townhouse,2795.0,3.0,2.5,1830.0,0,0,1,1,12,61
564299,Breslau,Ontario,"95 Stamford Street, Breslau, Ontario, N0B 1M0",43.4734747,-80.4220897,basement,1800.0,2.0,1.0,780.0,0,0,1,1,12,0
337476,Burlington,Ontario,610 Surrey Lane,43.319495,-79.828482,apartment,3196.0,2.0,1.5,1200.0,0,0,1,1,12,60
477872,Burlington,Ontario,4067 Longmoor Drive,43.356262,-79.769264,apartment,2530.0,2.0,1.0,1372.0,0,0,1,1,12,0
477875,Burlington,Ontario,3055 Glencrest Road,43.342885,-79.785419,apartment,2335.0,1.0,1.0,848.0,0,0,1,1,12,30
351668,Burlington,Ontario,472 Brock Avenue,43.3214802,-79.8031065,apartment,2175.0,1.0,1.0,551.0,0,0,0,0,12,30
537541,Burlington,Ontario,1440 Tyandaga Park Drive,43.351417,-79.835884,apartment,2600.0,2.0,1.0,1030.0,0,0,1,1,12,30
477873,Burlington,Ontario,5200 Lakeshore Road,43.364734,-79.737709,apartment,2845.0,2.0,1.0,880.0,0,0,1,1,12,30
537550,Burlington,Ontario,2418 Glenwood School Drive,43.3480307,-79.8032331,apartment,3005.0,3.0,1.0,1145.0,0,0,1,1,12,30
477864,Burlington,Ontario,640 Guelph Line,43.343073,-79.791705,apartment,2530.0,2.0,1.0,958.0,0,0,1,1,12,61
477874,Burlington,Ontario,511 Guelph Line,43.339974,-79.786749,apartment,2375.0,1.0,1.0,929.0,0,0,0,0,12,61
351332,Burlington,Ontario,1363 Lakeshore Road,43.3215294,-79.7996466,apartment,2350.0,1.0,1.0,670.0,0,0,1,1,12,61
462825,Burlington,Ontario,2051 Prospect Street,43.3355747,-79.809465,apartment,2595.0,2.0,1.0,996.0,0,0,1,1,12,0
571591,Burlington,Ontario,1135 Cooke Boulevard,43.3113448,-79.8557053,apartment,1825.0,1.0,1.0,550.0,0,0,1,1,12,0
570886,Burlington,Ontario,3200 Dakota Common,43.4091061,-79.8140248,apartment,2123.0,1.0,1.0,640.0,0,0,1,1,12,0
570401,Burlington,Ontario,3200 Dakota Common,43.4091061,-79.8140248,apartment,2540.0,2.0,2.0,760.0,0,0,1,1,12,0
570751,Burlington,Ontario,2030 Cleaver Avenue,43.3759272,-79.8101819,apartment,2755.0,2.0,1.0,950.0,0,0,1,1,12,0
556482,Burlington,Ontario,20 North Shore Boulevard West,43.3023553,-79.8485655,apartment,2995.0,2.0,1.0,1020.0,0,0,1,1,12,0
405386,Burlington,Ontario,"5348 Lakeshore Road, East",43.3671229,-79.7305669,apartment,2650.0,2.0,1.5,1089.0,0,0,0,0,12,0
462826,Burlington,Ontario,2077 Prospect Street,43.336334,-79.8084827,apartment,2490.06,2.0,1.0,934.0,0,0,1,1,12,61
370369,Burlington,Ontario,478 Pearl St,43.3279756,-79.7972742,apartment,2595.0,2.0,1.0,1003.0,0,0,0,0,12,70
566325,Caledon,Ontario,5 Blackberry Valley Crescent,43.7516236,-79.8426074,apartment,3245.0,3.0,2.5,1800.0,0,0,1,1,12,0
572184,Caledon,Ontario,26 Gatherwood Terrace,43.7290097,-79.8480337,basement,2045.0,2.0,1.0,900.0,0,0,1,1,12,30
572183,Caledon,Ontario,26 Gatherwood Terrace,43.7290097,-79.8480337,apartment,3890.0,4.0,3.5,2800.0,0,0,1,1,12,30
536600,Cambridge,Ontario,140 - 150 Hollywood Court,43.4130225,-80.3199863,apartment,2765.0,2.0,2.0,936.0,0,0,1,1,12,0
408115,Cambridge,Ontario,245 Lena Crescent,43.392325,-80.313738,apartment,2640.0,2.0,2.0,1117.0,0,0,1,1,12,0
331018,Cambridge,Ontario,1510 Queenston Rd.,43.389114,-80.3476603,apartment,2180.0,2.0,1.0,775.0,0,0,1,1,12,0
331016,Cambridge,Ontario,392 Dolph St. S.,43.3909352,-80.3560566,apartment,2130.0,2.0,1.0,771.0,0,0,1,1,12,0
331020,Cambridge,Ontario,235 Bishop St. S.,43.389269,-80.347567,apartment,1735.0,1.0,1.0,625.0,0,0,1,1,12,0
515367,Cambridge,Ontario,204 Hespeler Road,43.3846809,-80.3246563,apartment,1865.0,1.0,1.0,683.0,0,0,1,1,12,0
331015,Cambridge,Ontario,531 Franklin Blvd.,43.3708996,-80.2950546,apartment,1625.0,1.0,1.0,580.0,0,0,1,1,12,0
331138,Cambridge,Ontario,202 Hespeler Road,43.38376,-80.322044,apartment,1925.0,1.0,1.0,660.0,0,0,1,1,12,0
331019,Cambridge,Ontario,310 Clyde Rd.,43.3716331,-80.2934809,apartment,2165.0,2.0,1.0,792.0,0,0,1,1,12,0
548334,Cambridge,Ontario,49 Queen Street East,43.432162151609,-80.309415183411,apartment,2260.0,1.0,1.0,652.0,0,0,0,0,12,0
432933,Cambridge,Ontario,180 Grand Avenue South,43.348979,-80.3170454,apartment,1649.0,1.0,1.0,697.0,0,0,0,0,12,21
530812,Cambridge,Ontario,"205 Eagle Street, North",43.3996199,-80.3620153,apartment,2569.0,2.0,2.0,1000.0,0,0,0,0,12,30
432927,Cambridge,Ontario,95 Cambridge Street,43.36393,-80.312207,apartment,1799.0,1.0,1.0,785.0,0,0,0,0,12,61
570747,Cambridge,Ontario,650 Saginaw Parkway,43.3908486,-80.2816949,apartment,2725.0,2.0,2.0,1033.0,0,0,0,0,12,0
430714,Cambridge,Ontario,59 Concession Street,43.353706,-80.311126,apartment,2190.0,2.0,1.0,936.0,0,0,1,1,12,0
567373,Cambridge,Ontario,1009 Queenston Road,43.39383,-80.35489,apartment,1940.0,2.0,1.0,800.0,0,0,1,1,12,0
563509,Cambridge,Ontario,56 Scott Road,43.43338,-80.319181,apartment,3195.0,4.0,2.0,2500.0,0,0,1,1,12,0
562149,Cambridge,Ontario,143 Elgin Street North,43.3664701,-80.3000214,townhouse,2795.0,3.0,2.5,1550.0,0,0,1,1,12,0
562502,Cambridge,Ontario,806 Hamilton Street,43.3931893,-80.3587493,house,2595.0,2.0,1.0,1600.0,0,0,1,1,12,0
566497,Carleton Place,Ontario,5 Leblanc Street,45.1396686,-76.1229431,townhouse,2375.0,3.0,2.5,1500.0,0,0,1,1,12,0
331071,Chatham,Ontario,805 Grand Ave. W.,42.394677,-82.213976,apartment,1555.0,1.0,1.0,610.0,0,0,1,1,12,0
331075,Chatham,Ontario,89 Riverview Dr.,42.395787,-82.207346,apartment,2030.0,2.0,1.0,751.0,0,0,0,0,12,0
331089,Chatham,Ontario,343 Grand Ave. E.,42.4161976,-82.1792404,apartment,1795.0,2.0,1.0,785.0,0,0,1,1,12,0
331073,Chatham,Ontario,795 Grand Ave. W.,42.394955,-82.213773,apartment,1605.0,2.0,1.0,640.0,0,0,1,1,12,0
330982,Chatham,Ontario,100 McFarlane Ave.,42.415893,-82.205289,apartment,1575.0,2.0,1.0,810.0,0,0,1,1,12,0
331090,Chatham,Ontario,50 Merritt Ave.,42.3984703,-82.204615499999,apartment,1580.0,2.0,1.0,720.0,0,0,1,1,12,0
331056,Chatham,Ontario,45 Timmins Cres.,42.4141882,-82.2068515,apartment,1680.0,2.0,1.0,632.0,0,0,1,1,12,0
331171,Chatham,Ontario,65 Timmins Cres.,42.4132139,-82.2061107,apartment,1560.0,1.0,1.0,494.0,0,0,1,1,12,0
331074,Chatham,Ontario,150 Mary St.,42.401855,-82.196907,apartment,2000.0,2.0,1.0,890.0,0,0,1,1,12,0
512908,Chatham,Ontario,76 Mary St,42.4016593,-82.1960457,apartment,1420.0,1.0,1.0,534.0,0,0,0,0,12,0
331055,Chatham,Ontario,455 Sandys St.,42.4139536,-82.2092252,apartment,1400.0,1.0,1.0,618.0,0,0,0,0,12,0
513905,Chatham,Ontario,53 & 57 Riverview Drive,42.3966382,-82.2051612,apartment,1940.0,2.0,1.0,904.0,0,0,0,0,12,0
417420,Chatham,Ontario,75 Mary Street,42.4023988,-82.1968103,apartment,1399.0,1.0,1.0,545.0,0,0,1,1,12,0
331054,Chatham,Ontario,130 Sheldon Ave.,42.4115062,-82.2006316,apartment,1475.0,1.0,1.0,506.0,0,0,1,1,12,0
417426,Chatham,Ontario,383-385 Wellington Street West,42.3998025,-82.1909895,apartment,1499.0,1.0,1.0,612.0,0,0,1,1,12,0
442936,Chatham,Ontario,121 King Street West,42.4059822,-82.1848496,apartment,2870.0,2.0,2.0,1391.0,0,0,1,1,12,0
442937,Chatham,Ontario,12 Dufferin Ave,42.4013833,-82.1819425,apartment,1200.0,1.0,1.0,620.0,0,0,1,1,12,0
572500,Clarington,Ontario,47 Hoad Street,43.9222213,-78.6011846,house,3495.0,4.0,3.5,2600.0,0,0,1,1,12,0
331004,Collingwood,Ontario,528 Tenth St.,44.4880638,-80.2285909,apartment,1850.0,1.0,1.0,557.0,0,0,1,1,12,0
331005,Collingwood,Ontario,610 Tenth St.,44.4887484,-80.231274399999,apartment,1835.0,1.0,1.0,639.0,0,0,1,1,12,0
539395,Collingwood,Ontario,176 8th street,44.4904155,-80.2245067,apartment,1750.0,1.0,1.0,700.0,0,0,1,1,12,0
331029,Cornwall,Ontario,754 Laflin St,45.0350169,-74.7678828,apartment,1300.0,1.0,1.0,460.0,0,0,1,1,12,0
398745,Cornwall,Ontario,625 & 645 Glengarry Blvd.,45.0287294,-74.707834,apartment,1560.0,2.0,1.0,785.0,0,0,1,1,12,0
545768,Cornwall,Ontario,1450 First St E,45.028559,-74.6969519,apartment,1825.0,2.0,1.0,790.0,0,0,0,0,12,0
565075,East Gwillimbury,Ontario,88 Lyall Stokes Circle,44.1393942,-79.3075174,townhouse,2695.0,3.0,3.0,2100.0,0,0,1,1,12,0
435190,East York,Ontario,9 Crescent Pl,43.6957048,-79.2911908,apartment,2999.0,2.0,1.0,960.0,0,0,0,0,12,0
537504,East York,Ontario,2901 St Clair Avenue East,43.7076856,-79.3014185,apartment,2300.0,1.0,1.0,600.0,0,0,1,1,12,61
570523,East York,Ontario,109 Binswood Avenue,43.6984139,-79.3252374,basement,1845.0,1.0,1.0,800.0,0,0,1,1,12,0
330220,East York,Ontario,1501 Woodbine Avenue,43.6999441,-79.3180806,apartment,2799.0,2.0,1.5,920.0,0,0,0,1,12,0
445396,East York,Ontario,26 Gulliver Road,43.6989178,-79.4777299,apartment,2500.0,2.0,1.0,900.0,0,0,0,0,12,30
331084,Fergus,Ontario,255-375 Belsyde Ave. E.,43.7036998,-80.366987999999,apartment,1760.0,1.0,1.0,616.0,0,0,1,1,12,0
331167,Fergus,Ontario,250 Queen St. E.,43.7065259,-80.3733479,apartment,1815.0,1.0,1.0,641.0,0,0,1,1,12,0
331003,Fergus,Ontario,380 Forfar St. E.,43.7128273,-80.3788479,apartment,1745.0,1.0,1.0,401.0,0,0,1,1,12,0
568742,Fort Erie,Ontario,74 Queens Circle,42.86643,-79.06164,apartment,1425.0,2.0,1.0,800.0,0,0,1,1,12,0
559534,Georgina,Ontario,8 Hitching Post,44.2058754,-79.4647853,house,3370.0,5.0,4.0,3100.0,0,0,1,1,12,0
567231,Georgina,Ontario,341 Miami Drive,44.204598,-79.4752133,apartment,2495.0,3.0,2.0,1200.0,0,0,1,1,12,0
351293,Gloucester,Ontario,2710 Saratoga Place,45.349732521019,-75.645431200525,apartment,1695.0,1.0,1.0,590.0,0,0,1,1,12,0
351314,Gloucester,Ontario,2700 Saratoga Place,45.35006,-75.647022,apartment,1419.0,0.0,1.0,460.0,0,0,1,1,12,92
351339,Gloucester,Ontario,2750 Carousel Crescent,45.349481,-75.6447201,apartment,1450.0,0.0,1.0,550.0,0,0,1,1,12,61
461649,Gloucester,Ontario,100 Frontier Path Private,45.4299615,-75.6114389,apartment,2025.0,1.0,1.0,613.0,0,0,1,1,12,0
570464,Gloucester,Ontario,1287 Perez Crescent,45.428606,-75.6237775,townhouse,2695.0,3.0,1.5,1200.0,1,0,1,1,12,0
563533,Gloucester,Ontario,1556 Maxime Street,45.4197863,-75.6066495,apartment,2345.0,2.0,1.0,900.0,0,0,1,1,12,0
534767,Gravenhurst,Ontario,110 & 120 Preston Way,44.904988,-79.3687963,apartment,2240.0,2.0,1.0,911.0,0,0,0,0,12,0
571708,Grimsby,Ontario,6 Chestnut Drive,43.199016,-79.5903046,townhouse,2745.0,3.0,1.5,1500.0,0,0,1,1,12,30
331012,Guelph,Ontario,270 Waterloo Ave.,43.534238,-80.257638,apartment,1920.0,1.0,1.0,600.0,0,0,1,1,12,0
331013,Guelph,Ontario,32 Dawson Rd.,43.544955,-80.272679,apartment,1970.0,1.0,1.0,630.0,0,0,1,1,12,0
556580,Guelph,Ontario,3-19 Burns Drive,43.55789,-80.28063,townhouse,2850.0,3.0,1.0,1200.0,0,0,1,1,12,0
331066,Guelph,Ontario,26 Willow Rd.,43.545531,-80.271928,apartment,1990.0,1.0,1.0,581.0,0,0,1,1,12,0
331163,Guelph,Ontario,6 & 16 Willow Road,43.5453787,-80.270913599999,apartment,2045.0,1.0,1.0,560.0,0,0,1,1,12,0
433535,Guelph,Ontario,225/245 Westwood Road,43.5330543,-80.2847881,apartment,1889.0,1.0,1.0,708.0,0,0,0,0,12,61
351328,Guelph,Ontario,364 Waterloo Avenue,43.530951,-80.2609104,apartment,1989.0,1.0,1.0,759.0,0,0,1,1,12,30
432936,Guelph,Ontario,457/467 Edinburgh Road,43.5216722,-80.2368266,apartment,2010.0,1.0,1.0,650.0,0,0,1,1,12,30
432934,Guelph,Ontario,85/87 Westwood Road,43.5331063,-80.2793018,apartment,1865.0,1.0,1.0,564.0,0,0,0,0,12,30
351327,Guelph,Ontario,380/400 Waterloo Avenue,43.530291,-80.2616424,apartment,2050.0,1.0,1.0,880.0,0,0,1,1,12,30
351329,Guelph,Ontario,120 Edinburgh Road S.,43.5350348,-80.253937,apartment,1825.0,1.0,1.0,655.0,0,0,1,1,12,31
351330,Guelph,Ontario,27/33 Cardigan Street,43.5491685,-80.2524436,apartment,2220.0,2.0,1.0,920.0,0,0,1,1,12,61
432935,Guelph,Ontario,244/246 Willow Road,43.5400826,-80.2777186,apartment,2050.0,1.0,1.0,815.0,0,0,0,0,12,75
421601,Guelph,Ontario,8 Wilsonview Ave,43.5219233,-80.2378821,apartment,2040.0,1.0,1.0,692.0,0,0,1,1,12,92
433820,Guelph,Ontario,39 Willow Road,43.5453297,-80.2722904,apartment,2327.0,2.0,1.0,872.0,0,0,1,1,12,29
572595,Guelph,Ontario,23 Zecca Drive,43.5191287,-80.1897347,apartment,3770.0,4.0,3.0,3050.0,0,0,1,1,12,30
556036,Hamilton,Ontario,22 Hughson St. N,43.256771139126,-79.867416420099,apartment,1981.0,1.0,1.0,516.0,0,0,1,1,12,0
408114,Hamilton,Ontario,140 Main Street West,43.256928,-79.875488,apartment,2169.0,1.0,1.0,898.0,0,0,1,1,12,39
559654,Hamilton,Ontario,777 Beach Blvd,43.2843458,-79.7868785,apartment,2295.0,1.0,1.0,506.0,0,0,1,1,12,0
556370,Hamilton,Ontario,27 Bold St,43.2525801,-79.8720774,apartment,1950.0,1.0,1.0,552.0,0,0,1,1,12,0
565043,Hamilton,Ontario,205 Hunter Street West,43.2555361,-79.8799946,apartment,1655.0,1.0,1.0,396.0,0,0,1,1,12,0
556303,Hamilton,Ontario,130 St. Joseph's Drive,43.2469433,-79.8666509,apartment,1795.0,1.0,1.0,770.0,0,0,1,1,12,0
435187,Hamilton,Ontario,1710-1716 Main Street West,43.25709,-79.9364771,apartment,1459.0,1.0,1.0,534.0,0,0,0,0,12,0
441333,Hamilton,Ontario,20 Rebecca Street,43.2581813,-79.8674938,apartment,995.0,1.0,1.0,484.0,1,0,0,0,12,0
445689,Hamilton,Ontario,125 Wellington Street North,43.2569576,-79.8582516,apartment,1525.0,1.0,1.0,415.0,0,0,1,1,12,0
562624,Hamilton,Ontario,220 Cannon Street East,43.258243,-79.8583925,apartment,1850.0,2.0,1.0,629.0,0,0,1,1,12,0
351323,Hamilton,Ontario,140 Robinson Street,43.2523404,-79.8782811,apartment,1599.0,1.0,1.0,555.0,0,0,1,1,12,14
432919,Hamilton,Ontario,33 Robinson Street,43.2510708,-79.8736319,apartment,1725.0,1.0,1.0,760.0,0,0,1,1,12,30
351321,Hamilton,Ontario,187 Park Street South,43.2523816,-79.8743668,apartment,1680.0,1.0,1.0,725.0,0,0,1,1,12,30
432918,Hamilton,Ontario,136 Bay Street South,43.2539461,-79.8756802,apartment,1675.0,1.0,1.0,620.0,0,0,1,1,12,30
351294,Hamilton,Ontario,200 Bay Street South,43.2527632,-79.8760285,apartment,1780.0,1.0,1.0,535.0,0,0,1,1,12,61
351322,Hamilton,Ontario,494 Queenston Road,43.2315454,-79.7803712,apartment,2300.0,2.0,1.0,935.0,0,0,1,1,12,61
572349,Hamilton,Ontario,155 Pelech Crescent,43.1789984,-79.8203145,basement,1995.0,2.0,1.5,900.0,0,0,1,1,12,0
570588,Hamilton,Ontario,268 Bay Street North,43.2660869,-79.868791,apartment,1575.0,2.0,1.0,600.0,0,0,1,1,12,0
571397,Hamilton,Ontario,139 Iona Avenue,43.2500748,-79.9273721,basement,1645.0,2.0,1.0,800.0,0,0,1,1,12,0
570627,Hamilton,Ontario,85 East 11th Street,43.2413555,-79.8644496,house,1890.0,2.0,1.0,800.0,0,0,1,1,12,0
570888,Hamilton,Ontario,77 Leland Street,43.255319,-79.9230076,apartment,1715.0,0.0,1.0,350.0,0,0,1,1,12,0
565130,Hamilton,Ontario,415 Main Street West,43.2590578,-79.8868071,apartment,2100.0,1.0,1.0,570.0,0,0,1,1,12,0
569060,Hamilton,Ontario,104 Hess Street South,43.25592,-79.87891,apartment,2190.0,2.0,1.0,900.0,0,0,1,1,12,0
571621,Hamilton,Ontario,36 Reid Ave North,43.2360596,-79.7866857,townhouse,2695.0,3.0,2.5,1500.0,0,0,1,1,12,0
570085,Hamilton,Ontario,212 King William Street,43.2552557,-79.8609892,apartment,2050.0,1.0,1.0,700.0,0,0,1,1,12,0
571274,Hamilton,Ontario,57 Kingslea Drive,43.2214296,-79.825688,basement,1645.0,1.0,1.0,700.0,0,0,1,1,12,0
569867,Hamilton,Ontario,54 Assisi Street,43.1921754,-79.8583391,basement,1595.0,1.0,1.0,940.0,0,0,1,1,12,0
570351,Hamilton,Ontario,29 Birchcliffe Crescent,43.2120606,-79.8430451,basement,1990.0,2.0,1.0,1000.0,0,0,1,1,12,0
568892,Hamilton,Ontario,212 King William Street,43.2552557,-79.8609892,apartment,2005.0,1.0,1.0,660.0,0,0,1,1,12,0
568237,Hamilton,Ontario,28 Duke Street,43.2522499,-79.87238,apartment,3550.0,2.0,2.0,4000.0,0,0,1,1,12,0
570789,Hamilton,Ontario,145 Hess Street South,43.254523,-79.878957,apartment,1685.0,2.0,1.0,850.0,0,0,1,1,12,0
559497,Hamilton,Ontario,52 Frederick Avenue,43.2468005,-79.8118361,basement,1445.0,1.0,1.0,650.0,0,0,1,1,12,0
553365,Hamilton,Ontario,111 Market Street,43.259124,-79.8748552,apartment,1845.0,1.0,1.0,579.0,0,0,1,1,12,0
570506,Hamilton,Ontario,470 Dundas Street East,43.343993,-79.8787271,apartment,2090.0,1.0,1.0,600.0,0,0,1,1,12,0
564297,Hamilton,Ontario,183 Sherman Avenue North,43.2574561,-79.8359988,apartment,1745.0,2.0,1.0,560.0,0,0,1,1,12,0
569865,Hamilton,Ontario,947 Main Street East,43.2455788,-79.8311843,apartment,1400.0,1.0,1.0,500.0,0,0,1,1,12,0
569856,Hamilton,Ontario,1 Jarvis Street,43.2551968,-79.860868,apartment,1750.0,1.0,1.0,570.0,0,0,1,1,12,0
566439,Hamilton,Ontario,88 Kensington Avenue North,43.2463227,-79.8224897,basement,1545.0,0.0,1.0,500.0,0,0,1,1,12,0
567814,Hamilton,Ontario,415 Main Street West,43.2590578,-79.8868071,apartment,1800.0,1.0,1.0,550.0,0,0,1,1,12,0
569744,Hamilton,Ontario,120 Quigley Road,43.22,-79.78445,townhouse,2695.0,3.0,1.5,1500.0,0,0,1,1,12,0
569582,Hamilton,Ontario,1 Jarvis Street,43.2551968,-79.860868,apartment,1915.0,1.0,1.0,570.0,0,0,1,1,12,0
569478,Hamilton,Ontario,232 Balmoral Avenue North,43.2494682,-79.8190593,house,2595.0,3.0,1.0,1000.0,0,0,1,1,12,0
569476,Hamilton,Ontario,73 East 22nd Street,43.2381702,-79.8529351,apartment,2495.0,3.0,2.0,1600.0,0,0,1,1,12,0
566171,Hamilton,Ontario,415 Main Street West,43.2590578,-79.8868071,apartment,2025.0,1.0,1.0,570.0,0,0,1,1,12,0
566904,Hamilton,Ontario,121 King Street East,43.2558154,-79.8653617,apartment,2065.0,2.0,1.0,800.0,0,0,0,0,12,0
568353,Hamilton,Ontario,1 Jarvis street Hamilton,43.2545836,-79.8605707,apartment,2395.0,2.0,2.0,700.0,0,0,1,1,12,0
567935,Hamilton,Ontario,52 Frederick Avenue,43.2468005,-79.8118361,apartment,2745.0,3.0,1.0,1500.0,0,0,1,1,12,0
564319,Hamilton,Ontario,1 Jarvis street Hamilton,43.2545836,-79.8605707,apartment,2240.0,2.0,2.0,700.0,0,0,1,1,12,0
565871,Hamilton,Ontario,36 Ray Street South,43.2587908,-79.8811524,apartment,1700.0,2.0,1.0,900.0,0,0,1,1,12,0
567031,Hamilton,Ontario,75 Arrowhead Drive,43.1958788,-79.8706556,basement,2195.0,2.0,1.0,1200.0,0,0,1,1,12,0
566041,Hamilton,Ontario,"470 Dundas East, Waterdown, Hamilton",43.343993,-79.8787271,apartment,1840.0,1.0,1.0,550.0,0,0,1,1,12,0
564164,Hamilton,Ontario,1 Jarvis street Hamilton,43.2545836,-79.8605707,apartment,2025.0,1.0,2.0,650.0,0,0,1,1,12,0
565888,Hamilton,Ontario,1 Jarvis Street,43.2545836,-79.8605707,apartment,1700.0,1.0,1.0,540.0,0,0,1,1,12,0
564674,Hamilton,Ontario,1 Jarvis Street,43.2545836,-79.8605707,apartment,1650.0,1.0,1.0,540.0,0,0,1,1,12,0
562504,Hamilton,Ontario,1 Jarvis Street,43.2545836,-79.8605707,apartment,1800.0,1.0,1.0,830.0,0,0,1,1,12,0
564135,Hamilton,Ontario,1 Jarvis Street,43.2545836,-79.8605707,apartment,1700.0,1.0,1.0,500.0,0,0,1,1,12,0
563827,Hamilton,Ontario,62 Crosthwaite Avenue North,43.24212,-79.8079341,house,2195.0,2.0,1.0,900.0,0,0,1,1,12,0
562876,Hamilton,Ontario,133 West 25th Street,43.2371417,-79.9048176,basement,2045.0,2.0,1.0,950.0,0,0,1,1,12,0
562103,Hamilton,Ontario,20 Bow Valley Drive,43.2334849,-79.7486192,basement,2195.0,3.0,1.0,800.0,0,0,1,1,12,0
559515,Hamilton,Ontario,470 Dundas Street East,43.343993,-79.8787271,apartment,2195.0,2.0,2.0,850.0,0,0,1,1,12,0
559498,Hamilton,Ontario,10 Sarasota Avenue,43.2275078,-79.8911719,house,2595.0,3.0,1.0,1070.0,0,0,1,1,12,0
559501,Hamilton,Ontario,460 Dundas Street East,43.3435248,-79.8793395,apartment,1795.0,1.0,1.0,500.0,1,0,0,0,12,0
559566,Hamilton,Ontario,212 Burlington Street East,43.270616,-79.8532086,house,2095.0,3.0,1.0,1000.0,0,0,1,1,12,0
560444,Hamilton,Ontario,176 Fennell Avenue East,43.2356407,-79.8708978,basement,1745.0,1.0,1.0,600.0,0,0,1,1,12,0
570350,Hamilton,Ontario,240 Bay Street North,43.2652255,-79.8696038,townhouse,2465.0,3.0,1.0,1000.0,0,0,1,1,12,30
331000,Hanover,Ontario,"158, 160, 162 & 164 11th Ave",44.1441467,-81.0238778,apartment,1660.0,1.0,1.0,650.0,0,0,1,1,12,0
331077,Hanover,Ontario,511 7th Ave.,44.152544,-81.031176,apartment,1660.0,1.0,1.0,500.0,0,0,1,1,12,0
572235,Huntsville,Ontario,28 Spalding Crescent,45.34433,-79.19323,townhouse,3000.0,3.0,2.5,1578.0,0,0,0,0,12,30
567998,Innisfil,Ontario,2183 Galloway Street,44.3069013,-79.5730966,house,2645.0,3.0,2.0,1600.0,0,0,1,1,12,0
517722,Kanata,Ontario,800 Eagleson Rd,45.277640403284,-75.863030406308,apartment,1975.0,1.0,1.0,570.0,0,0,1,1,12,0
430434,Kanata,Ontario,40 Kirkland Private,45.3164,-75.9326698,apartment,2000.0,1.0,1.0,798.0,0,0,1,1,12,0
562062,Kanata,Ontario,"1 120BeaverbrooLn,5-80WeepingWillowLn,Varley",45.3322707,-75.9053914,apartment,2607.67,3.0,1.5,1412.0,0,0,0,0,12,0
570748,Kanata,Ontario,1203 Maritime Way &  985 Great Lakes Avenue,45.314333,-75.9009594,apartment,3995.0,2.0,2.0,1510.0,0,0,1,1,12,0
504941,Kanata,Ontario,40 Kirkland Private,45.31639,-75.93266,apartment,3120.0,1.0,1.0,731.0,1,0,1,1,3,0
541057,Kingston,Ontario,1560 Rockwell Drive,44.248571001551,-76.565863806746,apartment,2640.0,2.0,2.0,1075.0,0,0,1,1,12,0
432889,Kingston,Ontario,310 Bath Road,44.2392452,-76.5266463,apartment,1689.0,1.0,1.0,615.0,0,0,1,1,12,30
517978,Kingston,Ontario,480 & 485 Canatara Court,44.235984,-76.5793236,apartment,1650.0,1.0,1.0,533.0,0,0,1,1,12,0
331024,Kingston,Ontario,67 Village Dr,44.2551644,-76.482038499999,apartment,2025.0,2.0,1.0,952.0,0,0,1,1,12,0
351282,Kingston,Ontario,200 The Parkway,44.2506,-76.5340738,apartment,1399.0,1.0,1.0,520.0,0,0,1,1,12,44
433064,Kingston,Ontario,725 Highway 15,44.251217200819,-76.460621565607,apartment,2325.0,2.0,1.0,867.0,0,0,1,1,12,0
331025,Kingston,Ontario,722 & 766 John Counter Boulevard,44.257053,-76.4865,apartment,1765.0,1.0,1.0,800.0,0,0,1,1,12,0
527514,Kingston,Ontario,800 Castell Road,44.2354991,-76.5756596,apartment,1530.0,1.0,1.0,542.0,0,0,1,1,12,0
331022,Kingston,Ontario,820 Castell Rd,44.2350021,-76.5760287,apartment,1585.0,1.0,1.0,435.0,0,0,1,1,12,0
351290,Kingston,Ontario,16 Leroy Grant Drive,44.242750666094,-76.507539490738,apartment,1505.0,1.0,1.0,505.0,0,0,1,1,12,0
331023,Kingston,Ontario,107 Compton St,44.2636785,-76.4914674,apartment,1670.0,1.0,1.0,597.0,0,0,1,1,12,0
351283,Kingston,Ontario,42 Leroy Grant Drive,44.242812715185,-76.507034582664,apartment,1499.0,1.0,1.0,505.0,0,0,1,1,12,0
351292,Kingston,Ontario,33 Elmwood Street,44.241759287835,-76.521581098425,apartment,1299.0,0.0,1.0,230.0,0,0,1,1,12,0
352556,Kingston,Ontario,290 Bath Road,44.239145411158,-76.525568957672,apartment,1950.0,2.0,1.0,785.0,0,0,1,1,12,0
432886,Kingston,Ontario,27 Elmwood Street,44.242039389042,-76.519573607935,apartment,1539.0,1.0,1.0,560.0,0,0,1,1,12,0
331159,Kingston,Ontario,99 Thomas Street,44.243423,-76.491610999999,apartment,1750.0,2.0,1.0,825.0,0,0,1,1,12,0
417429,Kingston,Ontario,780 Division Street,44.2525967,-76.4977413,apartment,1575.0,1.0,1.0,475.0,0,0,1,1,12,0
351659,Kingston,Ontario,523 Portsmouth Avenue,44.2384661,-76.5285946,apartment,1825.0,1.0,1.0,665.0,0,0,1,1,12,0
549628,Kingston,Ontario,2274 Princess Street,44.25917,-76.54575,apartment,1975.0,1.0,1.0,673.0,0,0,0,0,12,0
541404,Kingston,Ontario,847 Development Drive,44.240489,-76.5802862,apartment,2100.0,2.0,2.0,901.0,0,0,1,1,12,0
351556,Kingston,Ontario,180/204 Queen Mary Road,44.235036,-76.534732,apartment,1599.0,1.0,1.0,550.0,0,0,1,1,12,44
531548,Kingston,Ontario,401 Princess Street,44.2333648,-76.4923545,apartment,1415.0,1.0,1.0,500.0,0,0,0,0,12,61
351658,Kingston,Ontario,117 Park Street,44.23776595359,-76.507898078574,apartment,1775.0,1.0,1.0,560.0,0,0,1,1,12,61
432891,Kingston,Ontario,1066 King Street W.,44.219865687297,-76.53638169682,apartment,2799.0,2.0,2.0,1050.0,0,0,1,1,12,30
432928,Kingston,Ontario,1000 Old Mill Road,44.261786492902,-76.53809524881,apartment,2849.0,2.0,2.0,1001.0,0,0,1,1,12,30
432890,Kingston,Ontario,1032 King Street West,44.2200531,-76.5370037,apartment,3175.0,2.0,2.0,1085.0,0,0,1,1,12,30
351279,Kingston,Ontario,217 Bath Road,44.240368327091,-76.522519850262,apartment,1769.0,1.0,1.0,580.0,0,0,1,1,12,30
351284,Kingston,Ontario,44/62 Old Oak Road,44.2275653,-76.5304828,apartment,1645.0,1.0,1.0,620.0,0,0,1,1,12,61
432893,Kingston,Ontario,26 Leroy Grant Drive,44.242193728413,-76.508774227261,apartment,1799.0,1.0,1.0,680.0,0,0,1,1,12,0
351557,Kingston,Ontario,154 The Parkway,44.2490694,-76.5352112,apartment,1499.0,1.0,1.0,520.0,0,0,1,1,12,61
432887,Kingston,Ontario,94 Wright Crescent,44.2393766,-76.5165209,apartment,1859.0,1.0,1.0,650.0,0,0,1,1,12,61
351667,Kingston,Ontario,58 Leroy Grant Drive,44.243738826249,-76.508822571442,apartment,2049.0,1.0,1.0,748.0,0,0,1,1,12,61
351281,Kingston,Ontario,130 The Parkway,44.2484474,-76.5353139,apartment,1799.0,2.0,1.0,640.0,0,0,1,1,12,61
417424,Kingston,Ontario,1379 Princess Street,44.2497404,-76.5293018,apartment,1695.0,1.0,1.0,525.0,0,0,1,1,12,61
418182,Kingston,Ontario,252 Conacher Drive,44.2655095,-76.4925369,apartment,1475.0,1.0,1.0,541.0,0,0,1,1,12,61
351559,Kingston,Ontario,660 Sir John A. Macdonald Blvd,44.2423803,-76.5197414,apartment,2499.0,3.0,1.5,1635.0,0,0,1,1,12,92
572138,Kingston,Ontario,10 Runnymede Road,44.2351152,-76.5327617,apartment,2165.0,2.0,1.0,948.0,0,0,0,0,12,0
572131,Kingston,Ontario,700-710 Sir John A. MacDonald Blvd.,44.2438889,-76.5208112,apartment,1943.57,2.0,1.0,688.0,0,0,0,0,12,0
311199,Kingston,Ontario,52 Bayswater Place,44.237639,-76.538627,apartment,1649.0,1.0,1.0,482.0,0,0,1,1,12,0
572135,Kingston,Ontario,371 Yonge Street,44.2296951,-76.5181704,apartment,2399.0,2.0,1.0,1280.0,0,0,0,0,12,0
572126,Kingston,Ontario,389-401 Yonge Street,44.2300834,-76.5179408,apartment,2014.52,1.0,1.0,544.0,0,0,0,0,12,0
572134,Kingston,Ontario,302 FRONTENAC ST,44.2309957,-76.4987936,apartment,2165.0,1.0,1.0,1.0,0,0,0,0,12,0
572143,Kingston,Ontario,181 Queen Mary Road,44.2353362,-76.5336887,apartment,2119.0,2.0,1.0,855.0,0,0,0,0,12,0
572136,Kingston,Ontario,111-131 Notch Hill Road,44.238277,-76.534242,apartment,2257.13,2.0,1.0,871.0,0,0,0,0,12,30
572128,Kingston,Ontario,84 Runnymede Road,44.2371497,-76.5335509,apartment,2551.54,2.0,1.0,1013.0,0,0,1,1,12,0
415569,Kingston,Ontario,101-1015 Pembridge Cres,44.250852,-76.586882,apartment,1749.0,2.0,1.0,896.0,0,0,1,1,12,30
533836,Kitchener,Ontario,1673 Huron Road,43.3819321,-80.4925888,apartment,2456.0,0.0,1.0,392.0,0,0,1,1,12,0
496326,Kitchener,Ontario,75 Old Chicopee Drive,43.4500408,-80.4387146,townhouse,2150.0,2.0,1.0,1000.0,0,1,1,1,12,0
533262,Kitchener,Ontario,1438 Highland Road West,43.4243087,-80.5489399,apartment,2070.0,1.0,1.0,629.0,0,0,1,1,12,0
351287,Kitchener,Ontario,57 Queen Street North,43.4518338,-80.4874849,apartment,2050.0,1.0,1.0,710.0,0,0,1,1,12,29
351288,Kitchener,Ontario,11 Margaret Avenue,43.4545773,-80.4856527,apartment,1789.0,1.0,1.0,828.0,0,0,1,1,12,31
554232,Kitchener,Ontario,49 Vanier Drive,43.4293758,-80.4658698,apartment,1895.0,1.0,1.0,812.0,0,0,1,1,12,0
552158,Kitchener,Ontario,80 Mooregate Crescent,43.4406611,-80.5227906,apartment,1640.0,0.0,1.0,420.0,0,0,1,1,12,0
556023,Kitchener,Ontario,85 Green Valley,43.3966601,-80.4299734,apartment,1795.0,1.0,1.0,950.0,0,0,1,1,12,0
477881,Kitchener,Ontario,265 Lawrence Avenue,43.440122,-80.512565,apartment,1695.0,1.0,1.0,500.0,0,0,1,1,12,61
547004,Kitchener,Ontario,595 Strasburg Rd,43.4173583,-80.4807852,apartment,1860.0,1.0,1.0,569.0,0,0,1,1,12,0
554845,Kitchener,Ontario,593 Strasburg Road,43.4176823,-80.4810747,apartment,1695.0,1.0,1.0,572.0,0,0,1,1,12,0
556573,Kitchener,Ontario,294 Lorne Avenue,43.4324933,-80.4921396,apartment,1750.0,1.0,1.0,577.0,0,0,1,1,12,0
447704,Kitchener,Ontario,"100, 120, 170 Old Carriage Drive",43.3915988,-80.428747,apartment,1770.0,1.0,1.0,679.0,0,0,1,1,12,61
408116,Kitchener,Ontario,1505 Ottawa Sreet North,43.457901,-80.430653,apartment,2796.0,2.0,2.0,1011.0,0,0,1,1,12,67
432937,Kitchener,Ontario,2969/600 Greenfield Avenue,43.4251746,-80.4416274,apartment,1899.0,1.0,1.0,846.0,0,0,1,1,12,30
351289,Kitchener,Ontario,100 Queen Street North,43.4537849,-80.4859895,apartment,1775.0,1.0,1.0,705.0,0,0,1,1,12,31
521277,Kitchener,Ontario,460B Belmont Avenue West,43.44641,-80.51317,apartment,1950.0,1.0,1.0,691.0,0,0,0,0,12,0
572368,Kitchener,Ontario,84 Lomond Lane,43.3809707,-80.4797987,townhouse,2595.0,3.0,2.0,1200.0,0,0,1,1,12,0
567930,Kitchener,Ontario,66 Weber Street East,43.4506,-80.48387,apartment,2150.0,1.0,1.0,688.0,0,0,1,1,12,0
563289,Kitchener,Ontario,5 Rittenhouse Road,43.4137226,-80.4827676,apartment,1935.0,1.0,1.0,562.0,0,0,0,0,12,0
420066,Kitchener,Ontario,101 Church Street,43.445825,-80.486639,apartment,1649.0,1.0,1.0,490.0,0,0,1,1,12,0
435132,Kitchener,Ontario,63 Scott,43.450333,-80.484596,apartment,2250.0,2.0,2.0,690.0,0,0,1,1,12,0
570628,Kitchener,Ontario,90 Bridlewreath Street,43.4055208,-80.5099809,basement,1495.0,0.0,1.0,500.0,0,0,1,1,12,0
570463,Kitchener,Ontario,172 Rosemount Drive,43.4607795,-80.461372,apartment,2095.0,2.0,1.0,1000.0,0,0,1,1,12,0
567768,Kitchener,Ontario,94 Scott Street,43.4514154,-80.483815,apartment,2645.0,3.0,1.0,1500.0,0,0,1,1,12,0
567932,Kitchener,Ontario,741 King Street West,43.4552915,-80.5067319,apartment,1920.0,1.0,1.0,600.0,0,0,1,1,12,0
567769,Kitchener,Ontario,60 Frederick Street,43.4507782,-80.4870954,apartment,2265.0,2.0,2.0,850.0,0,0,1,1,12,0
567285,Kitchener,Ontario,595 Strasburg Road,43.417214,-80.4807517,apartment,2200.0,2.0,1.0,710.0,0,0,1,1,12,0
567283,Kitchener,Ontario,595 Strasburg Road,43.417214,-80.4807517,apartment,1850.0,1.0,1.0,540.0,0,0,1,1,12,0
567122,Kitchener,Ontario,595 Strasburg Road,43.417214,-80.4807517,apartment,2300.0,2.0,1.0,540.0,0,0,1,1,12,0
562874,Kitchener,Ontario,104 Garment Street,43.4505027,-80.5015047,apartment,1965.0,1.0,1.0,700.0,0,0,1,1,12,0
566932,Kitchener,Ontario,595 Strasburg Road,43.417214,-80.4807517,apartment,2300.0,2.0,1.0,540.0,0,0,1,1,12,0
567079,Kitchener,Ontario,595 Strasburg Road,43.417214,-80.4807517,apartment,2300.0,2.0,1.0,540.0,0,0,0,0,12,0
566931,Kitchener,Ontario,595 Strasburg Road,43.417214,-80.4807517,apartment,2300.0,2.0,1.0,540.0,0,0,1,1,12,0
567078,Kitchener,Ontario,595 Strasburg Road,43.417214,-80.4807517,apartment,2300.0,2.0,1.0,540.0,0,0,1,1,12,0
567077,Kitchener,Ontario,595 Strasburg Road,43.417214,-80.4807517,apartment,1800.0,1.0,1.0,540.0,0,0,1,1,12,0
566474,Kitchener,Ontario,595 Strasburg Road,43.417214,-80.4807517,apartment,2300.0,2.0,1.0,540.0,0,0,1,1,12,0
566460,Kitchener,Ontario,595 Strasburg Road,43.417214,-80.4807517,apartment,2200.0,2.0,1.0,540.0,0,0,1,1,12,0
559512,Kitchener,Ontario,595 Strasburg Road,43.417214,-80.4807517,apartment,2300.0,2.0,1.0,720.0,0,0,1,1,12,0
565902,Kitchener,Ontario,1101 Lakner Place,43.4571284,-80.428796,apartment,1890.0,1.0,1.0,720.0,0,0,1,1,12,0
565890,Kitchener,Ontario,595 Strasburg Road,43.417214,-80.4807517,apartment,2200.0,2.0,1.0,540.0,0,0,1,1,12,0
562086,Kitchener,Ontario,1101 Lakner Place,43.4571284,-80.428796,apartment,1790.0,1.0,1.0,720.0,0,0,1,1,12,0
564298,Kitchener,Ontario,595 Strasburg Road,43.417214,-80.4807517,apartment,2300.0,2.0,1.0,540.0,0,0,1,1,12,0
559511,Kitchener,Ontario,595 Strasburg Road,43.417214,-80.4807517,apartment,1850.0,1.0,1.0,530.0,0,0,1,1,12,0
559508,Kitchener,Ontario,595 Strasburg Road,43.417214,-80.4807517,apartment,2200.0,1.0,1.0,660.0,0,0,1,1,12,0
559509,Kitchener,Ontario,595 Strasburg Road,43.417214,-80.4807517,apartment,2300.0,2.0,1.0,720.0,0,0,0,0,12,0
559507,Kitchener,Ontario,595 Strasburg Road,43.417214,-80.4807517,apartment,2300.0,2.0,1.0,730.0,0,0,1,1,12,0
559520,Kitchener,Ontario,595 Strasburg Road,43.417214,-80.4807517,apartment,2200.0,2.0,1.0,660.0,0,0,1,1,12,0
559521,Kitchener,Ontario,595 Strasburg Road,43.417214,-80.4807517,apartment,1700.0,1.0,1.0,500.0,0,0,1,1,12,0
559518,Kitchener,Ontario,595 Strasburg Road,43.417214,-80.4807517,apartment,2200.0,2.0,1.0,660.0,0,0,1,1,12,0
559514,Kitchener,Ontario,595 Strasburg Road,43.417214,-80.4807517,apartment,2300.0,2.0,1.0,730.0,0,0,1,1,12,0
559522,Kitchener,Ontario,595 Strasburg Road,43.417214,-80.4807517,apartment,2300.0,2.0,1.0,720.0,0,0,0,0,12,0
559510,Kitchener,Ontario,595 Strasburg Road,43.417214,-80.4807517,apartment,2300.0,2.0,1.0,720.0,0,1,1,1,12,0
559513,Kitchener,Ontario,595 Strasburg Road,43.417214,-80.4807517,apartment,1800.0,1.0,1.0,530.0,0,0,1,1,12,0
562678,Kitchener,Ontario,60 Frederick Street,43.4507782,-80.4870954,apartment,1715.0,1.0,1.0,550.0,0,0,1,1,12,0
560416,Kitchener,Ontario,100 Tartan Avenue,43.3819292,-80.4778205,house,3195.0,4.0,2.5,2400.0,0,0,1,1,12,0
559553,Kitchener,Ontario,60 Charles Street West,43.4503158,-80.4934141,apartment,1895.0,1.0,1.0,600.0,0,0,1,1,12,0
560081,Kitchener,Ontario,790 Queen Street South,43.4411813,-80.4982513,house,2495.0,3.0,1.0,1200.0,0,0,1,1,12,0
559523,Kitchener,Ontario,595 Strasburg Road,43.417214,-80.4807517,apartment,1795.0,1.0,1.0,520.0,0,0,0,0,12,0
460808,Kitchener,Ontario,150 Elm Ridge Drive,43.425719,-80.5257309,townhouse,2299.0,2.0,1.0,979.0,0,0,1,1,12,75
359300,Kitchener,Ontario,48 Weber St. West,43.4532261,-80.4898525,apartment,1395.0,1.0,1.0,515.0,0,0,0,0,12,30
355311,Kitchener,Ontario,61 and 65 Roy St.,43.4535628,-80.4894182,apartment,1465.0,0.0,1.0,510.0,0,0,0,0,12,30
569498,Kitchener,Ontario,206 Eaglecrest Street,43.4984351,-80.4753878,house,2940.0,4.0,2.5,2500.0,0,0,1,1,12,30
486613,LaSalle,Ontario,6760 Boulevard Newman,45.4509234,-73.6063486,apartment,1452.0,1.0,1.0,544.0,0,0,1,1,12,30
331051,Leamington,Ontario,234 Erie & 238 Erie Street South,42.0408138,-82.6005807,apartment,1675.0,1.0,1.0,582.0,0,0,1,1,12,0
512909,Listowel,Ontario,1000 Twamley Street West,43.7323238,-80.9701265,apartment,1700.0,1.0,1.0,775.0,0,0,1,1,12,0
432931,London,Ontario,1/291/295/9 Grosvenor Street,42.998129,-81.259062,apartment,1700.0,1.0,1.0,728.0,0,0,1,1,12,0
351320,London,Ontario,680/690 Wonderland Road North,42.9854917,-81.2955158,apartment,1499.0,1.0,1.0,745.0,0,0,1,1,12,0
330989,London,Ontario,1223 Richmond St.,43.011627,-81.2649743,apartment,1460.0,1.0,1.0,600.0,0,0,1,1,12,0
331164,London,Ontario,185 & 195 Berkshire Dr.,42.9636456,-81.290286199999,apartment,1575.0,1.0,1.0,545.0,0,0,1,1,12,0
330985,London,Ontario,"625, 635 & 645 Village Green Ave.",42.949442,-81.294923,apartment,1640.0,1.0,1.0,530.0,0,0,1,1,12,0
330986,London,Ontario,"55, 67, 87 & 99 Cartier Rd.",42.9955113,-81.1564769,apartment,1545.0,1.0,1.0,730.0,0,0,1,1,12,0
552995,London,Ontario,585 Proudfoot Lane,42.981687673369,-81.284083806746,apartment,1907.0,2.0,1.0,950.0,0,0,1,1,12,0
330984,London,Ontario,1420 Huron St.,43.0221183,-81.209538299999,apartment,1585.0,1.0,1.0,540.0,0,0,1,1,12,0
504468,London,Ontario,297 & 301 Base Line Road West,42.9574,-81.2817887,apartment,1480.0,1.0,1.0,532.0,0,0,1,1,12,0
351561,London,Ontario,450/460 Highland Avenue,42.9581309,-81.2590959,apartment,1499.0,1.0,1.0,535.0,0,0,1,1,12,61
330987,London,Ontario,"1203, 1205, 1207, 1209 & 1211 Huron St",43.0181731,-81.2213465,apartment,1835.0,2.0,1.0,720.0,0,0,1,1,12,0
552984,London,Ontario,425 Sugarcreek Trail,42.981287580525,-81.282696962566,apartment,2107.0,2.0,1.0,1269.0,0,0,0,0,12,0
552979,London,Ontario,3040 Pomeroy Lane,42.936468679219,-81.31114214418,apartment,2264.0,2.0,2.0,1201.0,0,0,1,1,12,0
552989,London,Ontario,1525 Dyer Drive,43.014921735297,-81.337769532135,apartment,2650.0,2.0,2.0,1690.0,0,0,1,1,12,0
552978,London,Ontario,1595 Dyer,43.0137513,-81.3393217,apartment,2566.0,3.0,2.0,1744.0,0,0,1,1,12,0
477901,London,Ontario,740 Wonderland Road South,42.952501915909,-81.289415558752,apartment,1700.0,1.0,1.0,760.0,0,0,1,1,12,0
552980,London,Ontario,1605 Dyer,43.014365778874,-81.339503609412,apartment,2650.0,2.0,2.0,1691.0,0,0,1,1,12,0
567510,London,Ontario,1267 Richmond Street North,43.0135964,-81.2667303,apartment,1520.0,1.0,1.0,570.0,0,0,1,1,12,0
557369,London,Ontario,750 Wonderland Road South,42.9500485,-81.2874039,apartment,1875.0,1.0,1.0,885.0,0,0,1,1,12,0
552992,London,Ontario,445 Sugarcreek Trail,42.981944355616,-81.28218087791,apartment,1782.0,1.0,1.0,770.0,0,0,0,0,12,0
552994,London,Ontario,345 Sugarcreek Trail,42.981184942856,-81.280147347222,apartment,2099.0,1.0,1.0,920.0,0,0,1,1,12,0
557335,London,Ontario,760 Wonderland Road South,42.9499773,-81.2888301,apartment,1965.0,2.0,1.0,1000.0,0,0,1,1,12,0
557462,London,Ontario,770 Wonderland Road South,42.9498448,-81.2881369,apartment,2030.0,2.0,1.0,682.0,0,0,1,1,12,0
330988,London,Ontario,120 Grand Ave.,42.9721816,-81.2394211,apartment,1715.0,2.0,1.0,750.0,0,0,1,1,12,0
477899,London,Ontario,492 Springbank Drive,42.965508,-81.287593,apartment,1855.0,2.0,1.0,958.0,0,0,1,1,12,0
552983,London,Ontario,595 Proudfoot Lane,42.9810629,-81.2849599,apartment,1602.0,1.0,1.0,715.0,0,0,1,1,12,0
552988,London,Ontario,3315 Morgan Avenue,42.93226,-81.27282,apartment,1936.0,1.0,1.0,780.0,0,0,1,1,12,0
552987,London,Ontario,325 Sugarcreek Trail,42.981380734407,-81.279395833048,apartment,2142.0,1.0,1.0,990.0,0,0,1,1,12,0
569077,London,Ontario,1128 Adelaide Street N,43.0139378,-81.2417725,apartment,1665.0,1.0,1.0,780.0,0,0,0,0,12,0
303911,London,Ontario,1267 Richmond Street,43.0121308,-81.2645705,apartment,1520.0,1.0,1.0,570.0,0,0,1,1,12,0
477888,London,Ontario,366-368 Oxford Street West,42.986791,-81.282776,apartment,1710.0,1.0,1.0,672.0,0,0,1,1,12,0
477903,London,Ontario,724 Fanshawe Park Road East,43.035987,-81.251138,apartment,1535.0,1.0,1.0,545.0,0,0,1,1,12,0
537537,London,Ontario,501 Wilkins Street,42.952003,-81.232483,apartment,1855.0,2.0,1.0,1110.0,0,0,1,1,12,0
477884,London,Ontario,848-852 Kipps Lane,43.018924,-81.241364,apartment,1495.0,1.0,1.0,682.0,0,0,1,1,12,0
556579,London,Ontario,621 Baseline Road East,42.9611807,-81.2341993,apartment,1625.0,1.0,1.0,581.0,0,0,1,1,12,0
477892,London,Ontario,435 Grey Street,42.979767950771,-81.234540353462,apartment,1755.0,2.0,1.0,900.0,0,0,1,1,12,0
557785,London,Ontario,905 Southdale,42.9362849,-81.3134234,apartment,2318.0,2.0,2.0,1209.0,0,0,1,1,12,0
477893,London,Ontario,"1, 3 Frontenac Road",42.959632676246,-81.209710693327,apartment,1850.0,2.0,1.0,760.0,0,0,1,1,12,0
477890,London,Ontario,200 Sandringham Crescent,42.949391,-81.23004,apartment,1635.0,1.0,1.0,749.0,0,0,1,1,12,0
466349,London,Ontario,433 King Street,42.9854231,-81.2372326,apartment,2175.0,2.0,1.0,1093.0,0,0,1,1,12,0
556578,London,Ontario,383 Princess Avenue,42.989935,-81.2425685,apartment,1495.0,1.0,1.0,513.0,0,0,1,1,12,0
415755,London,Ontario,160 Emery St W,42.9639874,-81.2741061,apartment,1550.0,1.0,1.0,650.0,0,0,1,1,12,0
563388,London,Ontario,3967 Savoy St,42.9178346,-81.2861776,townhouse,2795.0,3.0,2.5,1451.0,0,0,1,1,12,0
556369,London,Ontario,11 & 23 McClary Avenue,42.9699682,-81.2403311,apartment,1695.0,1.0,1.0,580.0,0,0,1,1,12,0
552977,London,Ontario,517 Richmond Street,42.987129635015,-81.250876688889,apartment,2429.0,2.0,2.0,1130.0,0,0,1,1,12,40
552986,London,Ontario,1132 Adelaide Street N,43.0141877,-81.2406108,apartment,1889.0,2.0,1.0,1085.0,0,0,0,0,12,32
552976,London,Ontario,885 Southdale,42.93639088204,-81.312047777246,apartment,2318.0,2.0,2.0,1209.0,0,0,1,1,12,34
552985,London,Ontario,1126 Adelaide Street N,43.013532,-81.2423749,apartment,1576.0,1.0,1.0,750.0,0,0,0,0,12,64
552990,London,Ontario,605 Proudfoot Lane,42.9819025,-81.286067271164,apartment,2243.0,3.0,2.0,1425.0,0,0,1,1,12,29
477895,London,Ontario,727-769 Second Street,43.0110403,-81.1961357,apartment,1875.0,2.0,1.0,1020.0,0,0,1,1,12,15
571092,London,Ontario,405 Sugarcreek Trail,42.981188772645,-81.281696853615,apartment,1785.0,1.0,1.0,782.0,0,0,0,0,12,69
552981,London,Ontario,575 Proudfoot Lane,42.982467617104,-81.285085582664,apartment,1685.0,1.0,1.0,715.0,0,0,1,1,12,29
557584,London,Ontario,1231 Richmond Street North,43.0118535,-81.2652238,apartment,2055.0,2.0,1.0,750.0,0,0,1,1,12,30
432917,London,Ontario,100 Ridout Street South,42.9712631,-81.2482219,apartment,1599.0,1.0,1.0,585.0,0,0,1,1,12,31
537556,London,Ontario,400 Sandringham Crescent,42.950259,-81.230196,apartment,1865.0,2.0,1.0,1012.0,0,0,1,1,12,30
477897,London,Ontario,705 Freeport Street,43.017681,-81.327128,apartment,2780.0,3.0,1.0,1490.0,0,0,1,1,12,30
477887,London,Ontario,170-186 Berkshire Drive | 362-388 Wonderland Rd S,42.96384,-81.290548,apartment,1835.0,2.0,1.0,943.0,0,0,1,1,12,30
351560,London,Ontario,1585/1595 Ernest Avenue,42.9344441,-81.2365063,apartment,1720.0,1.0,1.0,745.0,0,0,1,1,12,30
477891,London,Ontario,95 Fiddlers Green Road,42.976615,-81.317883,apartment,1685.0,1.0,1.0,675.0,0,0,1,1,12,30
566389,London,Ontario,1265 Richmond Street North,43.0132705,-81.2664663,apartment,1625.0,1.0,1.0,688.0,0,0,1,1,12,31
552991,London,Ontario,365 Sugarcreek Trail,42.980959426171,-81.281037395611,apartment,2120.0,1.0,1.0,990.0,0,0,1,1,12,38
351319,London,Ontario,854 Commissioners Road East,42.9584764,-81.2246129,apartment,1760.0,1.0,1.0,760.0,0,0,1,1,12,92
557524,London,Ontario,485 Castlegrove Blvd.,42.9952547,-81.2972396,apartment,1705.0,1.0,1.0,643.0,0,0,1,1,12,61
477900,London,Ontario,"914, 916, 924 Wonderland Road South",42.944004156643,-81.285217787557,apartment,1900.0,2.0,1.0,1025.0,0,0,1,1,12,61
556575,London,Ontario,470 Maitland Street,42.9891964,-81.2374545,apartment,1625.0,1.0,1.0,536.0,0,0,1,1,12,61
552262,London,Ontario,565 Talbot Street,42.9877303,-81.2548517,apartment,1655.0,1.0,1.0,655.0,0,0,1,1,12,123
552993,London,Ontario,385 Sugarcreek Trail,42.980466281018,-81.282634342902,apartment,1947.0,1.0,1.0,870.0,0,0,1,1,12,66
564276,London,Ontario,110 Fullarton Street,42.985150812272,-81.253141911917,apartment,2386.0,2.0,2.0,986.0,0,0,1,1,12,153
572597,London,Ontario,307 Fanshawe Park Road East,43.029581,-81.2699403,house,2145.0,2.0,2.5,1280.0,0,0,1,1,12,0
572328,London,Ontario,63 Paperbirch Crescent,42.9952373,-81.2954348,apartment,2395.0,3.0,1.0,1500.0,0,0,1,1,12,0
571208,London,Ontario,385 Central Avenue,42.9919519,-81.243507,apartment,1515.0,1.0,1.0,680.0,0,0,1,1,12,0
545233,London,Ontario,131 King St W,42.982021447615,-81.250034823439,apartment,2325.0,1.0,2.0,1144.0,0,0,1,1,12,0
571844,London,Ontario,989 Battery Park,42.9901623,-81.3192782,townhouse,3095.0,4.0,2.5,2000.0,0,0,1,1,12,0
570933,London,Ontario,2201 Westpoint Heights,42.9192439,-81.2904739,house,3130.0,4.0,2.5,2200.0,0,0,1,1,12,0
462798,London,Ontario,951 Commissioners Rd. E,42.9589541,-81.2109654,apartment,1629.0,1.0,1.0,681.0,0,0,1,1,12,0
450143,London,Ontario,180 Mill Street,42.9927171,-81.2535181,apartment,2195.0,2.0,2.0,1170.0,0,0,0,0,12,0
571225,London,Ontario,1440 Twilite Boulevard,43.0197652,-81.3376417,house,3295.0,4.0,2.5,2600.0,0,0,1,1,12,0
570664,London,Ontario,Royal Magnolia Avenue,42.9208688,-81.3057729,townhouse,3130.0,4.0,2.5,2100.0,0,0,1,1,12,0
570772,London,Ontario,11 Beaconsfield Avenue,42.9769442,-81.2572107,house,2045.0,2.0,1.0,1050.0,0,0,1,1,12,0
570608,London,Ontario,1830 Dumont Street,43.0004693,-81.1788414,apartment,1925.0,2.0,1.0,700.0,0,0,1,1,12,0
570605,London,Ontario,832 Thistledown Way,42.9951144,-81.3012242,house,2645.0,3.0,2.5,1200.0,0,0,1,1,12,0
569480,London,Ontario,831 Silverfox Crescent,43.0236902,-81.3239888,house,2495.0,3.0,2.5,1850.0,0,0,1,1,12,0
569479,London,Ontario,1096 Jalna Boulevard,42.93539,-81.22684,house,2390.0,3.0,1.5,1000.0,0,0,1,1,12,0
569463,London,Ontario,1205 York Street,42.9930384,-81.2079671,house,1895.0,2.0,1.0,900.0,0,0,1,1,12,0
564702,London,Ontario,968 Huron Street,43.0167477,-81.2285775,apartment,1650.0,1.0,1.0,720.0,0,0,1,1,12,0
567995,London,Ontario,1615 Haig Street,42.9963365,-81.1893944,basement,1795.0,2.0,1.0,1100.0,0,0,1,1,12,0
567793,London,Ontario,169 Rectory Street,42.9828121,-81.2215255,house,2295.0,3.0,1.0,900.0,0,0,1,1,12,0
567749,London,Ontario,177 Edgevalley Road,43.0366684,-81.222425,townhouse,2700.0,3.0,3.0,1800.0,0,0,1,1,12,0
567392,London,Ontario,1002 Blythwood Road,42.991472,-81.3027694,house,2395.0,3.0,2.0,1400.0,0,0,1,1,12,0
567253,London,Ontario,1870 Aldersbrook Gate,43.01634,-81.32254,house,2495.0,3.0,2.5,1750.0,0,0,1,1,12,0
562085,London,Ontario,3200 Singleton Avenue,42.9392,-81.27019,townhouse,1795.0,1.0,1.0,760.0,0,0,1,1,12,0
565601,London,Ontario,1960 Dalmagarry Road,43.00998,-81.32883,townhouse,2645.0,3.0,2.5,1800.0,0,0,1,1,12,0
564673,London,Ontario,"145 North Centre Road, London, Ontario N5X 4C7",43.0294,-81.2778,townhouse,2695.0,3.0,3.0,1800.0,0,0,1,1,12,0
560559,London,Ontario,240 Villagewalk Boulevard,43.036606,-81.2932591,apartment,2225.0,1.0,1.0,1190.0,0,0,1,1,12,0
564338,London,Ontario,23 Pelkey Road,43.0315721,-81.2903579,basement,2395.0,3.0,1.0,1700.0,0,0,1,1,12,0
562859,London,Ontario,140 Wellington Street,42.9770747,-81.2409227,apartment,1525.0,1.0,1.0,500.0,0,0,1,1,12,0
562858,London,Ontario,140 Wellington Street,42.9770747,-81.2409227,apartment,1825.0,2.0,1.0,700.0,0,0,1,1,12,0
562857,London,Ontario,140 Wellington Street,42.9770747,-81.2409227,apartment,1625.0,1.0,1.0,700.0,0,0,1,1,12,0
562003,London,Ontario,362 Hilton Avenue,43.001244,-81.179812,apartment,1695.0,2.0,1.0,1300.0,0,0,1,1,12,0
559998,London,Ontario,40 Springbank Drive,42.9753407,-81.2646382,house,2395.0,3.0,1.0,1350.0,0,0,1,1,12,0
561253,London,Ontario,101 Wellington Street,42.9757736,-81.2409622,apartment,1775.0,1.0,1.0,600.0,0,0,1,1,12,0
462797,London,Ontario,112 Baseline Rd. W,42.959066445369,-81.268762797853,apartment,1629.0,1.0,1.0,697.0,0,0,1,1,12,14
570780,London,Ontario,480 Callaway Road,43.03528,-81.3007499,apartment,2699.0,2.0,2.0,1300.0,0,0,1,1,6,17
499693,London,Ontario,600 Springbank Dr,42.96266,-81.29368,apartment,2395.0,2.0,2.0,1063.0,0,0,1,1,12,61
301378,London,Ontario,1250 Sandford St.,43.0226825,-81.2040574,apartment,1529.0,1.0,1.0,667.0,0,0,1,1,12,44
557681,London,Ontario,531 Dufferin Avenue,42.9903629,-81.2357281,apartment,1550.0,1.0,1.0,659.0,0,1,1,1,12,61
560185,Lucan,Ontario,280 Main St,43.1918091,-81.4117401,apartment,1495.0,0.0,1.0,351.0,0,0,1,1,12,0
572434,Markham,Ontario,49 Fairfax Court,43.8109156,-79.4728606,basement,1795.0,0.0,1.0,700.0,0,0,1,1,12,0
572125,Markham,Ontario,7411 & 7433 Yonge St. and 20 & 30 Clarke Ave,43.8071171,-79.4223611,apartment,2687.03,2.0,1.0,820.0,0,0,0,0,12,60
571438,Markham,Ontario,31 Michelina Terrace,43.8765027,-79.2274078,townhouse,3495.0,3.0,2.5,2000.0,0,0,1,1,12,0
566079,Markham,Ontario,39 Normark Drive,43.8272482,-79.4242675,house,3595.0,4.0,3.0,1300.0,0,0,1,1,12,0
569462,Markham,Ontario,341 Williamson Road,43.9061785,-79.259803,house,3795.0,5.0,3.5,3100.0,0,0,1,1,12,0
559500,Markham,Ontario,63 Summerlea Street,43.8496933,-79.2694065,basement,2095.0,2.0,1.0,650.0,0,0,0,0,12,0
571417,Milton,Ontario,66 Manley Lane,43.5298745,-79.8686481,basement,1705.0,1.0,1.0,600.0,0,0,1,1,12,0
566462,Milton,Ontario,424 Tonelli Lane,43.4890897,-79.8790989,house,3195.0,4.0,2.5,2900.0,0,0,1,1,12,0
566461,Milton,Ontario,424 Tonelli Lane,43.4890897,-79.8790989,basement,2095.0,2.0,1.0,1300.0,0,0,1,1,12,0
570788,Milton,Ontario,1680 Sauble Court,43.5167451,-79.8212308,basement,1994.0,2.0,1.0,650.0,0,0,1,1,12,0
545714,Milton,Ontario,1287 Costigan Road,43.5245652,-79.8474101,apartment,2575.0,2.0,2.0,829.0,0,0,1,1,12,0
559537,Milton,Ontario,1264 Sim Place,43.5210327,-79.8400253,basement,1745.0,1.0,1.0,900.0,0,0,1,1,12,0
337475,Mississauga,Ontario,3620 Kaneff Crescent,43.592495,-79.632446,apartment,2501.0,1.0,1.0,770.0,0,0,1,1,12,0
477912,Mississauga,Ontario,2360 Bonner Road,43.513993,-79.645172,apartment,1995.0,0.0,1.0,485.0,0,0,1,1,12,0
426848,Mississauga,Ontario,1177 Bloor Street East,43.612114,-79.600154,apartment,3141.0,2.0,1.0,924.0,0,0,1,1,12,0
477908,Mississauga,Ontario,"2076, 2100 Sherobee Road",43.571437,-79.601217,apartment,2340.0,1.0,1.0,695.0,0,0,1,1,12,0
564396,Mississauga,Ontario,1750 Bloor Street East,43.6550233,-79.4596739,apartment,2689.0,2.0,1.0,849.0,0,0,1,1,12,0
564392,Mississauga,Ontario,30 Central Parkway West,43.5878415,-79.6294615,apartment,2579.0,2.0,1.0,831.0,0,0,1,1,12,0
560911,Mississauga,Ontario,3315 Fieldgate Drive,43.6229334,-79.5865414,apartment,2299.0,1.0,1.0,634.0,0,0,1,1,12,0
420970,Mississauga,Ontario,3450 Fieldgate Dr,43.6238736,-79.5899729,apartment,2199.0,1.0,1.0,700.0,0,0,0,0,12,0
454568,Mississauga,Ontario,1745 Bloor St.,43.623942,-79.5868519,apartment,2225.0,1.0,1.0,700.0,0,0,0,0,12,0
454581,Mississauga,Ontario,1785 Bloor St.,43.624859,-79.5858439,apartment,1700.0,0.0,1.0,418.0,0,0,0,0,12,0
477913,Mississauga,Ontario,"3420, 3425 Morning Star Drive",43.721091,-79.641834,apartment,2580.0,2.0,1.0,855.0,0,0,1,1,12,0
527028,Mississauga,Ontario,1201 Walden Circle,43.51351,-79.6320739,apartment,2195.0,1.0,1.0,650.0,0,0,1,1,12,0
477905,Mississauga,Ontario,1055 Bloor Street,43.609032,-79.601793,apartment,2295.0,1.0,1.0,560.0,0,0,1,1,12,0
454569,Mississauga,Ontario,121 Agnes St.,43.5782053,-79.6206002,apartment,2275.0,1.0,1.0,710.0,0,0,0,0,12,0
454562,Mississauga,Ontario,28 Elizabeth St. N.,43.5545308,-79.5871133,apartment,2375.0,1.0,1.0,675.0,0,0,0,0,12,0
454564,Mississauga,Ontario,99 Agnes St.,43.5791338,-79.6199163,apartment,2275.0,1.0,1.0,600.0,0,0,0,0,12,0
417427,Mississauga,Ontario,65 Paisley Blvd. W.,43.5753551,-79.6123528,apartment,2299.0,1.0,1.0,750.0,0,0,1,1,12,30
477904,Mississauga,Ontario,2121 Rathburn Road East,43.641317,-79.592788,apartment,2780.0,2.0,1.0,1156.0,0,0,1,1,12,30
337478,Mississauga,Ontario,2645 Battleford Road,43.585041,-79.749933,apartment,2896.0,2.0,1.0,1078.0,0,0,1,1,12,42
432905,Mississauga,Ontario,"1257 Lakeshore Road, East",43.5819837,-79.5534821,apartment,2615.0,2.0,1.0,929.0,0,0,1,1,12,61
432926,Mississauga,Ontario,2770 Aquitaine Avenue,43.586439,-79.7570195,apartment,2795.0,2.0,1.0,922.0,0,0,1,1,12,92
572137,Mississauga,Ontario,2475 Hurontario Street,43.5779438,-79.6120238,apartment,2232.0,1.0,1.0,600.0,0,0,0,0,12,0
572132,Mississauga,Ontario,2465 Hurontario Street,43.5774475,-79.6119349,apartment,2460.0,1.0,1.0,732.0,0,0,0,0,12,0
572435,Mississauga,Ontario,6069 Windfleet Crescent,43.6055543,-79.7056854,basement,1845.0,1.0,1.0,1000.0,1,0,1,1,12,0
572140,Mississauga,Ontario,3122 Hurontario Street,43.5823701,-79.6195347,apartment,2337.0,1.0,1.0,628.0,0,0,0,0,12,0
430711,Mississauga,Ontario,120 Dundas Street East,43.5823127,-79.6124292,apartment,2999.0,3.0,1.5,953.0,0,0,1,1,12,0
572141,Mississauga,Ontario,2233 - 2235 Hurontario Street,43.5733526,-79.6051741,apartment,2367.19,1.0,1.0,700.0,0,0,0,0,12,0
571418,Mississauga,Ontario,3550 Colonial Drive,43.5245814,-79.70388,townhouse,2845.0,2.0,2.5,1000.0,0,0,1,1,12,0
570400,Mississauga,Ontario,222 Lech Walesa Drive,43.5799357,-79.62852,basement,2085.0,2.0,1.0,800.0,0,0,1,1,12,0
566472,Mississauga,Ontario,1355 Silver Spear Road,43.620268,-79.6016463,apartment,2695.0,2.0,1.0,853.0,0,0,0,0,12,0
568973,Mississauga,Ontario,4028 Erindale Station Road,43.5711863,-79.662512,house,4295.0,5.0,5.0,3500.0,0,0,1,1,12,0
443339,Mississauga,Ontario,2247 Hurontario Street,43.5743719,-79.6060783,apartment,2400.0,2.0,1.0,790.0,0,0,1,1,12,0
568309,Mississauga,Ontario,6465 Tisler Crescent,43.5772856,-79.7568326,basement,1745.0,1.0,1.0,500.0,0,0,1,1,12,0
565457,Mississauga,Ontario,90 Absolute Ave,43.5955739,-79.6337479,apartment,2300.0,1.0,1.0,700.0,0,0,1,1,12,0
562808,Mississauga,Ontario,4055 Parkside Village Drive,43.5854861,-79.6477509,apartment,2250.0,1.0,1.0,550.0,0,0,1,1,12,0
562503,Mississauga,Ontario,4055 Parkside Village Drive,43.5854861,-79.6477509,apartment,2350.0,1.0,1.0,550.0,0,0,1,1,12,0
566878,Mississauga,Ontario,3630 Ellengale Drive,43.5647934,-79.6539732,basement,1745.0,1.0,1.0,600.0,0,0,1,1,12,0
566283,Mississauga,Ontario,1239 Prestonwood Crescent,43.600954,-79.7046098,basement,1945.0,2.0,1.0,1000.0,0,0,1,1,12,0
565489,Mississauga,Ontario,3706 Stratton Woods Court,43.5339116,-79.7015256,basement,2085.0,2.0,1.0,900.0,0,0,1,1,12,0
562928,Mississauga,Ontario,5170 Winston Churchill Boulevard,43.5522907,-79.7226249,apartment,2850.0,2.0,2.0,1900.0,1,0,1,1,12,0
563353,Mississauga,Ontario,3883 Quartz Road,43.5836918,-79.644249,apartment,3350.0,3.0,2.0,1100.0,0,0,1,1,12,0
564341,Mississauga,Ontario,3088 Lenester Drive,43.5559709,-79.6488728,basement,2370.0,2.0,2.0,800.0,0,0,1,1,12,0
562618,Mississauga,Ontario,135 Hillcrest Avenue,43.5809319,-79.6258462,apartment,2400.0,1.0,1.0,700.0,0,0,1,1,12,0
559531,Mississauga,Ontario,4153 Wheelwright Crescent,43.5541983,-79.6854328,house,3695.0,4.0,2.5,1800.0,0,0,1,1,12,0
560311,Mississauga,Ontario,3900 Confederation Parkway,43.5845952,-79.6450251,apartment,2195.0,1.0,1.0,500.0,0,0,1,1,12,0
560576,Mississauga,Ontario,4376 Alta Court,43.6059049,-79.6351439,basement,2335.0,1.0,1.0,750.0,0,0,1,1,12,0
430712,Mississauga,Ontario,100 Dundas Street East,43.581712,-79.6120018,apartment,2303.89,1.0,1.0,673.0,0,0,1,1,12,39
489928,Mississauga,Ontario,2185 Sheridan Park Dr,43.5276543,-79.6610602,apartment,2260.0,1.0,1.0,627.0,0,0,1,1,12,17
569816,Mississauga,Ontario,2699 Battleford Road,43.5852171,-79.7519556,apartment,2935.0,2.0,1.0,1087.0,0,0,1,1,12,62
489927,Mississauga,Ontario,1301 Dundas St W,43.5540966,-79.647272,apartment,2679.63,2.0,1.0,873.0,0,0,1,1,12,61
330263,Mississauga,Ontario,3480 Havenwood Drive,43.6203902,-79.5946947,apartment,2578.1,1.0,1.0,724.0,0,0,0,0,12,43
569202,Mississauga,Ontario,45 Bristol Road Easyt,43.615726,-79.6630593,townhouse,3295.0,3.0,2.5,1450.0,0,0,1,1,12,30
331001,Mount Forest,Ontario,156 Egremont St. N.,43.9845688,-80.7336545,apartment,1505.0,1.0,1.0,410.0,0,0,0,0,12,0
477916,Newmarket,Ontario,75 Huron Heights Drive,44.067498,-79.444936,apartment,2415.0,2.0,1.0,880.0,0,0,1,1,12,0
530060,Newmarket,Ontario,212 Davis Drive,44.056379,-79.469973,apartment,2325.0,1.0,1.0,580.0,0,0,0,0,12,61
567394,Newmarket,Ontario,209 Vantage Loop,44.0531111,-79.4916994,house,3095.0,3.0,2.5,2060.0,0,0,1,1,12,0
561964,Newmarket,Ontario,168 William Booth Avenue,44.0540348,-79.4911502,house,3495.0,4.0,3.0,1800.0,0,0,1,1,12,0
331062,Niagara Falls,Ontario,3915 Portage Rd.,43.1165076,-79.0997327,apartment,2105.0,2.0,1.0,744.0,0,0,1,1,12,0
331063,Niagara Falls,Ontario,"4613, 4615, 4617 & 4619 Portage Rd.",43.1069797,-79.095093,apartment,1710.0,1.0,1.0,650.0,0,0,1,1,12,0
331157,Niagara Falls,Ontario,5552 Heritage Dr.,43.1292349,-79.0878439,apartment,1840.0,2.0,1.0,665.0,0,0,1,1,12,0
527516,Niagara Falls,Ontario,7030 Casey Street,43.1289641,-79.1175695,apartment,1825.0,2.0,1.0,884.0,0,0,1,1,12,0
508560,Niagara Falls,Ontario,6521 & 6563 Drummond Road,43.0800058,-79.0977193,apartment,1945.0,2.0,1.0,937.0,0,0,1,1,12,0
331104,Niagara Falls,Ontario,6515 McLeod Rd.,43.0707158,-79.102691999999,apartment,2635.0,2.0,1.0,1714.0,0,0,1,1,12,0
572468,Niagara Falls,Ontario,5675 Church's Lane,43.1305825,-79.0898329,apartment,2995.0,3.0,1.0,1800.0,0,0,1,1,12,0
568379,Niagara Falls,Ontario,8561 Dogwood Crescent,43.0660985,-79.1406759,apartment,2895.0,4.0,4.0,2850.0,0,0,1,1,12,0
563245,Niagara Falls,Ontario,4237 Shuttleworth Drive,43.0431338,-79.0615252,house,2595.0,4.0,3.0,1800.0,0,0,1,1,12,0
569172,Niagara Falls,Ontario,6352 High Street,43.0909903,-79.1004649,apartment,1945.0,2.0,2.0,1200.0,0,0,1,1,12,0
562506,Niagara Falls,Ontario,8755 Chickory Trail,43.0658,-79.147,house,2890.0,4.0,2.5,2450.0,0,0,1,1,12,0
562796,Niagara Falls,Ontario,6070 Culp Street,43.0858913,-79.0949766,basement,1245.0,1.0,1.0,600.0,0,0,1,1,12,0
561728,Niagara Falls,Ontario,3533 Dorchester Road,43.1213431,-79.1124739,basement,1345.0,1.0,1.0,600.0,1,0,1,1,12,0
564343,Niagara-on-the-Lake,Ontario,12 Weatherstone Court,43.2437034,-79.0750488,basement,1595.0,1.0,1.0,1000.0,0,0,1,1,12,0
560891,Niagara-on-the-Lake,Ontario,810 Concession 1 Road,43.1868368,-79.0707065,basement,1595.0,1.0,1.0,600.0,0,0,1,1,12,0
330999,North Bay,Ontario,295 Lakeshore Drive,46.2829833,-79.449297099999,apartment,2250.0,2.0,2.0,893.0,0,0,1,1,12,0
509257,North Bay,Ontario,2515 Trout Lake Road,46.3229546,-79.434023,apartment,1885.0,2.0,1.0,665.0,0,0,1,1,12,0
330998,North Bay,Ontario,105 Giroux St.,46.3245699,-79.427872299999,apartment,1785.0,1.0,1.0,612.0,0,0,1,1,12,0
477975,North York,Ontario,"11 Dervock Crescent, 75 Talara Drive",43.766765,-79.381834,apartment,2575.0,2.0,1.0,660.0,0,0,1,1,12,0
435189,North York,Ontario,26 Sloane Ave 26 Sloane Ave,43.726506,-79.3139429,apartment,1729.0,1.0,1.0,476.0,0,0,0,0,12,0
477967,North York,Ontario,500 Murray Ross Parkway,43.764473,-79.505168,apartment,2765.0,2.0,1.0,790.0,0,0,1,1,12,0
477969,North York,Ontario,"7, 9 Roanoke Road",43.741203,-79.327759,apartment,2195.0,1.0,1.0,685.0,0,0,1,1,12,0
477973,North York,Ontario,"2180, 2190 Weston Road",43.703852,-79.524985,apartment,2145.0,1.0,1.0,580.0,0,0,1,1,12,0
527027,North York,Ontario,20 Graydon Hall Drive,43.7634866,-79.3459836,apartment,2295.0,1.0,1.0,700.0,0,0,1,1,12,0
571751,North York,Ontario,32 Redmount Road,43.7419045,-79.4437952,apartment,3000.0,2.0,1.0,1000.0,0,0,0,0,12,0
370371,North York,Ontario,35 Esterbrooke Ave,43.778429,-79.3502717,apartment,2595.0,2.0,1.0,948.0,0,0,0,0,12,0
571749,North York,Ontario,48 Baltray Crescent,43.7673491,-79.3242368,basement,1845.0,1.0,1.0,850.0,0,0,1,1,12,0
570890,North York,Ontario,10 De Boers Drive,43.7515255,-79.4641055,apartment,2650.0,2.0,2.0,680.0,0,0,1,1,12,0
570750,North York,Ontario,80 Brucewood Crescent,43.7233454,-79.4337097,basement,1695.0,1.0,1.0,350.0,0,0,1,1,12,0
568126,North York,Ontario,187 Princess Avenue,43.7703665,-79.4030178,basement,2295.0,2.0,1.0,1200.0,0,0,1,1,12,0
566170,North York,Ontario,500 Wilson Avenue,43.7353469,-79.4453099,apartment,2550.0,2.0,2.0,600.0,0,0,1,1,12,0
564446,North York,Ontario,8 Olympic Gdn Drive,43.7850291,-79.4159917,apartment,2500.0,2.0,2.0,700.0,0,0,1,1,12,0
565615,North York,Ontario,177 Charlton Boulevard,43.7790437,-79.4387045,basement,2295.0,2.0,1.0,1400.0,0,0,1,1,12,0
565281,North York,Ontario,86 Ruthmar Crescent,43.7643646,-79.5280594,basement,2195.0,1.0,1.0,600.0,0,0,1,1,12,0
565132,North York,Ontario,562 Brookdale Avenue,43.7252752,-79.4269826,house,5965.0,5.0,5.0,3000.0,0,0,1,1,12,0
405387,North York,Ontario,1440 Lawrence Avenue West,43.7089044,-79.4794291,apartment,2575.0,2.0,1.0,966.0,0,0,1,1,12,0
561222,North York,Ontario,20 Forest Manor Road,43.7700557,-79.3442588,apartment,3250.0,3.0,1.0,1300.0,0,0,1,1,12,0
562685,North York,Ontario,50 George Butchart Drive,43.7365452,-79.4838787,apartment,2800.0,2.0,2.0,800.0,0,0,1,1,12,0
559529,North York,Ontario,52 Harlock Boulevard,43.7514985,-79.4450506,basement,2745.0,3.0,1.0,1400.0,0,0,1,1,12,0
561210,North York,Ontario,"5765 Yonge Street, North York, Ontario M2M 3T9",43.7831358,-79.415217,apartment,2500.0,1.0,1.0,800.0,1,0,1,1,12,0
559494,North York,Ontario,22 Warfield Drive,43.7888914,-79.3367642,basement,1495.0,2.0,1.0,500.0,0,0,1,1,12,0
405385,North York,Ontario,105 Rowena Drive,43.7509851,-79.3137668,apartment,2650.0,2.0,1.0,960.0,0,0,1,1,12,0
405383,North York,Ontario,100 Rowena Drive,43.751709,-79.3143831,apartment,2700.0,2.0,1.0,1055.0,0,0,1,1,12,0
405384,North York,Ontario,7 Welsford Gardens,43.7514748,-79.3156304,townhouse,2950.0,3.0,1.5,1372.0,0,0,0,0,12,0
571396,North York,Ontario,38 Monte Kwinter Court,43.7337566,-79.4488748,apartment,2375.0,2.0,1.0,560.0,0,0,1,1,12,14
370370,North York,Ontario,34 Leith Hill Rd,43.777108,-79.3481987,apartment,2095.0,1.0,1.0,707.0,0,0,0,0,12,70
477906,Oakville,Ontario,1297 Marlborough Court & 1360 White Oaks Blvd,43.471844,-79.693734,apartment,2395.0,1.0,1.0,958.0,0,0,1,1,12,0
532006,Oakville,Ontario,155 Navy Street,43.4450295,-79.6716364,apartment,2395.0,1.0,1.0,680.0,0,0,1,1,12,0
563737,Oakville,Ontario,2300 Marine Drive,43.397336,-79.7058495,apartment,2395.0,1.0,1.0,825.0,0,0,1,1,12,0
432941,Oakville,Ontario,1130 Queens Avenue,43.4615836,-79.6911211,apartment,2215.0,1.0,1.0,709.0,0,0,0,0,12,30
542866,Oakville,Ontario,6 John Street,43.44187,-79.673718,apartment,3905.0,3.0,1.0,1540.0,0,0,1,1,12,30
351302,Oakville,Ontario,199 Queen Mary Drive,43.4442008,-79.6760959,apartment,2135.0,0.0,1.0,610.0,0,0,1,1,12,61
568907,Oakville,Ontario,121 Burnhamthorpe Road East,43.4968115,-79.7439202,basement,1745.0,1.0,1.0,550.0,0,0,1,1,12,0
569143,Oakville,Ontario,1260 Napier Crescent,43.4633659,-79.6977676,house,3145.0,3.0,1.5,1400.0,0,0,1,1,12,0
566730,Oakville,Ontario,3220 William Coltson Avenue,43.4945749,-79.7271351,apartment,1989.0,1.0,1.0,600.0,0,0,1,1,12,0
564682,Oakville,Ontario,345 Wheat Boom Drive,43.4920529,-79.7237598,apartment,2325.0,1.0,1.0,690.0,0,0,1,1,12,0
563378,Oakville,Ontario,2291 Bridge Road,43.4070333,-79.7209043,house,3895.0,5.0,2.0,2300.0,0,0,1,1,12,0
564340,Oakville,Ontario,237 Overton Place,43.4529781,-79.7084947,house,5045.0,4.0,3.0,3000.0,0,0,1,1,12,0
571835,Oakville,Ontario,405 Dundas Street West,43.4689895,-79.7409287,apartment,3800.0,3.0,2.0,1100.0,0,0,0,0,12,30
449854,Oakville,Ontario,1450 Glen Abbey,43.4353734,-79.736123,apartment,2602.04,2.0,1.0,852.0,0,0,0,0,12,44
571861,Oakville,Ontario,2183 Devonshire Crescent,43.4306856,-79.7530871,basement,2490.0,2.0,1.0,1900.0,0,0,1,1,12,61
477914,Orangeville,Ontario,45 Bredin Parkway,43.928311,-80.102698,apartment,2090.0,1.0,1.0,550.0,0,0,1,1,12,0
560297,Orillia,Ontario,3137 Emperor Drive,44.6056825,-79.4575395,house,3195.0,4.0,2.5,2200.0,0,0,1,1,12,0
404435,Oshawa,Ontario,321 & 349 Marland Ave,43.8858072,-78.8723668,apartment,2328.34,2.0,1.0,880.0,0,0,0,0,12,0
477196,Oshawa,Ontario,110 Nonquon Road,43.9301069,-78.8740473,apartment,2199.0,2.0,1.0,871.0,0,0,1,1,12,0
404437,Oshawa,Ontario,380 Gibb St,43.8875421,-78.8741653,apartment,2080.03,1.0,1.0,764.0,0,0,0,0,12,0
430530,Oshawa,Ontario,33 Richmond Street W,43.8989029,-78.8656538,apartment,2344.43,2.0,1.0,900.0,0,0,1,1,12,0
397181,Oshawa,Ontario,95 Quebec Street,43.8887927,-78.8632076,apartment,2058.85,1.0,1.0,717.0,0,0,0,0,12,61
404436,Oshawa,Ontario,50 Adelaide Ave E and 290 & 300 Mary St N,43.9048342,-78.8645178,apartment,2377.39,2.0,1.0,929.0,0,0,0,0,12,59
477920,Oshawa,Ontario,1221 Simcoe Street North,43.9302724,-78.87942,apartment,1780.0,1.0,1.0,587.0,0,0,1,1,12,0
430537,Oshawa,Ontario,190 Nonquon Road,43.9330128,-78.8713939,apartment,2432.51,2.0,1.0,896.0,0,0,0,0,12,61
430536,Oshawa,Ontario,124 Park Road North,43.8985349,-78.8755067,apartment,2364.75,2.0,1.0,1037.0,0,0,1,1,12,66
430535,Oshawa,Ontario,100 Rideau Street,43.8983927,-78.8772146,townhouse,2703.58,3.0,1.0,989.0,0,0,1,1,12,29
477915,Oshawa,Ontario,140 Nonquon Road,43.932006589283,-78.872829615442,apartment,1835.0,1.0,1.0,740.0,0,0,1,1,12,30
477924,Oshawa,Ontario,191 Nonquon Road,43.9321718,-78.8732341,apartment,1725.0,1.0,1.0,672.0,0,0,1,1,12,61
477919,Oshawa,Ontario,1266 Pentland Street,43.9323495,-78.872079,apartment,2120.0,2.0,1.0,789.0,0,0,1,1,12,61
572185,Oshawa,Ontario,2581 Secreto Drive,43.9650918,-78.8897447,house,3195.0,5.0,4.0,2400.0,0,0,1,1,12,0
571226,Oshawa,Ontario,130 Westmount Street,43.8906129,-78.8765473,basement,1800.0,2.0,1.0,700.0,0,0,1,1,12,0
571863,Oshawa,Ontario,290 Anderson Avenue,43.8994916,-78.8762654,apartment,2100.0,2.0,1.0,700.0,0,0,1,1,12,0
571842,Oshawa,Ontario,122 Colborne Street East,43.9023342,-78.8611051,apartment,2395.0,2.0,1.0,1100.0,0,0,0,0,12,0
569615,Oshawa,Ontario,1181 Summerwood Heights,43.9350351,-78.8487915,apartment,3145.0,4.0,2.5,2000.0,0,0,1,1,12,0
569459,Oshawa,Ontario,278 Division Street,43.9063511,-78.8607574,basement,1790.0,1.0,1.0,580.0,0,0,1,1,12,0
565602,Oshawa,Ontario,95 Danzatore Path,43.9624054,-78.8986796,house,2895.0,4.0,3.0,1600.0,0,0,1,1,12,0
564339,Oshawa,Ontario,839 Glen Street,43.8750533,-78.8561575,basement,2195.0,3.0,1.0,1000.0,0,0,1,1,12,0
569583,Oshawa,Ontario,2500 Hill Rise Court,43.9607729,-78.9006745,townhouse,2895.0,2.0,1.5,1100.0,1,0,1,1,12,0
566042,Oshawa,Ontario,383 Oshawa Boulevard South,43.8902326,-78.8468218,apartment,2195.0,2.0,1.0,900.0,0,0,1,1,12,0
565147,Oshawa,Ontario,70 Rossland Road East,43.9158882,-78.8685856,apartment,2295.0,2.0,1.0,850.0,0,0,1,1,12,0
560033,Oshawa,Ontario,70 Rossland Road East,43.9158882,-78.8685856,house,2295.0,2.0,1.0,850.0,0,0,1,1,12,0
562641,Oshawa,Ontario,1203 Oxford Street,43.8649371,-78.852265,basement,1995.0,2.0,1.0,900.0,0,0,1,1,12,0
565560,Oshawa,Ontario,150 Dance Act Avenue,43.9585484,-78.9060655,house,3395.0,4.0,2.5,1850.0,0,0,1,1,12,0
566749,Oshawa,Ontario,212 Bloor Street East,43.882319,-78.8481551,apartment,1995.0,2.0,1.0,900.0,0,0,1,1,12,0
566499,Oshawa,Ontario,308 Vimy Avenue,43.893327,-78.849287,house,3450.0,4.0,3.0,2500.0,0,0,1,1,12,0
566748,Oshawa,Ontario,608 Adelaide Avenue East,43.9100456,-78.84487,apartment,2445.0,3.0,1.0,1500.0,0,0,1,1,12,0
562754,Oshawa,Ontario,252 Okanagan Path,43.8973767,-78.8333424,townhouse,2995.0,3.0,2.5,2000.0,0,0,1,1,12,0
564342,Oshawa,Ontario,119 Celina Street,43.8946887,-78.8609343,house,2295.0,2.0,2.0,1250.0,0,0,1,1,12,0
559517,Oshawa,Ontario,755 Adelaide Avenue East,43.9117169,-78.8394984,apartment,2595.0,3.0,1.0,1500.0,0,0,1,1,12,0
559528,Oshawa,Ontario,2352 Secreto Drive,43.959365,-78.8889877,basement,1995.0,2.0,1.0,1100.0,0,0,1,1,12,0
560269,Oshawa,Ontario,755 Adelaide Avenue East,43.9117169,-78.8394984,basement,1695.0,1.0,1.5,900.0,0,0,1,1,12,0
527974,Oshawa,Ontario,240 Ormond Drive,43.937615,-78.8721703,townhouse,2750.0,2.0,1.0,918.0,0,0,1,1,12,0
572451,Oshawa,Ontario,521 Dianne Drive,43.8942178,-78.8213857,house,2845.0,3.0,1.0,1700.0,0,0,1,1,12,0
571273,Oshawa,Ontario,89 Orchard View Boulevard,43.9281871,-78.8806414,apartment,2695.0,3.0,1.0,1000.0,0,0,1,1,12,45
570889,Oshawa,Ontario,487 Aztec Drive,43.9040049,-78.8998141,apartment,3320.0,4.0,3.5,2400.0,0,0,1,1,12,61
472296,Ottawa,Ontario,250 Besserer,45.4280564,-75.6849619,apartment,1975.0,1.0,1.0,536.0,0,0,1,1,12,0
556635,Ottawa,Ontario,10 Oblats,45.4101969,-75.6770618,apartment,3241.0,2.0,2.0,1001.0,0,0,1,1,12,0
521610,Ottawa,Ontario,90 Champagne,45.39881,-75.71207,apartment,2200.0,1.0,1.0,557.0,0,0,1,1,12,0
406693,Ottawa,Ontario,192 Bronson Ave.,45.414042,-75.7073148,apartment,2550.0,2.0,1.0,669.0,0,0,1,1,12,0
556636,Ottawa,Ontario,6 Oblats,45.409765,-75.6777101,apartment,2295.0,1.0,1.0,603.0,0,0,1,1,12,0
351335,Ottawa,Ontario,1170 Fisher Avenue,45.3766045,-75.7195353,apartment,1729.0,1.0,1.0,557.0,0,0,1,1,12,61
491843,Ottawa,Ontario,1295 Carling Ave,45.3867692,-75.7355233,apartment,2143.0,1.0,1.0,624.0,0,0,1,1,12,0
455997,Ottawa,Ontario,99 Fifth Ave,45.402025671389,-75.687031407935,apartment,2139.0,1.0,1.0,480.0,0,0,1,1,12,0
508629,Ottawa,Ontario,180 Metcalfe Street,45.4187848,-75.6940989,apartment,2770.0,2.0,1.0,1051.0,0,0,1,1,12,0
527032,Ottawa,Ontario,25 Woodridge Crescent,45.3489283,-75.8077061,apartment,2495.0,2.0,1.0,842.0,0,0,1,1,12,0
537129,Ottawa,Ontario,"2045, 2055 and 2065 Portobello Blvd.",45.46059,-75.4648,apartment,2495.0,2.0,2.0,913.0,0,0,1,1,12,0
546627,Ottawa,Ontario,180A Metcalfe Street,45.4187848,-75.6940989,apartment,4730.0,2.0,1.0,1014.0,1,0,1,1,12,0
470507,Ottawa,Ontario,86-92 Hinton Avenue North,45.4009944,-75.7316894,apartment,2350.0,1.0,1.0,756.0,1,0,1,1,12,0
352309,Ottawa,Ontario,315 Holmwood Avenue,45.3959187,-75.6948566,apartment,1500.0,0.0,1.0,495.0,0,0,1,1,12,30
559539,Ottawa,Ontario,265 Rideau Street,45.4288455,-75.6866764,apartment,1985.0,1.0,1.0,649.0,0,0,1,1,12,183
516385,Ottawa,Ontario,280 O'Connor St,45.4149549,-75.6934842,apartment,2740.0,2.0,2.0,1069.0,0,0,1,1,12,92
351343,Ottawa,Ontario,1316 Carling Avenue,45.385481,-75.7345252,apartment,1449.0,0.0,1.0,339.0,0,0,0,0,12,30
562697,Ottawa,Ontario,75 Slater Street,45.42159,-75.69548,apartment,2500.0,2.0,1.0,804.0,0,0,1,1,12,0
528458,Ottawa,Ontario,383 Albert Street,45.41798,-75.70542,apartment,2690.0,2.0,2.0,906.0,0,0,1,1,12,16
563904,Ottawa,Ontario,146 Stewart Street,45.4272896,-75.6826202,apartment,1439.0,0.0,1.0,395.0,0,0,1,1,12,0
527034,Ottawa,Ontario,15 Woodridge Crescent,45.3491493,-75.8064948,apartment,1870.0,1.0,1.0,535.0,0,0,1,1,12,0
438475,Ottawa,Ontario,174-178 Clarence,45.4301363,-75.6899986,apartment,1625.0,1.0,1.0,450.0,0,0,0,0,12,0
563924,Ottawa,Ontario,135-145 York Street,45.4297945,-75.6898468,apartment,2139.0,2.0,1.0,648.0,0,0,1,1,12,0
480606,Ottawa,Ontario,167 Alymer Avenue,45.392036487912,-75.692983061377,apartment,3250.0,4.0,2.0,1100.0,1,0,1,1,12,0
556245,Ottawa,Ontario,2826 Sandalwood Drive,45.3790054,-75.647975,apartment,1699.0,0.0,1.0,502.0,0,0,1,1,12,0
560313,Ottawa,Ontario,18 Hamilton Ave N,45.4010585,-75.7307325,apartment,2285.0,1.0,1.0,515.0,0,0,1,1,12,0
527542,Ottawa,Ontario,98 Woodridge Crescent,45.3467135,-75.8135737,townhouse,2406.0,2.0,1.5,1076.0,0,0,1,1,12,0
505259,Ottawa,Ontario,165 Chapel St.,45.4311999,-75.68067,apartment,3069.0,2.0,2.0,975.0,0,0,1,1,12,0
537562,Ottawa,Ontario,101 and 105 Champagne Avenue South,45.3987355,-75.7116261,apartment,2000.0,1.0,1.0,365.0,1,0,0,0,12,0
564823,Ottawa,Ontario,245 Laurier E,45.426331629588,-75.68104985531,apartment,1595.0,0.0,1.0,210.0,1,0,1,1,12,0
491425,Ottawa,Ontario,280 Laurier Avenue East,45.4263708,-75.6797257,apartment,1750.0,0.0,1.0,315.0,1,0,1,1,12,0
491426,Ottawa,Ontario,146-170 Osgoode Street,45.42448,-75.67906,apartment,1440.0,1.0,1.0,185.0,1,0,1,1,12,0
435729,Ottawa,Ontario,330 McLeod,45.4117182,-75.691806,apartment,1450.0,0.0,1.0,288.0,1,0,0,0,12,0
442443,Ottawa,Ontario,139 Henderson,45.4228544,-75.6793811,apartment,3900.0,4.0,2.0,1200.0,0,0,1,1,12,0
435724,Ottawa,Ontario,101-115 Amaya,45.363183957579,-75.768775894189,apartment,900.0,5.0,2.0,95.0,1,0,0,0,12,0
430435,Ottawa,Ontario,638 Center Street,45.4400102,-75.6422693,apartment,1980.0,2.0,1.0,670.0,0,0,1,1,12,0
432932,Ottawa,Ontario,100 Weeping Willow Lane,45.3302154,-75.9031429,apartment,2125.0,2.0,1.0,888.0,0,0,1,1,12,0
528448,Ottawa,Ontario,70 Gloucester Street,45.4191,-75.69485,apartment,1975.0,1.0,1.0,685.0,0,0,1,1,12,65
559647,Ottawa,Ontario,545 Rideau Street,45.4324132,-75.6776517,apartment,2300.0,1.0,2.0,936.0,0,0,1,1,12,30
351301,Ottawa,Ontario,2001 Carling Avenue,45.3737705,-75.7635455,apartment,1649.0,1.0,1.0,465.0,0,0,1,1,12,30
351299,Ottawa,Ontario,1140/1150 Fisher Avenue,45.3780722,-75.7203987,apartment,1749.0,1.0,1.0,655.0,0,0,1,1,12,30
351311,Ottawa,Ontario,1300/1310 McWatters Road,45.3432625,-75.7871816,apartment,1449.0,0.0,1.0,398.0,0,0,1,1,12,75
351297,Ottawa,Ontario,1241 Kilborn Place,45.3862082,-75.672859,apartment,1699.0,1.0,1.0,470.0,0,0,1,1,12,30
351298,Ottawa,Ontario,200 Rideau Terrace,45.4436467,-75.6752172,apartment,1540.0,0.0,1.0,385.0,0,0,1,1,12,30
351310,Ottawa,Ontario,851 Richmond Road,45.3798775,-75.7728676,apartment,1455.0,0.0,1.0,355.0,0,0,1,1,12,92
477925,Ottawa,Ontario,Hathaway Drive,45.278966,-75.714507,apartment,2140.0,2.0,1.0,1446.0,0,0,1,1,12,30
351662,Ottawa,Ontario,33 Banner Road,45.3324493,-75.786602,apartment,1799.0,1.0,1.0,631.0,0,0,1,1,12,30
432895,Ottawa,Ontario,40 The Driveway,45.4191783,-75.6834626,apartment,1950.0,1.0,1.0,645.0,0,0,1,1,12,30
537542,Ottawa,Ontario,141 Augusta Street,45.4320124,-75.6807082,apartment,1775.0,1.0,1.0,830.0,0,0,1,1,12,30
487175,Ottawa,Ontario,"220-266 Livery St, Stittsville",45.27683992568,-75.888564055406,apartment,2305.0,3.0,1.0,1267.0,0,0,1,1,12,30
351663,Ottawa,Ontario,330 Queen Elizabeth Drive,45.406163284136,-75.682572292885,apartment,2099.0,1.0,1.0,562.0,0,0,1,1,12,61
432916,Ottawa,Ontario,350 Queen Elizabeth Drive,45.4048542,-75.6827215,apartment,2175.0,1.0,1.0,611.0,0,0,1,1,12,61
351309,Ottawa,Ontario,7303/7305/7307 Campeau Drive,45.3139586,-75.915072,apartment,2325.0,1.0,1.0,714.0,0,0,1,1,12,61
351295,Ottawa,Ontario,1275/1285 Richmond Road,45.3689178,-75.7846532,apartment,1850.0,1.0,1.0,600.0,0,0,1,1,12,61
351996,Ottawa,Ontario,85 Range Road,45.4244511,-75.6705795,apartment,1840.0,1.0,1.0,772.0,0,0,1,1,12,61
351661,Ottawa,Ontario,2881 Richmond Road,45.354446299304,-75.797474635513,apartment,1975.0,2.0,1.0,790.0,0,0,1,1,12,61
477927,Ottawa,Ontario,8 Timberline Private,45.276643,-75.710723,apartment,2545.0,3.0,1.0,1357.0,0,0,1,1,12,61
477933,Ottawa,Ontario,2591-2601 Bridle Path Drive,45.3489711,-75.6496297,apartment,2515.0,3.0,1.0,1180.0,0,0,1,1,12,61
477918,Ottawa,Ontario,1998 Beaconwood Drive,45.447501,-75.596989,apartment,2510.0,3.0,1.0,1135.0,0,0,1,1,12,61
559648,Ottawa,Ontario,350 Montgomery St,45.431236777644,-75.665493138623,apartment,1550.0,0.0,1.0,353.0,0,0,1,1,12,92
571582,Ottawa,Ontario,61 McEwen,45.3718763,-75.7825991,apartment,1729.0,1.0,1.0,1.0,0,0,1,1,12,0
420031,Ottawa,Ontario,45 Somerset St. W,45.4194522,-75.686627,apartment,1779.0,1.0,1.0,495.0,0,0,1,1,12,0
526162,Ottawa,Ontario,190 Lees Ave,45.4151764,-75.6697588,apartment,1937.72,1.0,1.0,817.0,0,0,0,0,12,0
570606,Ottawa,Ontario,234 Rideau Street,45.4276771,-75.6876774,apartment,2590.0,2.0,2.0,1020.0,0,0,1,1,12,0
527818,Ottawa,Ontario,1975 ST. LAURENT BLVD,45.3987932,-75.6209843,apartment,1641.96,1.0,1.0,516.0,0,0,0,0,12,0
526163,Ottawa,Ontario,2920 Fairlea Cresc,45.3771555,-75.6428134,apartment,1749.05,1.0,1.0,556.0,0,0,0,0,12,0
310984,Ottawa,Ontario,1833 Frobisher Lane,45.399731,-75.66639,apartment,1724.0,1.0,1.0,676.0,0,0,1,1,12,0
500752,Ottawa,Ontario,3360 Paul Anka Drive,45.3497454,-75.6750806,apartment,1749.0,1.0,1.0,666.0,0,0,1,1,12,0
420036,Ottawa,Ontario,2470 Southvale Cres,45.398339259024,-75.615886184875,apartment,1780.0,1.0,1.0,651.0,0,0,1,1,12,0
568331,Ottawa,Ontario,402-150 Greenfield Avenue Lofts,45.4151064,-75.6798059,apartment,1950.0,1.0,1.0,500.0,0,0,0,0,12,0
311103,Ottawa,Ontario,1071 Ambleside Drive,45.374102,-75.779995,apartment,1499.0,1.0,1.0,600.0,0,0,1,1,12,0
311111,Ottawa,Ontario,1330 Richmond Rd,45.366246,-75.784947,apartment,2039.0,2.0,1.0,785.0,0,0,1,1,12,0
569585,Ottawa,Ontario,805 Carling Avenue,45.3979806,-75.7073001,apartment,2190.0,1.0,1.0,650.0,0,0,1,1,12,0
500753,Ottawa,Ontario,2969 Fairlea Crescent,45.3775598,-75.6406782,apartment,1708.74,1.0,1.0,538.0,0,0,0,0,12,0
571750,Ottawa,Ontario,1983 Cameron Lott Crescent,43.9571721,-78.8608637,townhouse,2795.0,2.0,3.0,1500.0,0,0,1,1,12,0
420032,Ottawa,Ontario,212 1/2 & 216 1/2 Bank Street,45.4171473,-75.6980446,apartment,3199.0,3.0,1.0,1464.0,0,0,1,1,12,0
564335,Ottawa,Ontario,324 Cambridge,45.4063291,-75.7045025,apartment,1500.0,0.0,1.0,315.0,0,0,1,1,12,0
420034,Ottawa,Ontario,1030-1040 Hollington Street,45.3793386,-75.7277053,apartment,1549.0,1.0,1.0,433.0,0,0,1,1,12,0
570508,Ottawa,Ontario,145 Robin Easey Avenue,45.2370906,-75.7354172,basement,2085.0,2.0,1.0,1100.0,0,0,1,1,12,0
436944,Ottawa,Ontario,1110-111 Champagne Avenue,45.3989394,-75.711807,apartment,2000.0,1.0,1.0,641.0,0,0,0,0,12,0
571568,Ottawa,Ontario,135 Harthill Way,45.2647734,-75.7581614,apartment,1925.0,2.0,1.0,1000.0,0,0,1,1,12,0
311017,Ottawa,Ontario,360 Croydon Avenue,45.364523,-75.787876,apartment,1734.0,1.0,1.0,660.0,0,0,1,1,12,0
570375,Ottawa,Ontario,81 Heney Street,45.4350698,-75.677244,apartment,2345.0,2.0,1.0,1000.0,0,0,1,1,12,0
566427,Ottawa,Ontario,265 Arlington Avenue,45.4069459,-75.7007618,apartment,2070.0,2.0,1.0,740.0,0,0,1,1,12,0
570828,Ottawa,Ontario,950 Marguerite Avenue,45.4281004,-75.6662786,apartment,2550.0,2.0,2.0,1070.0,2,0,1,1,12,0
565750,Ottawa,Ontario,Barrhaven,45.2370906,-75.7354172,basement,2200.0,2.0,1.0,1001.0,0,0,0,0,12,0
568219,Ottawa,Ontario,234 Rideau Street,45.4276771,-75.6876774,apartment,2170.0,1.0,1.0,700.0,1,0,1,1,12,0
535086,Ottawa,Ontario,4 Monk Street,45.4010628,-75.6883359,townhouse,3695.0,2.0,1.0,1136.0,0,0,1,1,12,0
568398,Ottawa,Ontario,1291 Summerville Avenue,45.3771257,-75.729401,apartment,2600.0,2.0,2.0,930.0,0,0,1,1,12,0
568325,Ottawa,Ontario,1291 Summerville Avenue,45.3771257,-75.729401,apartment,2545.0,2.0,2.0,930.0,0,0,1,1,12,0
568825,Ottawa,Ontario,1291 Summerville Avenue,45.3771257,-75.729401,apartment,2550.0,2.0,2.0,880.0,0,0,1,1,12,0
568139,Ottawa,Ontario,1291 Summerville Avenue,45.3771257,-75.729401,apartment,2300.0,2.0,2.0,880.0,0,0,1,1,12,0
568352,Ottawa,Ontario,1291 Summerville Avenue,45.3771257,-75.729401,apartment,2400.0,2.0,2.0,880.0,0,0,1,1,12,0
417464,Ottawa,Ontario,210 Stewart St.,45.4281991,-75.6804449,apartment,1500.0,1.0,1.0,480.0,0,0,1,1,12,0
568239,Ottawa,Ontario,1291 Summerville Avenue,45.3771257,-75.729401,apartment,2545.0,2.0,2.0,930.0,0,0,1,1,12,0
568757,Ottawa,Ontario,1291 Summerville Avenue,45.3771257,-75.729401,apartment,2550.0,2.0,2.0,880.0,0,0,1,1,12,0
568138,Ottawa,Ontario,1291 Summerville Avenue,45.3771257,-75.729401,apartment,1700.0,1.0,1.0,590.0,0,0,1,1,12,0
568330,Ottawa,Ontario,1291 Summerville Avenue,45.3771257,-75.729401,apartment,2445.0,2.0,2.0,880.0,0,0,1,1,12,0
569868,Ottawa,Ontario,234 Rideau Street,45.4276771,-75.6876774,apartment,2740.0,2.0,2.0,1350.0,0,0,1,1,12,0
568236,Ottawa,Ontario,1291 Summerville Avenue,45.3771257,-75.729401,apartment,1945.0,1.0,1.0,700.0,0,0,1,1,12,0
568657,Ottawa,Ontario,1291 Summerville Avenue,45.3771257,-75.729401,apartment,2600.0,2.0,2.0,930.0,0,0,1,1,12,0
568329,Ottawa,Ontario,1291 Summerville Avenue,45.3771257,-75.729401,apartment,2550.0,2.0,2.0,930.0,0,0,1,1,12,0
570538,Ottawa,Ontario,1902 Featherston Drive,45.3831957,-75.640225,house,5000.0,4.0,4.0,2200.0,1,0,0,0,12,0
570408,Ottawa,Ontario,475 Churchill Avenue North,45.3895864,-75.7519498,house,3250.0,4.0,1.5,2400.0,0,0,1,1,12,0
512797,Ottawa,Ontario,2182 Tenth Line Road,45.4540583,-75.4843854,apartment,2000.0,1.0,1.0,612.0,0,0,1,1,12,0
553342,Ottawa,Ontario,1161 Heron Road,45.3793806,-75.6695615,apartment,2300.0,2.0,2.0,832.0,0,0,1,1,12,0
567476,Ottawa,Ontario,696 Holt Crescent,45.3934331,-75.6357575,basement,2195.0,2.0,1.0,880.0,0,0,1,1,12,0
566216,Ottawa,Ontario,31 Springfield Road,45.4408756,-75.6763688,apartment,2575.0,2.0,2.0,1000.0,0,0,1,1,12,0
565656,Ottawa,Ontario,499 Sunnyside Avenue,45.39053,-75.6929901,apartment,2925.0,2.0,2.0,1360.0,0,0,1,1,12,0
560575,Ottawa,Ontario,168 McArthur Avenue,45.4311191,-75.6629279,apartment,2145.0,2.0,1.0,1100.0,0,0,1,1,12,0
566350,Ottawa,Ontario,560 Rideau Street,45.4322179,-75.6769284,apartment,1475.0,0.0,1.0,400.0,0,0,1,1,12,0
566190,Ottawa,Ontario,"1350 Hemlock Road, Ottawa, Ontario K1K 5C2",45.45282,-75.63291,apartment,1990.0,1.0,1.0,730.0,0,0,1,1,12,0
563726,Ottawa,Ontario,340 Queen Street,45.4184152,-75.7052441,apartment,2090.0,1.0,1.0,710.0,0,0,1,1,12,0
504935,Ottawa,Ontario,170 Metcalfe St,45.4190573,-75.6944604,apartment,3450.0,1.0,1.0,500.0,1,0,0,0,3,0
565321,Ottawa,Ontario,261 Falsetto Street,45.4293204,-75.5199825,townhouse,2745.0,4.0,3.5,2050.0,0,0,1,1,12,0
564182,Ottawa,Ontario,"1350 Hemlock Road, Ottawa, Ontario K1K 5C2",45.45282,-75.63291,apartment,2190.0,2.0,2.0,810.0,0,0,1,1,12,0
504932,Ottawa,Ontario,169 Lisgar St.,45.4190493,-75.6921436,apartment,3750.0,1.0,1.0,461.0,1,0,1,1,3,0
561390,Ottawa,Ontario,805 Maplewood Avenue,45.36085,-75.79139,apartment,2115.0,2.0,2.0,830.0,0,0,1,1,12,0
311009,Ottawa,Ontario,100 Bronson Avenue,45.416729,-75.7092,apartment,2039.0,1.0,1.0,810.0,0,0,1,1,12,14
527819,Ottawa,Ontario,1971 ST. LAURENT BLVD,45.3981722,-75.6214032,apartment,1767.91,1.0,1.0,503.0,0,0,0,0,12,30
419995,Ottawa,Ontario,1196 Shillington Avenue,45.3811739,-75.7273958,apartment,1599.0,1.0,1.0,422.0,0,0,1,1,12,91
415560,Ottawa,Ontario,335 McArthur Ave.,45.432145,-75.653632,apartment,1424.0,1.0,1.0,500.0,0,0,1,1,12,92
501288,Ottawa,Ontario,2181 Navaho Drive,45.3559406,-75.7578189,apartment,1753.65,1.0,1.0,522.0,0,0,1,1,12,58
311186,Ottawa,Ontario,1500 Walkley Road,45.375432,-75.650095,apartment,1449.0,1.0,1.0,649.0,0,0,1,1,12,61
311189,Ottawa,Ontario,2995 Albion Road North,45.371043,-75.652612,apartment,1559.0,1.0,1.0,500.0,0,0,1,1,12,61
500749,Ottawa,Ontario,"3528-3532, 3550 & 3590 Downpatrick Road",45.3456234,-75.6621544,apartment,2079.0,2.0,1.0,685.0,0,0,1,1,12,20
415559,Ottawa,Ontario,230/240 Brittany Drive,45.445569,-75.64861,apartment,1659.0,1.0,1.0,554.0,0,0,1,1,12,92
419480,Ottawa,Ontario,2448 Carling Ave,45.365222,-75.7816462,apartment,1850.0,2.0,1.0,850.0,0,0,1,0,12,30
571583,Ottawa,Ontario,260 1/2 Dalhousie Street,45.4304958,-75.6927105,apartment,2599.0,3.0,1.0,1.0,0,0,1,1,12,60
415570,Ottawa,Ontario,2035 Othello Avenue,45.395785,-75.622564,apartment,1699.0,1.0,1.0,600.0,0,0,1,1,12,14
419989,Ottawa,Ontario,255 Stewart Street,45.4291782,-75.6790976,apartment,2299.0,2.0,1.0,983.0,0,0,1,1,12,60
419993,Ottawa,Ontario,1073 Hollington St,45.3780906,-75.7261755,apartment,1749.0,1.0,1.0,617.0,0,0,1,1,12,29
572350,Ottawa,Ontario,797 Brian Good Avenue,45.26374,-75.69313,townhouse,3195.0,3.0,2.5,2100.0,1,0,1,1,12,30
311115,Ottawa,Ontario,89 Forward Avenue,45.40937,-75.732948,apartment,1424.0,0.0,1.0,425.0,0,0,1,1,12,61
311090,Ottawa,Ontario,124 Springfield Road,45.443027,-75.677284,apartment,1609.0,1.0,1.0,900.0,0,0,1,1,12,61
570336,Ottawa,Ontario,239 Booth Street,45.4110925,-75.7113646,apartment,2870.0,3.0,2.0,1150.0,0,0,1,1,12,30
416513,Ottawa,Ontario,195 Cooper St,45.4189407,-75.6906055,apartment,1800.0,1.0,1.0,660.0,0,0,1,1,12,61
568225,Ottawa,Ontario,Centretown,45.4161131,-75.686411,apartment,3500.0,1.0,1.0,700.0,1,0,0,0,6,30
311086,Ottawa,Ontario,1735 Frobisher Lane,45.402703,-75.66472,apartment,1710.0,1.0,1.0,500.0,0,0,1,1,12,61
512338,Ottawa,Ontario,655 & 755 Anand Private,45.36812,-75.66433,apartment,1925.0,1.0,1.0,601.0,0,0,1,1,12,44
420047,Ottawa,Ontario,50 MacLaren Street,45.418918,-75.6856552,apartment,2899.0,2.0,1.0,1024.0,0,0,1,1,12,60
567661,Ottawa,Ontario,Chapel Hill,45.441761,-75.5162556,house,2960.0,3.0,3.0,2874.0,0,0,1,1,12,61
570883,Ottawa,Ontario,333 Metcalfe,45.4143509,-75.6895429,apartment,1899.0,1.0,1.0,1.0,0,0,1,1,12,61
471627,Ottawa,Ontario,28 Pretoria Avenue,45.4101633,-75.6854244,apartment,2125.0,1.0,1.0,498.0,0,0,1,1,12,61
446558,Ottawa,Ontario,2404-500 Laurier Avenue West,45.4189991,-75.6980163,apartment,2500.0,2.0,2.0,900.0,0,0,1,1,12,61
565355,Ottawa,Ontario,235 Bay Street,45.4158131,-75.7041831,apartment,1850.0,1.0,1.0,663.0,0,0,1,1,12,61
517913,Ottawa,Ontario,6376 Bilberry Drive,45.4842479,-75.5340994,house,1950.0,2.0,1.5,818.0,0,0,0,0,12,61
420045,Ottawa,Ontario,1 Rosebery Avenue,45.4076761,-75.6911736,apartment,1699.0,1.0,1.0,430.0,0,0,1,1,12,91
525860,Ottawa,Ontario,100 Glebe,45.4054954,-75.688208,house,2700.0,2.0,1.0,850.0,1,0,1,1,12,92
560294,Ottawa,Ontario,805 Carling Avenue,45.3979806,-75.7073001,apartment,2900.0,1.0,1.0,760.0,1,0,0,0,12,365
331046,Owen Sound,Ontario,2855 6th Ave. W.,44.5927426,-80.949126,apartment,1855.0,2.0,1.0,889.0,0,0,1,1,12,0
331047,Owen Sound,Ontario,2860 6th Ave. W.,44.5928055,-80.9494706,apartment,1990.0,3.0,1.0,1009.0,0,0,1,1,12,0
331048,Owen Sound,Ontario,995 16th St. E.,44.5739103,-80.9234131,apartment,1990.0,2.0,1.0,834.0,0,0,1,1,12,0
331043,Owen Sound,Ontario,450 28th St. W.,44.5924317,-80.9473716,apartment,1435.0,1.0,1.0,646.0,0,0,1,1,12,0
331049,Owen Sound,Ontario,2755 5th Ave. W.,44.59113,-80.948103,apartment,1810.0,2.0,1.0,853.0,0,0,1,1,12,0
331044,Owen Sound,Ontario,575 28th St. W.,44.5925074,-80.9490076,apartment,2000.0,3.0,1.0,1011.0,0,0,1,1,12,0
331007,Paris,Ontario,17 & 19 Barker St.,43.1898068,-80.3890934,apartment,1925.0,1.0,1.0,726.0,0,0,1,1,12,0
571590,Pelham,Ontario,46 Summersides Boulevard,43.04403,-79.27741,house,2795.0,4.0,2.5,1910.0,0,0,1,1,12,61
504470,Peterborough,Ontario,909 Clonsilla Avenue,44.2870788,-78.3487094,apartment,1760.0,1.0,1.0,599.0,0,0,0,0,12,0
521497,Peterborough,Ontario,200 St Lukes Ave,44.3050487,-78.3047702,apartment,1550.0,1.0,1.0,800.0,0,0,0,0,12,30
477932,Pickering,Ontario,1865 Glenanna Road,43.835251,-79.082679,apartment,2560.0,3.0,1.0,1135.0,0,0,1,1,12,0
566476,Pickering,Ontario,1460 Whites Road North,43.8194,-79.11641,townhouse,2790.0,2.0,2.5,1400.0,0,0,1,1,12,0
567934,Pickering,Ontario,2635 William Jackson Drive,43.8807357,-79.0852693,townhouse,2695.0,2.0,2.5,1200.0,0,0,1,1,12,0
566152,Pickering,Ontario,613 Sunbird Trail,43.8441969,-79.1279053,basement,1790.0,1.0,1.0,600.0,0,0,1,1,12,0
561819,Pickering,Ontario,1255 Bayly Street,43.8277709,-79.0897821,apartment,2025.0,1.0,1.0,500.0,0,0,1,1,12,0
562616,Pickering,Ontario,1061 Cameo Street,43.87366,-79.11855,house,3095.0,3.0,2.0,2500.0,0,0,1,1,12,0
562875,Pickering,Ontario,914 Modlin Road,43.8277925,-79.0830188,apartment,2945.0,3.0,1.0,1250.0,0,0,1,1,12,0
562639,Pickering,Ontario,1707 Maple Hill Court,43.8668668,-79.0814302,basement,2295.0,2.0,1.0,1000.0,0,0,1,1,12,0
560190,Pickering,Ontario,1455 Celebration Drive,43.8315702,-79.0793212,apartment,2045.0,1.0,1.0,750.0,0,0,1,1,12,0
560189,Pickering,Ontario,725 Annland Street,43.8207583,-79.0797533,basement,1845.0,1.0,1.0,950.0,0,0,1,1,12,0
559538,Pickering,Ontario,282 Waterford Gate,43.8207742,-79.1402349,basement,1795.0,2.0,1.0,950.0,0,0,1,1,12,0
331042,Port Elgin,Ontario,"764, 780 & 794 Waterloo Street",44.4390109,-81.3886976,apartment,1850.0,2.0,1.0,784.0,0,0,1,1,12,0
331041,Port Elgin,Ontario,"536, 550 & 554 Ivings Dr.",44.4265624,-81.3981575,apartment,1800.0,1.0,1.0,540.0,0,0,1,1,12,0
370812,Port Elgin,Ontario,1041 & 1043 & 1045 Waterloo Street,44.4459133,-81.3856602,apartment,1674.0,2.0,1.0,675.0,0,0,1,1,12,0
572497,Prince Edward,Ontario,848 County Road 18,43.9091553,-77.1930099,house,2700.0,4.0,2.0,2200.0,2,0,1,1,6,30
337272,Richmond Hill,Ontario,15 Baif Boulevard,43.857632,-79.435094,apartment,3070.0,2.0,1.0,904.0,0,0,1,1,12,0
565108,Richmond Hill,Ontario,29 Northern Heights,43.8503712,-79.4300819,apartment,3712.5,2.0,2.0,1315.0,0,0,1,1,12,0
562004,Richmond Hill,Ontario,9043 Yonge Street,43.8478518,-79.4312799,basement,1685.0,1.0,1.0,700.0,0,0,1,1,12,0
562243,Richmond Hill,Ontario,139 Kingshill Road,43.9325126,-79.4732797,basement,1845.0,1.0,1.0,900.0,0,0,1,1,12,0
572427,Richmond Hill,Ontario,9618 Yonge Street,43.8615874,-79.4359079,apartment,2500.0,1.0,1.0,600.0,0,0,0,0,12,30
331158,St Thomas,Ontario,294 & 330 Talbot St.,42.7785948,-81.200156,apartment,1585.0,1.0,1.0,574.0,0,0,1,1,12,0
331160,St Thomas,Ontario,104 Confederation Dr.,42.795266,-81.1665231,apartment,1685.0,1.0,1.0,644.0,0,0,1,1,12,0
534768,St Thomas,Ontario,2 & 4 Avon Road,42.7983651,-81.1655055,apartment,1479.0,1.0,1.0,569.0,0,0,1,1,12,0
339290,Sarnia,Ontario,11 Derby Lane,42.976819,-82.40606,apartment,1865.0,1.0,1.0,789.0,0,0,0,0,12,0
331087,Sarnia,Ontario,620 Berkshire Rd.,42.9886451,-82.3890648,apartment,1715.0,2.0,1.0,870.0,0,0,1,1,12,0
537576,Sarnia,Ontario,368 Exmouth Street,42.9858213,-82.3951298,apartment,1535.0,1.0,1.0,675.0,0,0,1,1,12,0
331085,Sarnia,Ontario,880 Colborne Rd.,42.9886322,-82.3886332,apartment,1310.0,1.0,1.0,600.0,0,0,1,1,12,0
537572,Sarnia,Ontario,396 Exmouth St.,42.9857197,-82.3914163,apartment,1550.0,1.0,1.0,411.0,0,0,0,0,12,0
510312,Sarnia,Ontario,131 Maxwell Street,42.9806664,-82.4067769,apartment,1645.0,1.0,1.0,709.0,0,0,1,1,12,0
508561,Sarnia,Ontario,269 & 275 Finch Drive,42.961427,-82.3526612,apartment,1465.0,1.0,1.0,625.0,0,0,1,1,12,0
331155,Sarnia,Ontario,225 & 233 Capel Street,42.986233,-82.390944999999,apartment,1450.0,1.0,1.0,532.0,0,0,1,1,12,0
331086,Sarnia,Ontario,875 Colborne Rd.,42.98808,-82.389129299999,apartment,1420.0,1.0,1.0,630.0,0,0,1,1,12,0
572515,Sarnia,Ontario,"205 Mackenzie St N, 220 Mitton St N",42.9742097,-82.3956999,apartment,1695.0,1.0,1.0,710.0,0,0,0,0,12,0
331080,Sarnia,Ontario,1100 Wellington Street,42.968207,-82.3674426,apartment,1660.0,2.0,1.0,775.0,0,0,1,1,12,0
331153,Sarnia,Ontario,"811, 817, 835 & 849 Devine Street",42.9639984,-82.381299799999,apartment,1530.0,2.0,1.0,601.0,0,0,1,1,12,0
504469,Sarnia,Ontario,"351, 361, 369 London Road",42.9776697,-82.3954391,apartment,1535.0,1.0,1.0,647.0,0,0,1,1,12,0
331088,Sarnia,Ontario,325 Willowdale Cresent,42.9862703,-82.3928253,apartment,1695.0,1.0,1.0,695.0,0,0,1,1,12,0
477941,Sarnia,Ontario,1202 Pontiac Court,42.9850041,-82.363484,apartment,1555.0,1.0,1.0,728.0,0,0,1,1,12,0
524432,Sarnia,Ontario,230 Forsyth Street North,42.9748932,-82.4001414,apartment,1415.0,1.0,1.0,467.0,0,0,0,0,12,0
331079,Sarnia,Ontario,399 London Road,42.9786697,-82.40203109999,apartment,1490.0,1.0,1.0,606.0,0,0,1,1,12,0
331152,Sarnia,Ontario,125 College Ave. S.,42.9696754,-82.401971199999,apartment,1465.0,1.0,1.0,560.0,0,0,1,1,12,0
485747,Sarnia,Ontario,176 Vidal Street South,42.968,-82.4055622,apartment,1515.0,1.0,1.0,700.0,0,0,0,0,12,0
524431,Sarnia,Ontario,255 Capel street,42.9860096,-82.3911787,apartment,1840.0,2.0,1.0,902.0,0,0,1,1,12,0
477938,Sarnia,Ontario,"160, 180, 185, 190 Canterbury Court",42.9630939,-82.3842897,apartment,1625.0,2.0,1.0,1094.0,0,0,1,1,12,0
477937,Sarnia,Ontario,1215-1273 Pontiac Court,42.9851355,-82.3621687,apartment,2050.0,2.0,1.0,1415.0,0,0,1,1,12,0
351286,Sarnia,Ontario,56/64 Finch Drive,42.9694212,-82.3536528,apartment,1599.0,1.0,1.0,570.0,0,0,1,1,12,30
351660,Sarnia,Ontario,1148/1150 Afton Drive,42.9753087,-82.3633132,apartment,1775.0,2.0,1.0,819.0,0,0,1,1,12,30
477936,Sarnia,Ontario,1270 Pontiac Court,42.9851355,-82.3621687,apartment,1795.0,2.0,1.0,957.0,0,0,1,1,12,30
330997,Sault Ste. Marie,Ontario,"23, 26 & 27 Terry Fox Pl.",46.5246707,-84.2566353,apartment,1400.0,1.0,1.0,527.0,0,0,1,1,12,0
330994,Sault Ste. Marie,Ontario,352 Dacey Road,46.525366,-84.260025,apartment,1445.0,1.0,1.0,527.0,0,0,1,1,12,0
331108,Sault Ste. Marie,Ontario,365 & 379 Lake Street,46.5137359,-84.2957093,apartment,1375.0,1.0,1.0,603.0,0,0,1,1,12,0
331107,Sault Ste. Marie,Ontario,"621, 627 & 631 MacDonald Avenue",46.5150562,-84.2911244,apartment,1420.0,1.0,1.0,510.0,0,0,1,1,12,0
331098,Sault Ste. Marie,Ontario,"122, 130 & 142 Allard Street",46.5263017,-84.3084688,apartment,1640.0,2.0,1.0,648.0,0,0,1,1,12,0
402745,Scarborough,Ontario,205 & 207 Morningside Avenue,43.7653292,-79.1842595,apartment,2299.0,1.0,1.0,634.0,0,0,1,1,12,0
452609,Scarborough,Ontario,1265 Birchmount Road,43.7475764,-79.28486,townhouse,2885.33,2.0,2.0,984.0,0,0,0,0,12,0
537546,Scarborough,Ontario,30 Tuxedo Court,43.779699,-79.232338,apartment,2670.0,2.0,1.0,960.0,0,0,1,1,12,0
537555,Scarborough,Ontario,30 Livonia Place,43.785957,-79.20529,apartment,2195.0,1.0,1.0,665.0,0,0,1,1,12,0
533890,Scarborough,Ontario,1191 Birchmount Road,43.7430768,-79.2825076,apartment,2145.0,1.0,1.0,600.0,0,0,1,1,12,0
477963,Scarborough,Ontario,4000 Lawrence Avenue East,43.765598,-79.20001,apartment,2375.0,1.0,1.0,706.0,0,0,1,1,12,0
477970,Scarborough,Ontario,"1757, 1759 Victoria Park Avenue",43.736601,-79.307675,apartment,2755.0,2.0,1.0,815.0,0,0,1,1,12,0
537533,Scarborough,Ontario,10 Tuxedo Court,43.779525,-79.232323,apartment,2285.0,1.0,1.0,715.0,0,0,1,1,12,30
477942,Scarborough,Ontario,1050 Markham road,43.774304,-79.230827,apartment,2400.0,1.0,1.0,704.0,0,0,1,1,12,30
477962,Scarborough,Ontario,370 McCowan Road,43.740406,-79.239106,apartment,2625.0,2.0,1.0,910.0,0,0,1,1,12,30
399207,Scarborough,Ontario,1255 Birchmount Road,43.7466959,-79.2840048,apartment,2275.2,1.0,1.0,710.0,0,0,1,1,12,61
513886,Scarborough,Ontario,30 Denton Ave,43.6939025,-79.2877355,apartment,2255.0,1.0,1.0,599.0,0,0,1,1,12,0
571862,Scarborough,Ontario,31 Island Road,43.7971915,-79.1423234,townhouse,3095.0,4.0,2.0,1200.0,0,0,1,1,12,0
565131,Scarborough,Ontario,10 Tapscott Road,43.8059006,-79.2190766,apartment,2575.0,2.0,1.5,950.0,0,0,1,1,12,0
560270,Scarborough,Ontario,60 Brian Harrison Way,43.774003,-79.2575808,apartment,2195.0,1.0,1.0,680.0,0,0,1,1,12,0
565086,Scarborough,Ontario,2788 Eglinton Avenue East,43.7387289,-79.2420753,house,3345.0,3.0,3.5,1800.0,0,0,1,1,12,0
443366,Scarborough,Ontario,1 Antrim Crescent,43.7705992,-79.2834615,apartment,2600.0,2.0,1.0,900.0,0,0,1,1,12,0
443356,Scarborough,Ontario,41 Antrim Crescent,43.7718787,-79.2879262,apartment,2600.0,2.0,1.0,950.0,0,0,1,1,12,0
566302,Scarborough,Ontario,"684 Warden Avenue, Scarborough, Ontario M1L 4W4",43.7139685,-79.2826089,apartment,2575.0,2.0,2.0,900.0,0,0,1,1,12,0
561688,Scarborough,Ontario,275 Village Green Square,43.779358,-79.2830046,apartment,2725.0,2.0,2.0,830.0,0,0,1,1,12,0
562941,Scarborough,Ontario,1058 Midland Avenue,43.7436303,-79.2623597,apartment,3095.0,3.0,1.0,1400.0,0,0,1,1,12,0
452813,Scarborough,Ontario,37 Antrim Crescent,43.7717272,-79.2862088,apartment,3350.0,2.0,1.0,800.0,0,0,1,1,12,0
572596,Scarborough,Ontario,510 Kingbird Grove,43.8049688,-79.1836635,apartment,2725.0,2.0,2.0,1100.0,0,0,1,1,12,61
351345,St. Catharines,Ontario,221 Glenridge Ave,43.1402561,-79.2386892,apartment,1875.0,2.0,1.0,842.0,0,0,0,0,12,44
331064,St. Catharines,Ontario,242 Linwell Road,43.1932044,-79.2431766,apartment,1745.0,1.0,1.0,545.0,0,0,1,1,12,0
331058,St. Catharines,Ontario,"568, 570 & 576 Ontario Street",43.193532,-79.2607788,apartment,1760.0,1.0,1.0,680.0,0,0,1,1,12,0
566199,St. Catharines,Ontario,6.5 smythe st,43.1470202,-79.2187026,apartment,1700.0,2.0,1.0,900.0,0,0,0,0,12,0
530061,St. Catharines,Ontario,40 Towering Heights Blvd,43.1423112,-79.2363352,apartment,2750.0,2.0,2.0,1377.0,0,0,1,1,12,61
351344,St. Catharines,Ontario,16 Towering Heights Blvd,43.1419106,-79.2369019,apartment,2100.0,2.0,1.0,1066.0,0,0,0,0,12,61
572466,St. Catharines,Ontario,50 Herrick Avenue,43.1598183,-79.2234381,apartment,2024.0,1.0,1.0,800.0,0,0,1,1,12,0
556442,St. Catharines,Ontario,3 Leaside Drive,43.1884428,-79.2080681,apartment,1825.0,2.0,1.0,916.0,0,0,1,1,12,0
571567,St. Catharines,Ontario,50 Herrick Avenue,43.1598183,-79.2234381,apartment,2110.0,2.0,2.0,900.0,0,0,1,1,12,0
357773,St. Catharines,Ontario,250 Lake Street,43.1741991,-79.2501406,apartment,1874.18,1.0,1.0,690.0,0,0,0,0,12,0
479964,St. Catharines,Ontario,292 Oakdale Avenue,43.1575849,-79.2284077,apartment,1699.0,1.0,1.0,651.0,0,0,0,0,12,0
570459,St. Catharines,Ontario,673 Geneva Street,43.2097508,-79.2427117,house,1495.0,2.0,1.0,450.0,0,0,1,1,12,0
556440,St. Catharines,Ontario,610 Lake Street,43.1987603,-79.2516784,apartment,2125.0,2.0,1.0,916.0,0,0,1,1,12,0
571378,St. Catharines,Ontario,50 Herrick Avenue,43.1598183,-79.2234381,apartment,2320.0,2.0,2.0,880.0,0,0,1,1,12,0
556468,St. Catharines,Ontario,97 Rockwood Avenue,43.1499898,-79.2034325,apartment,1725.0,2.0,1.0,881.0,0,0,1,1,12,0
556441,St. Catharines,Ontario,1 Clark Street,43.1624994,-79.2464805,apartment,1695.0,1.0,1.0,697.0,0,0,1,1,12,0
357768,St. Catharines,Ontario,24 Ida Street,43.1646635,-79.227174,apartment,1949.0,2.0,1.0,1048.0,0,0,0,0,12,0
570030,St. Catharines,Ontario,50 Herrick Avenue,43.1597853,-79.2233948,apartment,1873.0,1.0,1.0,700.0,0,0,1,1,12,0
569726,St. Catharines,Ontario,673 Geneva Street,43.2097508,-79.2427117,apartment,1495.0,2.0,1.0,450.0,0,0,1,1,12,0
567815,St. Catharines,Ontario,50 Herrick Avenue,43.1597853,-79.2233948,apartment,2325.0,2.0,2.0,880.0,0,0,1,1,12,0
546129,St. Catharines,Ontario,128 St. Augustine Drive,43.1437487,-79.2011849,apartment,2235.0,2.0,1.0,844.0,0,0,0,0,12,0
566352,St. Catharines,Ontario,50 Herrick Avenue,43.1597853,-79.2233948,apartment,2550.0,2.0,2.0,920.0,0,0,0,0,12,0
564548,St. Catharines,Ontario,21 Gale Crescent,43.1612493,-79.2368773,basement,1695.0,2.0,1.0,700.0,0,0,1,1,12,0
357775,St. Catharines,Ontario,311 Bunting Road,43.1800205,-79.2105172,apartment,1699.0,3.0,2.0,1212.0,0,0,1,1,12,365
570607,Stoney Creek,Ontario,27 Seaton Place Drive,43.2268259,-79.7228912,basement,1848.0,1.0,1.0,1250.0,0,0,1,1,12,0
565148,Stoney Creek,Ontario,52 Whitefish Crescent,43.2260482,-79.6711675,townhouse,2795.0,4.0,3.5,2000.0,0,0,1,1,12,0
561164,Stoney Creek,Ontario,148 Meadow Wood Crescent,43.1970928,-79.8025982,basement,1595.0,0.0,1.0,500.0,0,0,0,0,12,0
571725,Stoney Creek,Ontario,610 Barton Street,43.2215212,-79.7033365,townhouse,2895.0,3.0,1.5,1400.0,0,0,1,1,12,44
331082,Stratford,Ontario,42 Campbell Crt.,43.384848,-80.975869,apartment,1855.0,1.0,1.0,846.0,0,0,1,1,12,0
417418,Stratford,Ontario,30 Campbell Court,43.3842797,-80.9759261,apartment,1789.0,1.0,1.0,493.0,0,0,1,1,12,0
569584,Strathroy,Ontario,28551 Centre Road,42.9812893,-81.6316141,basement,1945.0,2.0,1.0,950.0,0,0,1,1,12,0
556102,Sudbury,Ontario,560 & 570 Notre Dame Street West,46.49313,-80.99048,apartment,2110.0,2.0,1.0,1101.0,0,0,0,0,12,0
520146,Sudbury,Ontario,145 & 155 Notre Dame Street West,46.5527889,-81.1188341,apartment,2025.0,2.0,2.0,1101.0,0,0,1,1,12,0
537574,Sudbury,Ontario,700 Cambrian Heights Drive,46.50857,-80.98906,apartment,1825.0,2.0,1.0,960.0,0,0,1,1,12,0
331034,Tecumseh,Ontario,11873 Tecumseh Rd. E.,42.3117402,-82.8954946,apartment,1820.0,2.0,1.0,726.0,0,0,1,1,12,0
506990,Tecumseh,Ontario,1200 & 1250 Southfield Drive,42.3105273,-82.8982485,apartment,2245.0,2.0,2.0,986.0,0,0,0,1,12,0
331035,Tecumseh,Ontario,11886 Tecumseh Rd. E.,42.3122134,-82.894968,apartment,1820.0,1.0,1.0,720.0,0,0,1,1,12,0
570070,Tecumseh,Ontario,81 Mildred Avenue,43.1754424,-79.2551142,basement,1545.0,2.0,1.0,1000.0,0,0,1,1,12,0
568905,Thorold,Ontario,195 Queen Street South,43.1137589,-79.2053937,apartment,1690.0,2.0,1.0,1000.0,0,0,1,1,12,0
564479,Thorold,Ontario,221 Palace Street,43.114454,-79.2092557,house,2795.0,4.0,3.5,2600.0,0,0,1,1,12,0
566305,Thorold,Ontario,92 Homestead Way,43.0888609,-79.1914223,house,2750.0,4.0,3.5,2400.0,0,0,1,1,12,0
561420,Thorold,Ontario,54 Haney Drive,43.0309952,-79.23678,townhouse,2195.0,3.0,2.5,1500.0,0,0,1,1,12,0
560452,Thorold,Ontario,37 Lamb Crescent,43.0282731,-79.2351646,house,2445.0,3.0,2.5,1600.0,0,0,1,1,12,0
560861,Thorold,Ontario,220 Pilkington Street,43.1013806,-79.1959147,house,2895.0,4.0,3.5,2200.0,0,0,1,1,12,0
499140,Thunder Bay,Ontario,350 County Blvd,48.456336,-89.2462926,townhouse,1800.0,3.0,1.0,1000.0,0,0,1,1,12,0
331604,Thunder Bay,Ontario,250 - 314 Heath Court,48.371192,-89.284518,townhouse,1895.0,3.0,1.0,890.0,0,0,0,0,12,0
331640,Thunder Bay,Ontario,135 Valley Street,48.4455194,-89.2664557,apartment,1595.0,2.0,1.0,743.0,0,0,0,0,12,0
331032,Tilbury,Ontario,65 Fort St.,42.2614972,-82.4230824,apartment,1845.0,2.0,1.0,1428.0,0,0,1,1,12,0
331028,Tillsonburg,Ontario,"182,192 & 204 Lisgar Ave.",42.874762,-80.735135399999,apartment,1635.0,2.0,1.0,721.0,0,0,1,1,12,0
562018,Tillsonburg,Ontario,93 Keba Crescent,42.8808973,-80.7362828,house,2395.0,3.0,3.5,1900.0,0,0,1,1,12,0
331166,Timmins,Ontario,860 Suzanne St,48.4937774,-81.3526215,apartment,1470.0,1.0,1.0,604.0,0,0,1,1,12,0
330990,Timmins,Ontario,860 Suzanne St,48.4937774,-81.3526215,apartment,1415.0,1.0,1.0,498.0,0,0,1,1,12,0
529183,Toronto,Ontario,9 Croham Road,43.692887684304,-79.46334799595,apartment,3999.0,3.0,3.0,1389.0,0,0,1,1,12,0
499703,Toronto,Ontario,71 Redpath Ave,43.706028,-79.3918579,apartment,6000.0,2.0,2.5,917.0,0,0,1,1,12,0
538223,Toronto,Ontario,7 Grosvenor Street,43.6626423,-79.3848476,apartment,2550.0,1.0,1.0,460.0,0,0,1,1,12,0
470188,Toronto,Ontario,200 Redpath Avenue,43.7103771,-79.3939141,apartment,3025.0,1.0,1.0,457.0,0,0,1,1,12,0
523076,Toronto,Ontario,2376 Dundas Street West,43.6579605,-79.4518418,apartment,2880.0,2.0,1.0,779.0,0,0,1,1,12,0
565878,Toronto,Ontario,7 Fairbank Ave,43.6954523,-79.4525846,apartment,2995.0,2.0,1.0,809.0,0,0,1,1,12,0
434633,Toronto,Ontario,40 Pleasant Blvd,43.6874886,-79.3924886,apartment,3217.0,2.0,1.5,937.0,0,0,1,1,12,0
500907,Toronto,Ontario,299 The Kingsway,43.6639081,-79.5206793,apartment,2700.0,1.0,1.5,677.0,0,0,1,1,12,0
517914,Toronto,Ontario,450 Front Street West,43.6424197,-79.3966213,apartment,2206.0,0.0,1.0,479.0,0,0,0,0,12,67
411567,Toronto,Ontario,18 Erskine Ave,43.7112787,-79.3986824,apartment,3450.0,2.0,2.0,847.0,0,0,1,1,12,61
467150,Toronto,Ontario,1100  King Street West,43.6401038,-79.4226564,apartment,2297.0,1.0,1.0,530.0,0,0,1,1,12,0
550624,Toronto,Ontario,35-41 Danforth Road,43.695014885587,-79.275891473835,townhouse,3160.0,2.0,2.0,861.0,0,0,1,1,12,0
376808,Toronto,Ontario,25 Montgomery Avenue,43.7092982,-79.3997489,apartment,2553.0,1.0,1.0,519.0,0,0,1,1,12,0
451755,Toronto,Ontario,740 Dupont St.,43.6715017,-79.4237069,apartment,3134.0,2.0,2.0,800.0,0,0,1,1,12,0
424086,Toronto,Ontario,410 Dufferin Street,43.6431567,-79.4289614,apartment,2495.0,1.0,1.0,485.0,0,0,1,1,12,0
459710,Toronto,Ontario,39 E Liberty Ave,43.638817,-79.4123034,apartment,2702.0,1.0,1.0,559.0,0,0,1,1,12,0
338362,Toronto,Ontario,235 Bloor Street East,43.671323,-79.380831,apartment,2239.0,0.0,1.0,326.0,0,0,1,1,12,0
309240,Toronto,Ontario,150 Roehampton Avenue,43.7091236,-79.3943852,apartment,2233.0,0.0,1.0,936.0,0,0,1,1,12,0
343048,Toronto,Ontario,44 Jackes Avenue,43.685763,-79.391121,apartment,2758.0,1.0,1.0,684.0,0,0,1,1,12,0
377690,Toronto,Ontario,123 Parkway Forest Dr.,43.7746402,-79.3427626,apartment,3165.0,2.0,1.0,817.0,0,0,1,1,12,67
432912,Toronto,Ontario,140 Erskine Avenue,43.7123425,-79.3936271,apartment,1805.0,0.0,1.0,390.0,0,0,1,1,12,0
499704,Toronto,Ontario,18 Brownlow Avenue,43.706545788846,-79.391240991927,apartment,1900.0,0.0,1.0,390.0,0,0,1,1,12,0
343050,Toronto,Ontario,77 Finch Avenue East,43.780286,-79.411615,apartment,3032.0,2.0,2.0,900.0,0,0,0,0,12,0
454573,Toronto,Ontario,95 Redpath Ave.,43.7069432,-79.3921349,apartment,2400.0,1.0,1.0,730.0,0,0,0,0,12,0
454579,Toronto,Ontario,21 Park Blvd.,43.5907831,-79.5311694,apartment,1700.0,0.0,1.0,370.0,0,0,0,0,12,0
561293,Toronto,Ontario,94 Eastdale Avenue,43.6950176,-79.3017145,apartment,2450.0,1.0,1.0,610.0,0,0,1,1,12,0
415752,Toronto,Ontario,3 Summerland Terrace,43.6431922,-79.5321985,apartment,2050.0,0.0,1.0,372.0,0,0,1,1,12,0
415748,Toronto,Ontario,151 Beecroft Road,43.765046,-79.4138608,apartment,2590.0,1.0,1.0,490.0,0,0,1,1,12,0
415751,Toronto,Ontario,7 Summerland Terrace,43.6435388,-79.531935,apartment,2025.0,0.0,1.0,411.0,0,0,1,1,12,0
415747,Toronto,Ontario,132 Berkeley Street,43.6547286,-79.3659454,apartment,1870.0,0.0,1.0,367.0,0,0,1,1,12,0
415750,Toronto,Ontario,5191 Dundas Street West,43.6435554,-79.5329998,apartment,2125.0,0.0,1.0,435.0,0,0,1,1,12,0
415749,Toronto,Ontario,570 Bay Street,43.6552908,-79.3839713,apartment,2115.0,0.0,1.0,495.0,0,0,1,1,12,0
404430,Toronto,Ontario,5600 Sheppard Avenue E,43.7950406,-79.2363284,apartment,2245.82,1.0,1.0,642.0,0,0,0,0,12,0
500048,Toronto,Ontario,608 Church Street,43.6680383,-79.3820822,apartment,1998.0,0.0,1.0,306.0,0,0,1,1,12,0
523925,Toronto,Ontario,701 Eglinton Avenue West,43.701818747927,-79.420543755939,apartment,2595.0,1.0,1.0,576.0,0,0,1,1,12,0
523921,Toronto,Ontario,697 Eglinton Avenue West,43.701948259907,-79.420021665607,apartment,2595.0,2.0,1.0,978.0,0,0,1,1,12,0
523924,Toronto,Ontario,699 Eglinton Avenue West,43.7018544,-79.4202404,apartment,2595.0,1.0,1.0,644.0,0,0,1,1,12,0
332207,Toronto,Ontario,525 Richmond Street West,43.6469392,-79.4000708,apartment,3900.0,3.0,1.5,923.0,0,0,1,1,12,0
523926,Toronto,Ontario,464 Spadina Road,43.689643477032,-79.413443330688,apartment,2995.0,3.0,1.0,824.0,0,0,1,1,12,0
413444,Toronto,Ontario,115 Eglinton Avenue West,43.7056818,-79.4021163,apartment,2250.0,1.0,1.0,650.0,0,0,1,1,12,0
522919,Toronto,Ontario,20 Samuel Wood Way,43.63497,-79.54024,apartment,2095.0,0.0,1.0,370.0,0,0,0,0,12,0
443307,Toronto,Ontario,25 Selby Street,43.6711041,-79.3771951,apartment,3926.0,2.0,2.0,843.0,0,0,1,1,12,67
383122,Toronto,Ontario,44 Lillian Street,43.705655080356,-79.393608338623,apartment,3435.0,2.0,2.0,828.0,0,0,1,1,12,29
379360,Toronto,Ontario,45 Dunfield Avenue,43.70608103876,-79.394540527647,apartment,2500.0,1.0,1.0,569.0,0,0,1,1,12,44
502247,Toronto,Ontario,57 Spadina,43.6448914,-79.3945469,apartment,3592.0,2.0,2.0,821.0,0,0,1,1,12,0
379361,Toronto,Ontario,118 Balliol Street,43.6989031,-79.3928964,apartment,2500.0,1.0,1.0,506.0,0,0,1,1,12,91
415753,Toronto,Ontario,167 Church Street,43.6543938,-79.3759018,apartment,2050.0,0.0,1.0,365.0,0,0,1,1,12,30
492232,Toronto,Ontario,18 Tretti Way,43.732552295467,-79.447633550845,apartment,2700.0,2.0,2.0,603.0,0,0,1,1,12,60
410799,Toronto,Ontario,105 Harrison Garden Blvd.,43.7575925,-79.4050586,apartment,2495.0,1.0,1.0,659.0,0,0,1,1,12,30
528441,Toronto,Ontario,571 Prince Edward Drive North,43.6604228,-79.5099746,apartment,2600.0,1.0,1.0,741.0,0,0,1,1,12,61
554002,Toronto,Ontario,165 La Rose Avenue,43.6842539,-79.52509,apartment,2795.0,2.0,1.0,833.0,0,0,1,1,12,0
555529,Toronto,Ontario,3385 Dundas St. W,43.6653504,-79.4845158,apartment,3345.0,2.0,2.0,879.0,0,0,1,1,12,29
471053,Toronto,Ontario,555 College St.,43.6553005,-79.4119724,apartment,5035.02,3.0,2.0,1185.0,0,0,1,1,12,0
544549,Toronto,Ontario,17 Raglan,43.6838463,-79.4195182,apartment,2200.0,1.0,1.0,529.0,0,0,1,1,12,0
560914,Toronto,Ontario,1577 Lawrence Avenue West,43.7054359,-79.4894091,apartment,2389.0,1.0,1.0,510.0,0,0,1,1,12,0
558979,Toronto,Ontario,"10 Wilmington Avenue, Toronto",43.7531165,-79.4532123,apartment,2039.0,0.0,1.0,350.0,0,0,1,1,12,0
558977,Toronto,Ontario,600 Kingston Road,43.6788096,-79.2995917,apartment,2269.0,1.0,1.0,706.0,0,0,1,1,12,0
432922,Toronto,Ontario,25 Parkway Forest Drive,43.7693185,-79.3416725,apartment,2215.0,1.0,1.0,680.0,0,0,1,1,12,61
477980,Toronto,Ontario,33 Orchard View Boulevard,43.707469,-79.400674,apartment,1950.0,0.0,1.0,400.0,0,0,1,1,12,0
558021,Toronto,Ontario,1531 Bathurst Street,43.6856245,-79.4188703,apartment,2239.0,1.0,1.0,628.0,1,0,1,1,12,0
537549,Toronto,Ontario,20 Shallmar Boulevard,43.704273,-79.425577,apartment,2310.0,1.0,1.0,690.0,0,0,1,1,12,0
465083,Toronto,Ontario,40 Tyndall Avenue,43.635586,-79.4285871,apartment,2125.0,0.0,1.0,462.0,0,0,1,1,12,0
477880,Toronto,Ontario,148 Islington Avenue,43.601909,-79.505597,apartment,1945.0,1.0,1.0,410.0,0,0,1,1,12,0
417431,Toronto,Ontario,223 Woodbine Ave,43.6694342,-79.3056711,apartment,2270.0,1.0,1.0,575.0,0,0,1,1,12,0
465086,Toronto,Ontario,118 Tyndall Avenue,43.6373412,-79.4291147,apartment,2025.0,0.0,1.0,371.0,0,0,1,1,12,0
465080,Toronto,Ontario,47 Spencer Avenue,43.6357124,-79.4292938,apartment,1985.0,0.0,1.0,648.0,0,0,1,1,12,0
477978,Toronto,Ontario,411 Duplex Avenue,43.707641,-79.400739,apartment,2080.0,1.0,1.0,690.0,0,0,1,1,12,0
537540,Toronto,Ontario,321 Chaplin Crescent,43.702598,-79.417601,apartment,2095.0,1.0,1.0,650.0,0,0,1,1,12,0
566520,Toronto,Ontario,595 Brookdale Avenue,43.7242944,-79.4293817,apartment,2449.0,1.0,1.0,650.0,0,0,1,1,12,0
557093,Toronto,Ontario,4 Latimer Avenue,43.7032314,-79.4161618,apartment,1969.0,0.0,1.0,387.0,0,0,1,1,12,0
561700,Toronto,Ontario,107 Roselawn Avenue,43.7099971,-79.40249,apartment,2059.0,0.0,1.0,497.0,0,0,1,1,12,0
563722,Toronto,Ontario,100 Gowan Avenue,43.6882173,-79.350912,apartment,2249.0,1.0,1.0,466.0,0,0,1,1,12,0
560910,Toronto,Ontario,1265 Wilson Avenue,43.7237526,-79.4920509,apartment,2389.0,1.0,1.0,602.0,0,0,1,1,12,0
569741,Toronto,Ontario,74 Curlew Drive,43.7433662,-79.31654,apartment,2425.0,1.0,1.0,609.0,0,0,1,1,12,0
554324,Toronto,Ontario,31 Spencer Ave,43.6351104,-79.4292426,apartment,2359.0,1.0,1.0,681.0,0,0,1,1,12,0
477877,Toronto,Ontario,236 Dixon Road,43.697468,-79.544973,apartment,2770.0,2.0,1.0,1055.0,0,0,1,1,12,0
558982,Toronto,Ontario,746 Midland Avenue,43.7297807,-79.2569642,apartment,2339.0,1.0,1.0,600.0,0,0,1,1,12,0
556362,Toronto,Ontario,34-42 Maitland Street,43.6646105,-79.3821453,apartment,2139.0,1.0,1.0,678.0,0,0,1,1,12,0
558980,Toronto,Ontario,123 Bellamy Road North,43.7414984,-79.2315019,apartment,3029.0,3.0,1.0,920.0,0,0,1,1,12,0
477964,Toronto,Ontario,18 Panorama Court,43.746903,-79.582559,apartment,2250.0,1.0,1.0,760.0,0,0,1,1,12,0
537558,Toronto,Ontario,1004 Lawrence Avenue East,43.737379,-79.342465,apartment,1995.0,1.0,1.0,590.0,0,0,1,1,12,0
432898,Toronto,Ontario,890 Mount Pleasant Road,43.710736492528,-79.391194657672,apartment,2185.0,1.0,1.0,527.0,0,0,1,1,12,0
557872,Toronto,Ontario,630 Vesta Dr,43.7030427,-79.4254216,apartment,2979.0,2.0,1.0,903.0,0,0,1,1,12,0
477965,Toronto,Ontario,1 Oriole Road,43.687094,-79.399773,apartment,1895.0,0.0,1.0,450.0,0,0,1,1,12,0
556528,Toronto,Ontario,50 Driftwood,43.7523314,-79.5136643,apartment,2399.0,1.0,1.0,697.0,0,0,1,1,12,0
557753,Toronto,Ontario,620 Northcliffe Boulevard,43.6936041,-79.447324,apartment,2269.0,1.0,1.0,621.0,0,0,1,1,12,0
533965,Toronto,Ontario,32 Twelfth Street,43.5959672,-79.5096451,apartment,2850.0,2.0,1.0,850.0,0,0,1,1,12,0
554941,Toronto,Ontario,103 West Lodge,43.6455143,-79.4364562,apartment,1949.0,0.0,1.0,469.0,0,0,1,1,12,0
556530,Toronto,Ontario,161 Wilson Avenue,43.7398846,-79.4203232,apartment,2499.0,1.0,1.0,629.0,0,0,1,1,12,0
558978,Toronto,Ontario,831 Kennedy Road,43.735947,-79.2687863,apartment,3079.0,2.0,1.0,932.0,0,0,1,1,12,0
554326,Toronto,Ontario,200 Dufferin Street,43.6371588,-79.4271204,apartment,2029.0,0.0,1.0,370.0,0,0,1,1,12,0
557912,Toronto,Ontario,65 Dynevor Road,43.6915467,-79.4490832,apartment,2239.0,1.0,1.0,600.0,0,0,1,1,12,0
556527,Toronto,Ontario,569 Broadview Ave,43.6724107,-79.354802,apartment,2039.0,0.0,1.0,425.0,0,0,1,1,12,0
556361,Toronto,Ontario,125 Lawton Blvd,43.6944775,-79.3967952,apartment,2429.0,1.0,1.0,606.0,0,0,1,1,12,0
557095,Toronto,Ontario,665 Roselawn Avenue,43.7051417,-79.424894,apartment,2589.0,1.0,1.0,689.0,0,0,1,1,12,0
394645,Toronto,Ontario,570 Birchmount Road,43.7133259,-79.2715864,apartment,2378.48,1.0,1.0,732.0,0,0,1,1,12,0
556360,Toronto,Ontario,392 Sherbourne Street,43.664061,-79.3738021,apartment,2019.0,1.0,1.0,468.0,0,0,1,1,12,0
560909,Toronto,Ontario,100 Parkway Forest Drive,43.7733143,-79.3418857,apartment,2399.0,1.0,1.0,665.0,0,0,1,1,12,0
554228,Toronto,Ontario,128 Sheridan Avenue,43.650313,-79.4340783,apartment,2309.0,1.0,1.0,470.0,0,0,0,0,12,0
547887,Toronto,Ontario,261 Vaughan,43.6889422,-79.4259501,apartment,2669.0,1.0,1.0,829.0,0,0,1,1,12,0
477950,Toronto,Ontario,5 Tangreen Court,43.796648,-79.426377,apartment,2600.0,1.0,1.0,673.0,0,0,1,1,12,0
556363,Toronto,Ontario,85 Wellesley St E,43.6655881,-79.3798609,apartment,1949.0,0.0,1.0,423.0,0,0,1,1,12,0
557094,Toronto,Ontario,99 Marlee,43.7010372,-79.4402812,apartment,1939.0,0.0,1.0,351.0,0,0,1,1,12,0
394643,Toronto,Ontario,3967 Lawrence Avenue East,43.7639571,-79.2031749,apartment,2232.78,1.0,1.0,698.0,0,0,0,0,12,0
554229,Toronto,Ontario,157 Jameson Ave,43.6376784,-79.4358685,apartment,2219.0,1.0,1.0,747.0,0,0,1,1,12,0
558981,Toronto,Ontario,6020 Bathurst Street,43.7870997,-79.4473698,apartment,3049.0,2.0,1.0,912.0,0,0,1,1,12,0
432897,Toronto,Ontario,440 Eglinton Avenue East,43.709423267757,-79.385181954631,apartment,2310.0,1.0,1.0,646.0,0,0,1,1,12,92
465087,Toronto,Ontario,91 Jameson Avenue,43.6351367,-79.4348141,apartment,1985.0,0.0,1.0,354.0,0,0,1,1,12,0
477948,Toronto,Ontario,15 Tangreen Court,43.796648,-79.426377,apartment,2540.0,1.0,1.0,673.0,0,0,1,1,12,0
466113,Toronto,Ontario,200 Jameson Ave,43.6398173,-79.4373797,apartment,1985.0,0.0,1.0,396.0,0,0,1,1,12,0
477971,Toronto,Ontario,567 Scarborough Golf Club Road,43.7608,-79.21562,apartment,2495.0,1.0,1.0,920.0,0,0,1,1,12,0
564563,Toronto,Ontario,101 Roehampton Avenue,43.70845,-79.3954134,apartment,3275.0,2.0,2.0,788.0,0,0,1,1,12,0
410800,Toronto,Ontario,322 Eglinton Avenue East,43.7088173,-79.3882165,apartment,1995.0,1.0,1.0,518.0,0,0,1,1,12,0
563745,Toronto,Ontario,650 Parliament Street,43.6697615,-79.3704028,apartment,2000.0,1.0,1.0,660.0,0,1,1,1,12,0
561274,Toronto,Ontario,169 St. George Street,43.670802,-79.4009164,apartment,2995.0,2.0,1.0,785.0,0,0,1,1,12,0
417883,Toronto,Ontario,2 Secord Avenue,43.6930676,-79.3017902,apartment,2850.0,2.0,1.0,917.0,0,0,1,1,12,0
465085,Toronto,Ontario,32 Maynard Avenue,43.6382096,-79.438237,apartment,2225.0,1.0,1.0,573.0,0,0,1,1,12,0
417882,Toronto,Ontario,25 Saint Dennis Drive,43.7171919,-79.3329574,apartment,3400.0,3.0,1.5,1320.0,0,0,1,1,12,0
417885,Toronto,Ontario,20 Stonehill Court,43.7960394,-79.3147352,apartment,3450.0,3.0,1.5,1162.0,0,0,1,1,12,0
477956,Toronto,Ontario,2928 Yonge Street,43.72266,-79.401663,apartment,1735.0,0.0,1.0,455.0,0,0,1,1,12,0
417884,Toronto,Ontario,90 Eastdale Avenue,43.6946425,-79.3009342,apartment,2250.0,1.0,1.0,700.0,0,0,1,1,12,0
435178,Toronto,Ontario,1855 Jane Street,43.7078715,-79.5050822,apartment,1999.0,1.0,1.0,750.0,0,0,1,1,12,0
435179,Toronto,Ontario,3000 Dufferin Street,43.7107998,-79.45403,apartment,2399.0,2.0,1.0,889.0,0,0,1,1,12,0
435185,Toronto,Ontario,170 Jameson Avenue,43.6380107,-79.4363418,apartment,1499.0,0.0,1.0,385.0,0,0,0,0,12,0
435184,Toronto,Ontario,1 Eccleston Drive,43.7269101,-79.3128103,apartment,1729.0,1.0,1.0,476.0,0,0,0,0,12,0
435180,Toronto,Ontario,3636 Bathurst Street,43.7329956,-79.4329635,apartment,2819.0,2.0,2.0,954.0,0,0,0,0,12,0
435176,Toronto,Ontario,6040 Bathurst Street,43.7888707,-79.4466476,apartment,2928.0,2.0,1.0,902.0,0,0,0,0,12,0
435182,Toronto,Ontario,2730 Yonge Street,43.718621,-79.4008863,apartment,1929.0,0.0,1.0,564.0,0,0,0,0,12,0
435183,Toronto,Ontario,14-16-20 Carluke Crescent,43.7604201,-79.3925726,apartment,2109.0,1.0,1.0,694.0,0,0,0,0,12,0
542417,Toronto,Ontario,1216 York Mills Road,43.760267,-79.330138,apartment,2845.0,2.0,1.0,940.0,0,0,1,1,12,0
488335,Toronto,Ontario,289 The Kingsway,43.6631698,-79.5196378,apartment,2900.0,2.0,1.0,925.0,0,0,1,1,12,0
477968,Toronto,Ontario,2527 Lake Shore Blvd West,43.610295,-79.490134,apartment,1730.0,0.0,1.0,581.0,0,0,1,1,12,0
533895,Toronto,Ontario,2373 Bloor Street West,43.649660542807,-79.482382338098,apartment,2350.0,1.0,1.0,650.0,0,0,1,1,12,0
439282,Toronto,Ontario,2-12 Oakburn Crescent,43.7586285,-79.4053974,apartment,2375.0,2.0,1.0,844.0,0,0,1,1,12,0
537532,Toronto,Ontario,33 Eastmount Avenue,43.679395219289,-79.360696077347,apartment,2230.0,1.0,1.0,750.0,0,0,1,1,12,0
418950,Toronto,Ontario,22 Robina Ave,43.6807611,-79.4353795,apartment,1600.0,0.0,1.0,450.0,0,0,0,0,12,0
454588,Toronto,Ontario,220 Lake Promenade,43.5891063,-79.529541,apartment,2150.0,1.0,1.0,574.0,0,0,0,0,12,0
454574,Toronto,Ontario,31 Park Blvd.,43.5905349,-79.5321935,apartment,2150.0,1.0,1.0,550.0,0,0,0,0,12,0
454578,Toronto,Ontario,230 Lake Promenade,43.5889619,-79.5301551,apartment,1925.0,0.0,1.0,372.0,0,0,0,0,12,0
542451,Toronto,Ontario,25 Bay Mills Boulevard,43.77987,-79.304382,apartment,2815.0,2.0,1.0,1030.0,0,0,1,1,12,0
429891,Toronto,Ontario,7 Walmer Rd,43.6669117,-79.4055759,apartment,1949.0,0.0,1.0,388.0,0,0,1,1,12,0
477878,Toronto,Ontario,"10 Blackfriar Ave., 186 Kingsview Blvd., 15 & 55 Bridesburg Dr.",43.6939,-79.561951,apartment,2410.0,1.0,1.0,733.0,0,0,1,1,12,0
543933,Toronto,Ontario,285 Park Lawn,43.63455,-79.4922507,apartment,2100.0,1.0,1.0,650.0,0,0,1,1,12,0
558062,Toronto,Ontario,478 Caledonia Road,43.6893159,-79.4609494,apartment,2200.0,1.0,1.0,550.0,0,0,1,1,12,0
533894,Toronto,Ontario,2 Basking Ridge,43.63769,-79.4935447,apartment,2700.0,2.0,1.0,700.0,0,0,1,1,12,0
427715,Toronto,Ontario,1475 Birchmount Road,43.7566963,-79.2880558,apartment,1875.0,0.0,1.0,452.0,0,0,1,1,12,0
397179,Toronto,Ontario,5 Cheviot Place,43.6765186,-79.5487509,townhouse,3645.66,2.0,1.0,1136.0,0,0,1,1,12,0
567762,Toronto,Ontario,101 driftwood ave,43.7545193,-79.5133129,apartment,1999.0,1.0,1.0,700.0,0,1,1,1,12,0
478006,Toronto,Ontario,330 Spadina Road,43.683625673254,-79.411206062977,apartment,2895.0,1.0,1.0,879.0,0,0,1,1,12,0
429889,Toronto,Ontario,40 Gerrard St. E,43.6597813,-79.3803887,apartment,1899.0,0.0,1.0,454.0,0,0,1,1,12,0
454566,Toronto,Ontario,30 Vinci Cres,43.7367379,-79.4455961,apartment,2500.0,2.0,1.0,875.0,0,0,0,0,12,0
477966,Toronto,Ontario,"2, 6, 7, 8, Park Vista",43.697825,-79.300022,apartment,2335.0,1.0,1.0,734.0,0,0,1,1,12,0
429890,Toronto,Ontario,88 Bloor St. E,43.670811,-79.3852395,apartment,2099.0,0.0,1.0,380.0,0,0,1,1,12,0
477981,Toronto,Ontario,355 St. Clair Avenue West,43.684664,-79.412699,apartment,4720.0,2.0,1.0,1270.0,0,0,1,1,12,0
536306,Toronto,Ontario,897 College Street,43.6537927,-79.4247713,apartment,5500.0,2.0,2.0,1462.0,0,0,1,1,12,0
541884,Toronto,Ontario,185 Millway Avenue,43.7750059,-79.4942155,apartment,2775.0,1.0,1.0,605.0,1,0,1,1,12,0
454572,Toronto,Ontario,2600 Don Mills Rd.,43.7768718,-79.34795,apartment,2250.0,1.0,1.0,600.0,0,0,0,0,12,0
454565,Toronto,Ontario,33 Holly St.,43.7048538,-79.3959412,apartment,2250.0,1.0,1.0,645.0,0,0,0,0,12,0
454585,Toronto,Ontario,240 Lake Promenade,43.5888184,-79.5307719,apartment,1875.0,0.0,1.0,372.0,0,0,0,0,12,0
454570,Toronto,Ontario,44 Dunfield Ave.,43.7051203,-79.3946325,apartment,1950.0,0.0,1.0,450.0,0,0,0,0,12,0
454567,Toronto,Ontario,59 Vinci Cres,43.7380642,-79.4469227,apartment,2125.0,1.0,1.0,715.0,0,0,0,0,12,0
428432,Toronto,Ontario,35 Greenfield Ave.,43.7635831,-79.4095132,apartment,3972.0,2.0,2.0,920.0,0,0,1,1,12,67
377694,Toronto,Ontario,22 John St.,43.7017177,-79.5173868,apartment,2602.0,1.0,1.0,662.0,0,0,1,1,12,67
312404,Toronto,Ontario,2911 Bayview Avenue,43.770674,-79.3855,apartment,3696.0,3.0,1.0,1480.0,0,0,1,1,12,36
337270,Toronto,Ontario,10 Roanoke Road,43.741706,-79.32838,apartment,2797.0,1.0,1.0,800.0,0,0,1,1,12,36
564998,Toronto,Ontario,8 Castleton Avenue,43.66918,-79.4862281,apartment,2500.0,2.0,1.0,650.0,0,0,1,1,12,61
461351,Toronto,Ontario,484 Spadina Ave,43.6583349,-79.4004685,apartment,3575.0,1.0,1.0,720.0,0,0,1,1,12,42
432911,Toronto,Ontario,110 Erskine Avenue,43.7121038,-79.395189,apartment,1850.0,0.0,1.0,460.0,0,0,1,1,12,61
394646,Toronto,Ontario,1636 Gerrard Street East,43.6759591,-79.3198413,apartment,1897.0,0.0,1.0,364.0,0,0,0,0,12,37
410801,Toronto,Ontario,305 Roehampton Avenue,43.7096217,-79.3886633,apartment,2425.0,1.0,1.0,551.0,0,0,1,1,12,0
438362,Toronto,Ontario,787 Vaughan Rd,43.6952075,-79.4479264,apartment,2125.0,1.0,1.0,600.0,0,0,1,1,12,61
533893,Toronto,Ontario,1477 Birchmount Road,43.7569349,-79.2882319,apartment,2900.0,3.0,1.0,775.0,0,0,1,1,12,34
398453,Toronto,Ontario,33 King Street,43.7023075,-79.5189855,apartment,2235.0,1.0,1.0,674.0,0,0,1,1,12,30
432920,Toronto,Ontario,80 Forest Manor Road,43.774780650768,-79.344203969312,apartment,2315.0,1.0,1.0,709.0,0,0,1,1,12,29
465081,Toronto,Ontario,12 Elm Grove,43.6389968,-79.4309612,apartment,2225.0,1.0,1.0,675.0,0,0,1,1,12,29
362044,Toronto,Ontario,57 Charles Street West,43.66767,-79.389445,apartment,3963.0,2.0,1.0,901.0,0,0,1,1,12,44
354059,Toronto,Ontario,59 Waterford Drive,43.680886,-79.540792,apartment,3252.0,2.0,1.5,1040.0,0,0,1,1,12,30
432899,Toronto,Ontario,50 Rosehill Avenue,43.6871679,-79.3910551,apartment,2410.0,1.0,1.0,730.0,0,0,1,1,12,61
432913,Toronto,Ontario,160 Erskine Avenue,43.7125866,-79.3930015,apartment,1815.0,0.0,1.0,390.0,0,0,1,1,12,61
537548,Toronto,Ontario,12 Deerford Road,43.785473,-79.350429,apartment,2805.0,2.0,1.0,755.0,0,0,1,1,12,30
564951,Toronto,Ontario,3 Thirteenth Street,43.5950108,-79.5097337,apartment,1900.0,0.0,1.0,475.0,0,0,1,1,12,30
432929,Toronto,Ontario,24 Forest Manor Road,43.7710437,-79.3445805,apartment,2295.0,1.0,1.0,875.0,0,0,0,0,12,30
432904,Toronto,Ontario,30 Godstone Road,43.7819909,-79.3470079,apartment,2095.0,1.0,1.0,538.0,0,0,1,1,12,30
477955,Toronto,Ontario,2020 Sheppard Ave West,43.738655,-79.516427,apartment,2425.0,1.0,1.0,775.0,0,0,1,1,12,61
432910,Toronto,Ontario,175 Shaughnessy Blvd.,43.7811534,-79.3549794,apartment,2810.0,2.0,1.0,917.0,0,0,1,1,12,61
432906,Toronto,Ontario,2493 Lakeshore Boulevard West,43.6124255,-79.4881467,apartment,2600.0,2.0,1.0,770.0,0,0,1,1,12,30
477952,Toronto,Ontario,2265 Victoria Park Avenue,43.762929,-79.317521,apartment,2395.0,1.0,1.0,620.0,0,0,1,1,12,30
477957,Toronto,Ontario,46-75 Goodview Road,43.784075,-79.355469,apartment,2905.0,2.0,1.0,1020.0,0,0,1,1,12,30
537536,Toronto,Ontario,270 Sheldon Avenue,43.609327,-79.545672,apartment,2905.0,2.0,1.0,1136.0,0,0,1,1,12,30
432880,Toronto,Ontario,1000 Mount Pleasant Road,43.7131625,-79.3922208,apartment,2335.0,1.0,1.0,550.0,0,0,1,1,12,44
432924,Toronto,Ontario,130 Parkway Forest Drive,43.7749803,-79.3434164,apartment,2495.0,1.0,1.0,605.0,0,0,1,1,12,44
432901,Toronto,Ontario,2350 Birchmount Road,43.7826812,-79.2989694,apartment,2235.0,1.0,1.0,744.0,0,0,1,1,12,61
570583,Toronto,Ontario,"8 Milepost Place, Toronto",43.7023807,-79.3471277,apartment,2529.0,1.0,1.0,679.0,0,0,1,1,12,61
432923,Toronto,Ontario,125 Parkway Forest Drive,43.7749096,-79.3432338,apartment,2335.0,1.0,1.0,710.0,0,0,1,1,12,61
434785,Toronto,Ontario,20 Esterbrooke Avenue,43.7789241,-79.3520786,apartment,1975.0,0.0,1.0,280.0,0,0,1,1,12,61
434786,Toronto,Ontario,165 Erskine Ave.,43.7124988,-79.3922296,apartment,2495.0,1.0,1.0,657.0,0,0,1,1,12,61
547886,Toronto,Ontario,68 Cassandra Boulevard,43.747541,-79.331323,apartment,3170.0,3.0,1.0,1535.0,0,0,0,0,12,61
550563,Toronto,Ontario,2283 Eglinton Avenue East,43.730556,-79.272385,apartment,2705.0,2.0,1.0,830.0,0,0,1,1,12,61
432909,Toronto,Ontario,335 Van Horne Avenue,43.7879787,-79.3497442,apartment,1895.0,0.0,1.0,385.0,0,0,1,1,12,92
432925,Toronto,Ontario,106 Parkway Forest Drive,43.7744614,-79.3420636,apartment,2455.0,1.0,1.0,639.0,0,0,0,0,12,92
565395,Toronto,Ontario,224 St. George Street,43.6714266,-79.4019413,apartment,2300.0,1.0,1.0,590.0,0,0,1,1,12,0
560222,Toronto,Ontario,25 Ordnance Street,43.6393177,-79.4096361,apartment,5400.0,3.0,3.0,1257.0,0,0,1,1,12,0
572351,Toronto,Ontario,357 Falling Green Crescent,43.3871905,-80.4948185,house,1845.0,2.0,1.0,750.0,0,0,1,1,12,0
568127,Toronto,Ontario,390 Oakwood Avenue,43.6878568,-79.439259,apartment,2395.0,2.0,1.0,750.0,0,0,1,1,12,0
565348,Toronto,Ontario,48 Isabella Street,43.6682992,-79.3833852,apartment,2499.0,1.0,1.0,756.0,0,0,1,1,12,0
369257,Toronto,Ontario,1420 Dupont Street,43.6667189,-79.4475628,apartment,2400.0,1.0,2.0,581.0,0,0,1,1,12,0
572133,Toronto,Ontario,765 Steeles Avenue West,43.7924233,-79.4428269,apartment,2505.0,1.0,1.0,745.0,0,0,0,0,12,0
571548,Toronto,Ontario,2624 Eglinton Avenue East,43.7364194,-79.2517496,apartment,2000.0,1.0,1.0,900.0,0,0,1,1,12,0
558183,Toronto,Ontario,77 & 99 Gerrard Street West,43.658277,-79.386079,apartment,3990.0,2.0,2.0,1045.0,0,0,1,1,12,0
572130,Toronto,Ontario,25 Fisherville,43.7895811,-79.4498176,apartment,2928.61,2.0,1.0,971.0,0,0,0,0,12,0
569799,Toronto,Ontario,515 Rosewell Avenue,43.7222083,-79.4134861,apartment,3200.0,1.0,1.0,616.0,0,0,1,1,12,0
565349,Toronto,Ontario,103 Avenue Road,43.6728102,-79.3952555,apartment,2000.0,0.0,1.0,500.0,0,0,1,1,12,0
572145,Toronto,Ontario,6151 Bathurst St,43.7880823,-79.4460064,apartment,2864.0,2.0,1.0,987.0,0,0,0,0,12,0
312458,Toronto,Ontario,501 Mount Pleasant Road,43.7014466,-79.3870454,apartment,1795.0,0.0,1.0,500.0,0,0,1,1,12,0
571881,Toronto,Ontario,500 Caledonia Road,43.6900925,-79.4612766,apartment,2195.0,2.0,1.0,700.0,0,0,1,1,12,0
330158,Toronto,Ontario,35 Greenbrae Circt,43.7589297,-79.2317694,apartment,2824.23,2.0,1.0,921.0,0,0,0,0,12,0
450786,Toronto,Ontario,295 Dufferin Street,43.6399917,-79.4272794,apartment,2904.19,2.0,1.0,835.0,0,0,0,0,12,0
571832,Toronto,Ontario,501 Yonge Street,43.6631881,-79.3836001,apartment,2495.0,1.0,1.0,560.0,0,0,1,1,12,0
566051,Toronto,Ontario,365 Dundas Street East,43.6585132,-79.3686553,apartment,2425.0,1.0,1.0,700.0,0,0,1,1,12,0
565342,Toronto,Ontario,214 St. George Street,43.6712122,-79.401944,apartment,2100.0,0.0,1.0,500.0,0,0,1,1,12,0
569038,Toronto,Ontario,251 Jarvis Street,43.6573767,-79.3744501,apartment,1930.0,0.0,1.0,350.0,0,0,1,1,12,0
427481,Toronto,Ontario,"60 Town Centre Court,",43.7733444,-79.2561489,apartment,2500.0,1.0,1.0,700.0,0,0,0,0,12,0
556495,Toronto,Ontario,2575 Danforth Avenue,43.6881323,-79.3003045,apartment,2050.0,1.0,1.0,451.0,0,0,0,0,12,0
566304,Toronto,Ontario,426 University Ave,43.653957,-79.3886581,apartment,2400.0,1.0,1.0,520.0,0,0,1,1,12,0
330210,Toronto,Ontario,99 Dowling Avenue,43.6357678,-79.437798,apartment,2149.0,1.0,1.0,656.0,0,0,1,1,12,0
571588,Toronto,Ontario,390 Oakwood Avenue,43.6878568,-79.439259,basement,1995.0,2.0,1.0,800.0,0,0,1,1,12,0
565343,Toronto,Ontario,153 St. George Street,43.6695854,-79.4002056,apartment,2150.0,0.0,1.0,500.0,0,0,1,1,12,0
556494,Toronto,Ontario,15 Brookbanks Drive,43.7517311,-79.3319011,apartment,2425.0,1.0,1.0,950.0,0,0,1,1,12,0
565341,Toronto,Ontario,149 St. George,43.6693142,-79.4000309,apartment,1900.0,0.0,1.0,500.0,0,0,1,1,12,0
566349,Toronto,Ontario,55 Mercer Street,43.6452979,-79.3917205,apartment,3150.0,2.0,2.0,750.0,0,0,1,1,12,0
570663,Toronto,Ontario,1401 O'Connor Drive,43.712827,-79.3066702,apartment,2300.0,1.0,2.0,700.0,0,0,1,1,12,0
568214,Toronto,Ontario,45 Flagstick Court,43.7500364,-79.4922914,basement,1800.0,0.0,1.0,463.0,0,0,0,0,12,0
547337,Toronto,Ontario,7 Grosvenor Street,43.66281,-79.38402,apartment,4320.0,1.0,1.0,444.0,1,0,1,1,3,0
562490,Toronto,Ontario,330 Richmond St W,43.6974107,-79.3951495,apartment,2450.0,1.0,1.0,696.0,0,0,1,1,12,0
487985,Toronto,Ontario,50 Power Street,43.6545291,-79.3630333,apartment,2900.0,3.0,2.0,888.0,0,0,1,1,12,0
562087,Toronto,Ontario,99 John Street,43.6475245,-79.3899312,apartment,1850.0,0.0,1.0,420.0,0,0,1,1,12,0
564987,Toronto,Ontario,18 Stafford Street,43.6413702,-79.4106909,apartment,2350.0,1.0,1.0,600.0,0,0,1,1,12,0
565344,Toronto,Ontario,151 St George,43.6693668,-79.4002899,apartment,2100.0,0.0,1.0,500.0,0,0,1,1,12,0
569961,Toronto,Ontario,5 Valhalla Inn Road,43.640269,-79.5599604,apartment,2200.0,1.0,1.0,570.0,0,0,1,1,12,0
372713,Toronto,Ontario,291 Avenue rd,43.6794058,-79.3983406,apartment,1799.0,0.0,1.0,371.0,0,0,1,1,12,0
356161,Toronto,Ontario,96 Jameson Avenue,43.6347415,-79.4354454,apartment,2299.0,1.0,1.0,721.0,0,0,1,1,12,0
556519,Toronto,Ontario,17 Brookbanks Drive,43.7520514,-79.331373,apartment,3100.0,2.0,2.0,832.0,0,0,1,1,12,0
567138,Toronto,Ontario,38 Dan Leckie Way,43.6373856,-79.3982022,apartment,2200.0,0.0,1.0,549.0,0,0,0,0,12,0
566173,Toronto,Ontario,352 Front St W,43.6433534,-79.3924515,apartment,2350.0,1.0,1.0,570.0,0,0,1,1,12,0
565399,Toronto,Ontario,135 Lawton Blvd,43.6948906,-79.3968398,apartment,2200.0,1.0,1.0,640.0,0,0,1,1,12,0
567252,Toronto,Ontario,60 Colborne Street,43.6493877,-79.3745254,apartment,3100.0,2.0,1.0,690.0,0,0,1,1,12,0
569811,Toronto,Ontario,3 Kennebec Crescent,43.7249463,-79.5613303,basement,3000.0,3.0,2.0,1100.0,1,0,0,0,12,0
376622,Toronto,Ontario,"140, 146 Jameson Avenue",43.6369127,-79.4362587,apartment,1699.0,0.0,1.0,382.0,0,0,1,1,12,0
443340,Toronto,Ontario,65 Wynford Heights Cr.,43.728311,-79.3238499,apartment,2850.0,2.0,1.0,940.0,0,0,0,0,12,0
556497,Toronto,Ontario,565 Avenue Road,43.688141,-79.4015006,apartment,2325.0,1.0,1.0,580.0,0,0,1,1,12,0
561727,Toronto,Ontario,47 Mutual Street,43.6549605,-79.3747251,apartment,2300.0,1.0,1.0,600.0,0,0,1,1,12,0
569464,Toronto,Ontario,15 Grenville Street,43.6618614,-79.3841461,apartment,2300.0,1.0,1.0,550.0,0,0,1,1,12,0
569461,Toronto,Ontario,28 Freeland Street,43.6436476,-79.3737615,apartment,2995.0,2.0,1.0,780.0,0,0,1,1,12,0
558089,Toronto,Ontario,350-390 Queens Quay West,43.6386479,-79.3890979,apartment,3999.0,3.0,1.0,1080.0,0,0,1,1,12,0
563035,Toronto,Ontario,20 Blue Jays Way,43.6438893,-79.3918517,apartment,2600.0,1.0,1.0,696.0,1,0,0,0,12,0
567972,Toronto,Ontario,160 Kingsway Crescent,43.6617413,-79.5071132,apartment,2350.0,1.0,1.0,680.0,0,0,1,1,12,0
565443,Toronto,Ontario,3 Bondhead Place,43.7409089,-79.5513217,basement,2295.0,2.0,1.0,1100.0,0,0,1,1,12,0
567427,Toronto,Ontario,850 Pape Avenue,43.6838191,-79.3468505,apartment,2100.0,1.0,1.0,800.0,0,0,1,1,12,0
548735,Toronto,Ontario,4 Sherbourne St N,43.6740596,-79.3777492,apartment,2950.0,2.0,1.0,950.0,0,0,1,1,12,0
369255,Toronto,Ontario,150 Sudbury Street,43.6415328,-79.4240715,apartment,2700.0,2.0,1.0,600.0,0,0,1,1,12,0
370493,Toronto,Ontario,380 Wallace Avenue,43.660561,-79.4528705,townhouse,3575.0,2.0,2.5,1070.0,0,0,1,1,12,0
466733,Toronto,Ontario,10 Walmer Road,43.6670071,-79.4062529,apartment,2100.0,1.0,1.0,473.0,0,0,0,0,12,0
565347,Toronto,Ontario,250 St. George Street,43.6727349,-79.4023837,apartment,2300.0,1.0,1.0,500.0,0,0,1,1,12,0
368818,Toronto,Ontario,90 Jameson Avenue,43.6343542,-79.4352696,apartment,1849.0,0.0,1.0,407.0,0,0,1,1,12,0
420772,Toronto,Ontario,8 The Esplanade,43.6461582,-79.3764182,apartment,2480.0,1.0,1.0,638.0,0,0,0,0,12,0
443355,Toronto,Ontario,46 Panorama Court,43.7481247,-79.5784463,apartment,3700.0,3.0,2.0,1100.0,0,0,1,1,12,0
564460,Toronto,Ontario,61 Antler Street,43.6635109,-79.4512138,house,1845.0,1.0,1.0,700.0,0,0,1,1,12,0
566498,Toronto,Ontario,26 Gibbs Roadv,43.6394155,-79.558367,apartment,2150.0,1.0,1.0,500.0,0,0,1,1,12,0
443343,Toronto,Ontario,625 Finch Avenue West,43.771077,-79.454479,apartment,2700.0,2.0,1.0,900.0,0,0,1,1,12,0
566458,Toronto,Ontario,5 Defries Street,43.6605861,-79.356371,apartment,2150.0,1.0,1.0,600.0,0,0,1,1,12,0
565441,Toronto,Ontario,426 University Avenue,43.653957,-79.3886581,apartment,2800.0,1.0,1.0,500.0,1,0,0,0,12,0
478935,Toronto,Ontario,30-50 Hillsboro Avenue,43.6757009,-79.3928805,apartment,2247.0,1.0,1.0,685.0,0,0,1,1,12,0
564577,Toronto,Ontario,135 East Liberty Street,43.638566,-79.416906,apartment,2300.0,1.0,1.0,530.0,0,0,1,1,12,0
561948,Toronto,Ontario,10 Park Lawn Road,43.6232586,-79.4838561,apartment,2330.0,1.0,1.0,600.0,1,0,1,1,12,0
563532,Toronto,Ontario,20 Brin Drive,43.6614939,-79.5118181,apartment,2830.0,2.0,2.0,970.0,0,0,1,1,12,0
561805,Toronto,Ontario,4K Spadina Avenue,43.6411842,-79.3938495,apartment,2800.0,2.0,2.0,780.0,0,0,1,1,12,0
405381,Toronto,Ontario,111 Raglan Avenue,43.6865969,-79.420673,apartment,2100.0,1.0,1.0,723.0,0,0,1,1,12,0
562640,Toronto,Ontario,21 Khedive Avenue,43.7254627,-79.4319652,basement,1645.0,1.0,1.0,400.0,0,0,1,1,12,0
561798,Toronto,Ontario,286 Main Street,43.6875543,-79.3016408,apartment,2450.0,1.0,1.0,650.0,0,0,1,1,12,0
561662,Toronto,Ontario,30 Gloucester Street,43.6673514,-79.3837922,apartment,2150.0,1.0,1.0,500.0,0,0,1,1,12,0
559533,Toronto,Ontario,51 East Liberty Street,43.6387841,-79.4120144,apartment,2145.0,1.0,1.5,570.0,0,0,1,1,12,0
534235,Toronto,Ontario,109 Jameson Avenue,43.6357332,-79.4349446,apartment,2397.0,1.0,1.0,733.0,0,0,1,1,12,0
466734,Toronto,Ontario,25 St. Mary Street,43.6673094,-79.3871626,apartment,1950.0,0.0,1.0,522.0,0,0,0,0,12,0
504366,Toronto,Ontario,587 Avenue Road,43.6894417,-79.4019404,apartment,2540.0,1.0,1.0,526.0,0,0,1,1,12,0
514535,Toronto,Ontario,39 Niagara St.,43.6416537,-79.4008189,apartment,4550.0,2.0,1.0,854.0,0,0,0,0,12,0
330175,Toronto,Ontario,"25, 35 Jansusie Road",43.7311203,-79.5767179,apartment,1449.0,1.0,1.0,450.0,0,0,0,0,12,0
336176,Toronto,Ontario,191 Sherbourne St,43.6567414,-79.3699948,apartment,1829.0,1.0,1.0,420.0,0,0,1,1,12,0
376620,Toronto,Ontario,91 Jameson Ave,43.6351367,-79.4348141,apartment,1509.0,0.0,1.0,434.0,0,0,1,1,12,0
349520,Toronto,Ontario,3895 Lawrence Ave E,43.7631392,-79.2078148,apartment,1879.0,1.0,1.0,736.0,0,0,0,0,12,0
501168,Toronto,Ontario,100 Gloucester St,43.6679859,-79.3797558,apartment,2530.67,1.0,1.0,666.0,0,0,0,0,12,29
569801,Toronto,Ontario,1790 Eglinton Avenue East,43.7260013,-79.3047099,apartment,2740.0,2.0,1.0,870.0,0,0,1,1,12,62
330218,Toronto,Ontario,15 Dundonald Street,43.6658263,-79.3839939,apartment,2249.55,0.0,1.0,531.0,0,0,1,1,12,38
450787,Toronto,Ontario,55 Triller Ave,43.6399616,-79.4437099,apartment,1738.3,0.0,1.0,445.0,0,0,0,0,12,44
330244,Toronto,Ontario,77 Wellesley Street East,43.6656556,-79.3806099,apartment,2685.79,1.0,1.0,740.0,0,0,0,0,12,61
564651,Toronto,Ontario,251 Jarvis Street,43.6573767,-79.3744501,apartment,2850.0,2.0,1.0,750.0,0,0,1,1,12,29
556496,Toronto,Ontario,12 Rockford Road,43.7859883,-79.4477979,apartment,2850.0,2.0,1.0,943.0,0,0,1,1,12,29
388888,Toronto,Ontario,12 foundry avenue rd,43.668688,-79.4488089,townhouse,3100.0,2.0,1.5,893.0,0,0,1,1,12,30
373286,Toronto,Ontario,59 East Liberty Street,43.6384476,-79.4137081,apartment,4200.0,2.0,2.0,1323.0,0,0,1,1,12,30
568376,Toronto,Ontario,80 Marine Parade Dr.,43.6261937,-79.4773004,apartment,2675.0,1.0,1.0,726.0,0,0,0,0,12,30
569059,Toronto,Ontario,430 Roncesvalles Avenue,43.6519708,-79.451622,apartment,3295.0,2.0,2.0,850.0,0,0,1,1,12,30
571439,Toronto,Ontario,180 Elmhurst Drive,43.7271482,-79.5654587,basement,1695.0,1.0,1.0,500.0,0,0,1,1,12,30
369951,Toronto,Ontario,3 Elsie Lane,43.6599636,-79.4515915,townhouse,4600.0,3.0,2.5,1609.0,0,0,1,1,12,30
570091,Toronto,Ontario,Sully Crescent,43.6545085,-79.4181974,house,4000.0,3.0,1.0,1000.0,0,0,0,0,6,30
565417,Toronto,Ontario,20 Prince Arthur Avenue,43.6698865,-79.396487,apartment,2975.0,1.0,1.0,608.0,0,0,1,1,12,61
567449,Toronto,Ontario,1 Caithness Ave.,43.6811048,-79.3347799,apartment,2100.0,1.0,1.0,600.0,0,0,1,1,12,30
570174,Toronto,Ontario,501 Yonge Street,43.6631881,-79.3836001,apartment,1300.0,1.0,1.0,90.0,1,0,0,0,12,30
369260,Toronto,Ontario,17 Powerhouse Street,43.6702044,-79.4488287,townhouse,4500.0,3.0,2.5,1655.0,0,0,1,1,12,30
569743,Toronto,Ontario,233 St Clair Avenue West,43.685681,-79.4046791,apartment,2450.0,1.0,1.0,600.0,0,0,1,1,12,30
565317,Toronto,Ontario,111 Oriole Parkway,43.6967516,-79.4024681,apartment,2300.0,1.0,1.0,614.0,0,0,1,1,12,30
565377,Toronto,Ontario,780 Eglinton Avenue West,43.7132703,-79.3674773,apartment,1825.0,0.0,1.0,500.0,0,0,1,1,12,30
376768,Toronto,Ontario,16 Laidlaw Street,43.6401297,-79.426721,townhouse,2800.0,2.0,1.0,750.0,0,0,1,1,12,30
424796,Toronto,Ontario,40 Soudan Ave,43.7047797,-79.3964514,apartment,1895.0,0.0,1.0,333.0,0,0,0,0,12,35
552082,Toronto,Ontario,268 Merton Street,43.698014,-79.3879195,apartment,2300.0,1.0,1.0,660.0,0,0,1,1,12,60
572467,Toronto,Ontario,1401 O'Connor Drive,43.712827,-79.3066702,apartment,1950.0,1.0,1.0,500.0,0,0,1,1,12,61
571295,Toronto,Ontario,80 Heath Street West,43.689829,-79.3989498,apartment,4000.0,2.0,1.0,1055.0,0,0,1,1,12,61
403758,Toronto,Ontario,980 Lawrence Ave E,43.737383,-79.3445755,apartment,2299.0,1.0,1.0,700.0,0,0,1,1,12,92
565402,Toronto,Ontario,411 Eglinton Avenue East,43.7093936,-79.3838993,apartment,2000.0,1.0,1.0,798.0,0,0,1,1,12,61
568025,Toronto,Ontario,10 Lamport Ave,43.6787886,-79.3775734,apartment,3500.0,2.0,1.0,1006.0,0,0,1,1,12,61
507727,Toronto,Ontario,30 Samuel Woodway,43.63535,-79.54036,apartment,2375.0,1.0,1.0,489.0,0,0,1,1,12,67
565378,Toronto,Ontario,90 Heath Street West,43.6897849,-79.3993017,apartment,2600.0,1.0,1.0,698.0,0,0,1,1,12,92
353570,Toronto,Ontario,2110 Keele St.,43.6994013,-79.4759398,apartment,1900.0,1.0,1.0,677.0,0,0,0,0,12,97
568093,Toronto,Ontario,286 Main Street,43.6875543,-79.3016408,apartment,2555.0,1.0,1.0,630.0,0,0,0,0,12,365
565026,Vanier,Ontario,209 Baribeau Street,45.4382126,-75.66698,apartment,2025.0,2.0,1.0,750.0,0,0,1,1,12,0
572450,Vaughan,Ontario,20 Bordeaux Drive,43.7997,-79.5735865,basement,1845.0,1.0,1.0,880.0,0,0,1,1,12,0
567910,Vaughan,Ontario,41 Stilton Avenue,43.8396827,-79.6585213,basement,2095.0,2.0,1.0,920.0,0,0,1,1,12,0
568328,Vaughan,Ontario,41 Quilico Road,43.807833,-79.6323365,townhouse,3700.0,3.0,2.5,2200.0,0,0,1,1,12,0
567709,Vaughan,Ontario,21 Draper Boulevard,43.8016311,-79.4723001,house,4800.0,3.0,4.0,1825.0,0,0,1,1,12,0
564611,Vaughan,Ontario,88 Arundel Drive,43.8333416,-79.5684888,house,3795.0,4.0,3.5,2000.0,0,0,1,1,12,0
562128,Vaughan,Ontario,950 Portage Parkway,43.797574,-79.5285095,apartment,2465.0,2.0,2.0,700.0,0,0,1,1,12,0
564318,Vaughan,Ontario,898 Portage Pkwy,43.7975693,-79.529141,apartment,2350.0,1.0,1.0,600.0,0,0,1,1,12,0
563407,Vaughan,Ontario,8 Israel Zilber Drive,43.8808213,-79.4690921,basement,1895.0,1.0,1.0,1100.0,0,0,1,1,12,0
571846,Vaughan,Ontario,274 Treasure Road,43.8530107,-79.5437169,basement,1990.0,2.0,1.0,850.0,0,0,1,1,12,30
572301,Vaughan,Ontario,77 Riverhill Drive,43.8532328,-79.4940499,basement,1695.0,1.0,1.0,1200.0,0,0,1,1,12,61
433958,Waterloo,Ontario,519-529 Sunnydale Place,43.4859737,-80.5490644,townhouse,3000.0,4.0,2.0,1500.0,0,0,1,1,12,0
513588,Waterloo,Ontario,155 King Street North,43.4642578,-80.5204096,apartment,2793.0,2.0,2.0,843.0,0,0,1,1,12,60
538496,Waterloo,Ontario,"108, 116, 124, 132, 140 & 148 Hincks St.",43.3863348,-80.718281,apartment,1990.0,2.0,1.0,848.0,0,0,1,1,12,0
569121,Waterloo,Ontario,137 University Avenue West,43.4717637,-80.5343386,apartment,2070.0,1.0,1.0,723.0,0,0,1,1,12,0
565405,Waterloo,Ontario,"300 Regina Street North, Tower 1",43.4781794,-80.5233052,apartment,2005.0,1.0,1.0,620.0,0,0,1,1,12,0
568188,Waterloo,Ontario,400 Parkside Drive,43.4865275,-80.5459719,apartment,2165.0,2.0,1.0,898.0,0,0,1,1,12,0
545604,Waterloo,Ontario,239 Auburn Drive,43.4885136,-80.4915124,apartment,2195.0,2.0,1.0,785.0,0,0,1,1,12,0
545603,Waterloo,Ontario,274 Erb Street West,43.4577102,-80.5403483,apartment,2195.0,2.0,1.0,766.0,0,0,1,1,12,0
545602,Waterloo,Ontario,736 Old Albert Street,43.4895657,-80.5434274,apartment,2145.0,2.0,1.0,913.0,0,0,1,1,12,0
432938,Waterloo,Ontario,57 Union Street East,43.4607099,-80.5130783,apartment,2299.0,2.0,1.0,927.0,0,0,0,0,12,30
477982,Waterloo,Ontario,90 Churchill Street,43.456821,-80.548163,apartment,2415.0,2.0,1.0,870.0,0,0,1,1,12,30
572287,Waterloo,Ontario,103 Roger Street,43.4600879,-80.5102757,apartment,2275.0,2.0,2.0,1000.0,0,0,1,1,12,0
567929,Waterloo,Ontario,160 Wissler Rd,43.5065057,-80.5228513,apartment,2145.0,2.0,2.0,807.0,0,0,0,0,12,0
448924,Waterloo,Ontario,"188 King Street South,",43.4601197,-80.5185034,apartment,2000.0,0.0,1.0,556.0,1,0,0,0,12,0
568611,Waterloo,Ontario,392 Erb Street West,43.45379,-80.5507499,apartment,2895.0,5.0,2.0,1600.0,0,0,1,1,12,0
571243,Waterloo,Ontario,255 Northfield Drive East,43.5103454,-80.5213112,apartment,2390.0,2.0,2.0,1050.0,0,0,1,1,12,0
568758,Waterloo,Ontario,258 Sunview Street,43.4741114,-80.5329936,apartment,2200.0,2.0,1.0,600.0,0,0,1,1,12,0
570773,Waterloo,Ontario,107 Roger Street,43.4608998,-80.5098861,apartment,2425.0,2.0,2.0,920.0,0,0,1,1,12,0
567453,Waterloo,Ontario,258B Sunview Street,43.4745599,-80.53332,apartment,2000.0,2.0,1.0,650.0,1,0,1,1,12,0
567310,Waterloo,Ontario,250 Albert Street,43.4752517,-80.5324544,apartment,1750.0,1.0,1.0,450.0,0,0,1,1,12,0
567100,Waterloo,Ontario,258B Sunview Street,43.4745599,-80.53332,apartment,2200.0,2.0,1.0,600.0,0,0,0,0,12,0
567395,Waterloo,Ontario,778 Laurelwood Drive,43.47113,-80.59887,apartment,2315.0,2.0,2.0,1100.0,0,0,1,1,12,0
563727,Waterloo,Ontario,107 Roger Street,43.4608998,-80.5098861,apartment,2075.0,2.0,1.0,850.0,0,0,1,1,12,0
562927,Waterloo,Ontario,99 Rogers Street,43.46056,-80.5099,townhouse,3095.0,3.0,2.0,1800.0,0,0,1,1,12,0
562520,Waterloo,Ontario,99 Milford Avenue,43.4850045,-80.5331557,apartment,2150.0,2.0,1.0,992.0,0,0,1,1,12,0
417326,Waterloo,Ontario,"619 Wild Ginger Avenue, D21",43.4701894,-80.5942451,townhouse,3500.0,3.0,3.5,2100.0,0,0,0,0,12,30
570415,Waterloo,Ontario,640 Violet Street,43.4694146,-80.5993479,house,3400.0,3.0,3.0,2200.0,0,0,0,0,12,30
476152,Welland,Ontario,160 Lancaster Drive,43.018364,-79.24408,apartment,1860.0,1.0,1.0,665.0,0,0,1,1,12,0
331076,Welland,Ontario,100 Lancaster Dr.,43.018196,-79.247539,apartment,1515.0,1.0,1.0,640.0,0,0,1,1,12,0
556854,Welland,Ontario,699 Niagara St.,43.012103264601,-79.250456388727,apartment,2075.0,1.0,1.0,638.0,0,0,1,1,12,0
331069,Welland,Ontario,255 & 265 Willson Rd.,43.002827,-79.269962,apartment,1875.0,2.0,1.0,840.0,0,0,1,1,12,0
571640,Welland,Ontario,203 Midland Place,43.01428,-79.21648,basement,1995.0,2.0,1.0,900.0,0,0,1,1,12,0
570505,Welland,Ontario,23 Avenue Place,42.9900009,-79.2498504,apartment,1645.0,2.0,1.0,900.0,0,0,1,1,12,0
570504,Welland,Ontario,23 Avenue Place,42.9900009,-79.2498504,apartment,1745.0,2.0,1.0,900.0,0,0,1,1,12,0
569477,Welland,Ontario,176 Sunflower Place,42.9899086,-79.2887057,house,2295.0,3.0,2.5,1500.0,0,0,1,1,12,0
567396,Welland,Ontario,23 Avenue Place,42.9900009,-79.2498504,apartment,1295.0,0.0,1.0,600.0,0,0,1,1,12,0
567393,Welland,Ontario,46 Sunflower Place,42.99003,-79.28638,basement,1245.0,1.0,1.0,700.0,0,0,1,1,12,0
564136,Welland,Ontario,22 Steel Street,42.9750987,-79.2526419,apartment,1395.0,1.0,1.0,600.0,0,0,1,1,12,0
562505,Welland,Ontario,25 Waterleaf Trail,42.9919573,-79.2572925,townhouse,2195.0,3.0,2.0,1400.0,0,0,1,1,12,0
501216,Welland,Ontario,"14, 16 Westdale Drive",42.9957529,-79.2675788,apartment,1735.0,1.0,1.0,700.0,0,0,0,0,12,30
539538,Whitby,Ontario,601 Dundas Street East,43.8813432,-78.9336417,apartment,1975.0,1.0,1.0,441.0,0,0,1,1,12,0
477984,Whitby,Ontario,"100, 101, 200, 201 White Oaks Court",43.87441,-78.963905,apartment,1975.0,2.0,1.0,875.0,0,0,1,1,12,0
533903,Whitby,Ontario,19 Regency Crescent,43.8846282,-78.9369509,apartment,2450.0,2.0,1.0,900.0,0,0,1,1,12,0
404548,Whitby,Ontario,1619 - 1625 Dufferin Street,43.8607845,-78.9317789,apartment,2129.86,1.0,1.0,665.0,0,0,0,0,12,44
572555,Whitby,Ontario,7 Auckland Drive,43.8932946,-78.9780828,basement,1795.0,1.0,1.0,950.0,0,0,1,1,12,0
571589,Whitby,Ontario,1600 Charles Street,43.8614747,-78.9370279,apartment,2775.0,2.0,2.0,900.0,0,0,1,1,12,0
570524,Whitby,Ontario,20 Calloway Way,43.8801843,-78.9337751,townhouse,2995.0,3.0,3.0,1800.0,0,0,1,1,12,0
565636,Whitby,Ontario,45 Souter Drive,43.9018797,-78.9879654,basement,2295.0,2.0,1.0,1000.0,1,0,1,1,12,0
565110,Whitby,Ontario,22 Renfield Crescent,43.8885788,-78.9725931,basement,1790.0,2.0,1.0,1200.0,0,0,1,1,12,0
399124,Whitchurch-Stouffville,Ontario,7 ALBERT ST,43.9686732,-79.2506745,apartment,3038.28,2.0,1.0,901.0,0,0,0,0,12,29
562223,Whitchurch-Stouffville,Ontario,11733 Tenth Line,43.9618369,-79.2287923,townhouse,3095.0,4.0,4.0,3000.0,0,0,1,1,12,0
541848,Windsor,Ontario,101 Langlois Ave,42.322786,-83.024897,apartment,1990.0,1.0,1.0,651.0,0,0,0,0,12,0
331133,Windsor,Ontario,2255 University Ave. W.,42.3097208,-83.0645025,apartment,1329.0,1.0,1.0,500.0,0,0,1,1,12,0
331123,Windsor,Ontario,260 & 262 Randolph Pl.,42.3108152,-83.0636349,apartment,1264.0,1.0,1.0,555.0,0,0,1,1,12,0
331113,Windsor,Ontario,275 Askin Ave.,42.3099828,-83.0655016,apartment,1354.0,1.0,1.0,560.0,0,0,1,1,12,0
331126,Windsor,Ontario,3160 Peter St.,42.302434,-83.0737235,apartment,1304.0,1.0,1.0,584.0,0,0,1,1,12,0
331127,Windsor,Ontario,3461 Peter St.,42.2956344,-83.0773236,apartment,1445.0,1.0,1.0,620.0,0,0,1,1,12,0
564394,Windsor,Ontario,1145 Adair Court,42.3262887,-82.938182,apartment,1730.0,1.0,1.0,430.0,0,0,1,1,12,0
567508,Windsor,Ontario,3905 Riverside Drive East,42.3259728,-82.9904319,apartment,1765.0,1.0,1.0,659.0,0,0,1,1,12,0
331097,Windsor,Ontario,274 Giles Blvd. W.,42.3046853,-83.0340306,apartment,1300.0,1.0,1.0,670.0,0,0,1,1,12,0
331116,Windsor,Ontario,5407 & 5411 Empress St.,42.3102408,-82.960367499999,apartment,1775.0,2.0,1.0,795.0,0,0,1,1,12,0
331128,Windsor,Ontario,8325 Riverside Dr. E.,42.3410433,-82.943081,apartment,1605.0,1.0,1.0,625.0,0,0,1,1,12,0
567183,Windsor,Ontario,8717 Riverside Drive East,42.3419808,-82.9380976,apartment,1415.0,0.0,1.0,460.0,0,0,1,1,12,0
331033,Windsor,Ontario,737 Ouellette Ave.,42.3124777,-83.0360178,apartment,1390.0,1.0,1.0,407.0,0,0,1,1,12,0
331115,Windsor,Ontario,360 Caron Ave.,42.3147879,-83.0462929,apartment,1455.0,1.0,1.0,683.0,0,0,0,0,12,0
331169,Windsor,Ontario,3170 & 3190 Donnelly Street,42.3012492,-83.0723454,apartment,1555.0,2.0,1.0,750.0,0,0,1,1,12,0
564397,Windsor,Ontario,1333 Ouellette Avenue,42.3032579,-83.0303474,apartment,1870.0,2.0,2.0,710.0,0,0,1,1,12,0
331122,Windsor,Ontario,3165 Russell St.,42.3032745,-83.0762352,apartment,1545.0,1.0,1.0,508.0,0,0,1,1,12,0
331172,Windsor,Ontario,3150 Donnelly St,42.3020369,-83.072016299999,apartment,1545.0,2.0,1.0,815.0,0,0,1,1,12,0
331125,Windsor,Ontario,3400 Erskine St.,42.325269,-82.996366999999,apartment,1630.0,1.0,1.0,572.0,0,0,1,1,12,0
331130,Windsor,Ontario,666 Chippawa St.,42.2961686,-83.073852499999,apartment,1435.0,1.0,1.0,668.0,0,0,1,1,12,0
565407,Windsor,Ontario,1400 Ouellette Avenue,42.3022259,-83.0283269,apartment,1585.0,1.0,1.0,595.0,0,0,1,1,12,0
567507,Windsor,Ontario,3900 Wyandotte Street East,42.325107,-82.9898477,apartment,1485.0,0.0,1.0,432.0,0,0,1,1,12,0
567509,Windsor,Ontario,450 Victoria Avenue,42.3155081,-83.0397038,apartment,1990.0,2.0,2.0,1045.0,0,0,0,0,12,0
331118,Windsor,Ontario,3576 Peter St.,42.2931496,-83.0793641,apartment,1500.0,1.0,1.0,602.0,0,0,1,1,12,0
331124,Windsor,Ontario,1545 Ouellette Ave.,42.2994546,-83.027442399999,apartment,1590.0,1.0,1.0,574.0,0,0,1,1,12,0
331121,Windsor,Ontario,1330 Lauzon Rd.,42.3237297,-82.936239899999,apartment,1695.0,1.0,1.0,578.0,0,0,1,1,12,0
331117,Windsor,Ontario,3540 Peter St.,42.2940938,-83.0787532,apartment,1555.0,1.0,1.0,675.0,0,0,1,1,12,0
331120,Windsor,Ontario,3410 Peter St.,42.296857,-83.077097499999,apartment,1440.0,1.0,1.0,695.0,0,0,1,1,12,0
331119,Windsor,Ontario,6600 Wyandotte St. E.,42.3311509,-82.9578482,apartment,1760.0,1.0,1.0,535.0,0,0,1,1,12,0
331031,Windsor,Ontario,1071 McDougall St.,42.3096101,-83.0286813,apartment,1815.0,2.0,1.0,749.0,0,0,1,1,12,0
331111,Windsor,Ontario,2930 Wildwood Dr.,42.3059445,-82.915330199999,apartment,1825.0,2.0,1.0,735.0,0,0,1,1,12,0
331114,Windsor,Ontario,211 Buckingham Rd.,42.3302256,-82.975908199999,apartment,1640.0,1.0,1.0,450.0,0,0,1,1,12,0
572449,Windsor,Ontario,1482 Langlois Avenue,42.3058731,-83.0137852,apartment,2495.0,3.0,1.0,1350.0,0,0,1,1,12,0
571622,Windsor,Ontario,514 Caron Avenue,42.3127232,-83.0450618,house,1745.0,2.0,1.0,700.0,0,0,1,1,12,0
572124,Windsor,Ontario,2427 Roxborough Boulevard,42.274397,-83.0372296,basement,2195.0,2.0,2.0,900.0,0,0,1,1,12,0
571437,Windsor,Ontario,3338 Baby Street,42.2981178,-83.0752025,house,2995.0,5.0,3.0,1100.0,0,0,1,1,12,0
570887,Windsor,Ontario,902 Bridge Avenue,42.302828,-83.0552775,apartment,1725.0,2.0,1.0,900.0,0,0,1,1,12,0
570352,Windsor,Ontario,875 Victory Street,42.214641,-83.0809515,house,1845.0,2.0,1.0,900.0,0,0,1,1,12,0
569927,Windsor,Ontario,368 South Street,42.2951274,-83.0785205,house,2445.0,5.0,2.0,1400.0,0,0,1,1,12,0
569855,Windsor,Ontario,619 Church Street,42.3123729,-83.0407316,apartment,1595.0,3.0,1.0,650.0,0,0,1,1,12,0
569475,Windsor,Ontario,858 Louis Avenue,42.3149543,-83.0252491,basement,1235.0,2.0,1.0,600.0,0,0,1,1,12,0
569174,Windsor,Ontario,722 Bridge Avenue,42.3051701,-83.056808,house,2275.0,4.0,1.0,1000.0,0,0,1,1,12,0
568000,Windsor,Ontario,805 Marion Avenue,42.3176216,-83.0203183,apartment,1600.0,2.0,1.0,900.0,0,0,1,1,12,0
568781,Windsor,Ontario,22 University Avenue East,42.3178586,-83.0387067,house,2695.0,5.0,2.0,2700.0,1,0,1,1,12,0
567770,Windsor,Ontario,770 Bruce Avenue,42.3105295,-83.0409624,apartment,1325.0,1.0,1.0,700.0,0,0,1,1,12,0
567233,Windsor,Ontario,1961 Northway Avenue,42.2804685,-83.0515884,basement,1245.0,2.0,1.0,850.0,0,0,1,1,12,0
566017,Windsor,Ontario,1561 Lillian Avenue,42.301904,-83.0186674,apartment,1745.0,2.0,1.0,700.0,0,0,1,1,12,0
564481,Windsor,Ontario,989 Windsor Avenue,42.3102814,-83.0310051,apartment,1645.0,2.0,1.0,600.0,0,0,1,1,12,0
564593,Windsor,Ontario,3295 Curry Avenue,42.2619945,-83.0244518,basement,1995.0,2.0,2.0,1500.0,0,0,1,1,12,0
564134,Windsor,Ontario,"150 Park Street West, Windsor, Ontario N9A 7A2",42.3161465,-83.0400902,apartment,1625.0,1.0,1.0,550.0,0,0,1,1,12,0
563868,Windsor,Ontario,220 Brock Street,42.3003888,-83.0781012,house,2445.0,4.0,2.5,900.0,0,0,1,1,12,0
563262,Windsor,Ontario,1839 Saint Luke Road,42.3041046,-82.9925856,apartment,1495.0,2.0,1.0,800.0,0,0,1,1,12,0
560351,Windsor,Ontario,3290 Stella Crescent,42.2969633,-82.9223562,apartment,1945.0,2.0,2.0,1100.0,0,0,1,1,12,0
559499,Windsor,Ontario,3201 Dandurand Avenue,42.2659067,-83.019458,basement,1695.0,2.0,1.0,1050.0,0,0,0,0,12,0
559495,Windsor,Ontario,3201 Dandurand Avenue,42.2659067,-83.019458,house,2395.0,3.0,1.0,1050.0,0,0,0,0,12,0
331639,Windsor,Ontario,3777   Riverside Drive East Windsor,42.3262369,-82.9921111,apartment,1895.0,2.0,1.0,775.0,0,0,0,0,12,0
330174,Windsor,Ontario,6460 Wyandotte St E,42.3305877,-82.9594395,apartment,759.0,0.0,1.0,320.0,0,0,0,0,12,0
556374,Woodstock,Ontario,225 Riddell Street,43.1377048,-80.7594167,townhouse,1995.0,2.0,1.0,863.0,0,0,1,1,12,0
331165,Woodstock,Ontario,"560, 562 & 564 Durham Cres.",43.1475824,-80.7469651,apartment,1725.0,1.0,1.0,670.0,0,0,1,1,12,0
570399,Woodstock,Ontario,597 Dundas Street,43.1308822,-80.7521143,apartment,1493.0,0.0,1.0,340.0,0,0,1,1,12,0
571377,Woodstock,Ontario,770 Hughson Street,43.1359435,-80.7458865,apartment,1890.0,2.0,1.0,940.0,0,0,1,1,12,0
565292,Woodstock,Ontario,770 Hughson Street,43.1359539,-80.7458223,apartment,1890.0,2.0,1.0,940.0,0,0,1,1,12,0
566327,Woodstock,Ontario,770 Hughson Street,43.1359539,-80.7458223,apartment,1890.0,2.0,1.0,940.0,0,0,1,1,12,0
566326,Woodstock,Ontario,770 Hughson Street,43.1359539,-80.7458223,apartment,1890.0,2.0,1.0,940.0,0,0,1,1,12,0
559567,Woodstock,Ontario,86 Winniett Street,43.1313839,-80.7678441,house,1895.0,2.0,1.0,1000.0,0,0,1,1,12,0
443735,Woodstock,Ontario,311 Dundas Street,43.129145,-80.764371,apartment,1525.0,1.0,1.0,682.0,0,0,0,0,12,0
570503,Woodstock,Ontario,597 Dundas Street,43.1308822,-80.7521143,apartment,1675.0,0.0,1.0,340.0,0,0,1,1,12,24
556373,Wyoming,Ontario,3962 Lakeshore Rd,43.04735,-82.16218,apartment,1895.0,2.0,1.0,1127.0,0,0,1,1,12,0
556375,Wyoming,Ontario,3956 Lakeshore Road,43.0471809,-82.1623674,townhouse,2495.0,3.0,3.0,1727.0,0,0,1,1,12,0
396295,Boisbriand,Quebec,1065 Des Francs-Bourgeois Street,45.6285543,-73.8557196,apartment,1670.0,1.0,1.0,753.0,0,0,1,1,12,30
406909,Brossard,Quebec,"8300, boul. du St-Laurent",45.449639,-73.49463,apartment,1690.0,1.0,1.0,749.0,0,0,0,0,12,122
508414,Brossard,Quebec,8260 Boulevard du St Laurent,45.4496699,-73.4949248,apartment,2395.0,2.0,1.0,1100.0,0,0,1,1,12,30
483676,Côte Saint-Luc,Quebec,6801 Abraham de Sola St,45.490070751876,-73.651852079772,apartment,2495.0,1.0,1.0,992.0,1,0,1,1,12,0
508616,Côte Saint-Luc,Quebec,5885 Ave. Marc Chagall,45.480288129011,-73.663981613492,apartment,1710.0,1.0,1.0,825.0,0,0,1,1,12,61
477766,Côte Saint-Luc,Quebec,5460 Sunnybrooke Avenue,45.4595159,-73.6609404,apartment,1395.0,1.0,1.0,750.0,0,0,1,1,12,0
458767,Côte Saint-Luc,Quebec,5740 Cavendish Boulevard,45.475019,-73.660457,apartment,1305.0,0.0,1.0,590.0,0,0,1,1,12,0
537543,Côte Saint-Luc,Quebec,6801 rue Abraham de Sola,45.4900186,-73.6519715,apartment,2680.0,1.0,1.5,959.0,0,0,0,0,12,92
490723,Côte Saint-Luc,Quebec,6750 Abraham de Sola,45.4889589,-73.6523412,apartment,2530.0,1.0,1.5,875.0,0,0,1,1,12,0
417278,Côte Saint-Luc,Quebec,6505 Cote Saint Luc Rd,45.4737491,-73.6455184,apartment,2050.0,2.0,2.0,1150.0,0,0,0,0,12,0
552070,Dorval,Quebec,388 Dorval,45.4455546,-73.7419411,apartment,1745.0,1.0,1.0,676.0,0,0,0,1,12,0
458765,Dorval,Quebec,455 Racine Avenue,45.447109,-73.737933,apartment,1610.0,2.0,1.0,940.0,0,0,0,0,12,0
495471,Gatineau,Quebec,62 Bd de Lucerne,45.402309037681,-75.778541650632,apartment,1790.0,1.0,1.0,894.0,0,0,1,1,12,0
433549,Gatineau,Quebec,12 Rue de l'Horizon,45.437615,-75.7830017,apartment,1880.0,2.0,1.0,800.0,0,0,1,1,12,0
331100,Gatineau,Quebec,400 & 405 Boulevard des Grives,45.4373719,-75.7850712,apartment,1670.0,2.0,1.0,930.0,0,0,1,1,12,0
331134,Gatineau,Quebec,10 Rue Radisson,45.4645416,-75.745256199999,apartment,1330.0,1.0,1.0,682.0,0,0,1,1,12,0
445025,Gatineau,Quebec,605 - 03 Boul des Grives,45.445731,-75.7869331,apartment,1736.0,2.0,2.0,1039.0,0,0,1,1,12,0
564334,Gatineau,Quebec,27 Lucerne,45.3865676,-75.8046704,apartment,1750.0,2.0,1.0,1.0,0,0,1,1,12,0
415562,Gatineau,Quebec,420 Boulevard de la Cité-des-Jeunes,45.463531,-75.770533,apartment,1329.0,1.0,1.0,504.0,0,0,1,1,12,70
469754,Hampstead,Quebec,1 Glenmore,45.4755464,-73.6425183,apartment,1695.0,1.0,1.0,600.0,0,0,1,1,12,30
495018,Laval,Quebec,3980 Boulevard Saint-Elzéar O,45.569558570112,-73.781052616025,apartment,1880.0,1.0,1.0,952.0,0,0,1,1,12,0
508614,Laval,Quebec,3105 Promenade du Quartier-Saint-Martin,45.560196,-73.7487876,apartment,2470.0,2.0,1.0,1254.0,0,0,1,1,12,30
508615,Laval,Quebec,"3850, Boul St-Elzéar Ouest",45.5689452,-73.7781296,apartment,2060.0,2.0,2.0,1110.0,0,0,1,1,12,61
449097,Laval,Quebec,3405 Boul. Le Carrefour,45.5649752,-73.7545603,apartment,1548.0,1.0,1.0,631.0,0,0,1,1,12,0
483675,Laval,Quebec,1555 Boul. Laval,45.569103304673,-73.71966286442,apartment,1490.0,1.0,1.0,845.0,0,0,0,0,12,0
289230,Laval,Quebec,1 Place De La Belle-Rive,45.537699,-73.725995,apartment,1130.0,0.0,1.0,420.0,0,0,1,1,12,51
508612,Laval,Quebec,3030 Boulevard Lévesque Ouest,45.5392245,-73.7223364,apartment,1790.0,2.0,1.0,959.0,0,0,1,1,12,61
508647,Laval,Quebec,3990 Boulevard Saint-Elzéar O,45.5687027,-73.78053,apartment,1565.0,1.0,1.0,635.0,0,0,1,1,12,0
557265,Laval,Quebec,2980 Blvd. Saint Martin O,45.5589556,-73.7434825,apartment,2275.0,2.0,1.0,1020.0,0,0,1,1,12,0
490606,Laval,Quebec,1550 Boul Laval,45.5692651,-73.7202664,apartment,1695.0,1.0,1.0,860.0,0,0,1,1,12,0
518805,Laval,Quebec,3580 boulevard Saint-Elzear Ouest,45.5697749,-73.7725744,apartment,2200.0,2.0,2.0,1155.0,0,0,1,1,12,91
301390,Longueuil,Quebec,101-300 Rue Joliette,45.531604,-73.519819,apartment,1149.0,1.0,1.0,648.0,0,0,0,0,12,30
521132,Mascouche,Quebec,1629 Av. de la Gare,45.7324288,-73.5978995,apartment,1795.0,2.0,1.0,1002.0,0,0,1,1,12,0
416658,Montréal,Quebec,2255 Rue Lambert-Closse,45.491792397411,-73.586197050926,apartment,2099.0,2.0,1.0,1024.0,0,0,1,1,12,0
562813,Montréal,Quebec,1951 Maisonneuve Boulevard East,45.5245815917,-73.552850808771,apartment,1470.0,0.0,1.0,454.0,0,0,1,1,12,0
562812,Montréal,Quebec,2121 Tupper Street,45.4905316,-73.581933,apartment,1455.0,0.0,1.0,348.0,0,0,1,1,12,0
463690,Montréal,Quebec,1090 rue de Bleury,45.5045759,-73.5636562,apartment,2700.0,2.0,1.0,730.0,0,0,1,1,12,61
527987,Montréal,Quebec,360 President Kennedy,45.507216190564,-73.569635509898,apartment,1725.0,1.0,1.0,549.0,0,0,1,1,12,105
489209,Montréal,Quebec,3410 Peel Street,45.501915,-73.5771061,apartment,2350.0,1.0,1.0,608.0,0,0,1,1,12,60
491045,Montréal,Quebec,1555 Rene-Levesque W.,45.4938579,-73.5750871,apartment,1625.0,0.0,1.0,325.0,1,0,1,0,12,0
552072,Montréal,Quebec,2061 Stanley,45.5008266,-73.5764843,apartment,1875.0,1.0,1.0,411.0,0,0,1,1,12,0
395040,Montréal,Quebec,4858 chemin de la Côte-des-Neiges,45.495071448514,-73.614632912303,apartment,1225.0,0.0,1.0,475.0,0,0,1,1,12,0
508630,Montréal,Quebec,815 Avenue Plymouth,45.5051797,-73.6613276,apartment,2770.0,2.0,2.0,1119.0,0,0,1,1,12,0
556615,Montréal,Quebec,1999 rue William,45.4859783,-73.5688086,apartment,2650.0,2.0,2.0,807.0,0,0,1,1,12,0
359197,Montréal,Quebec,2100 Boulevard de Maisonneuve West,45.4918556,-73.5833862,apartment,1900.0,1.0,1.0,625.0,0,0,1,0,12,0
541423,Montréal,Quebec,2125 rue Ward,45.4991889,-73.6780797,apartment,1905.0,2.0,1.0,736.0,0,0,1,1,12,0
508618,Montréal,Quebec,8205 ave du Cirque,45.5623825,-73.6151713,apartment,2400.0,3.0,2.0,991.0,0,0,1,1,12,61
484903,Montréal,Quebec,1900-1950 Sherbrooke W.,45.4941203,-73.5836223,apartment,2400.0,2.0,1.0,815.0,0,0,1,0,12,61
459045,Montréal,Quebec,65 East Sherbrooke Street,45.513348,-73.569264,apartment,1385.0,0.0,1.0,454.0,0,0,0,0,12,0
459054,Montréal,Quebec,1350 Du Fort street,45.491533,-73.581291,apartment,1300.0,0.0,1.0,340.0,0,0,0,0,12,0
477762,Montréal,Quebec,"2400, 2420, 2444, 2460, 2480, 2500 Rue Benny-Crescent",45.464343,-73.626044,apartment,1135.0,0.0,1.0,423.0,0,0,0,0,12,0
459049,Montréal,Quebec,2250 Guy street,45.496074,-73.581073,apartment,1425.0,0.0,1.0,380.0,0,0,0,0,12,0
459061,Montréal,Quebec,2500 Cavendish Blvd.,45.46248,-73.627243,apartment,1195.0,0.0,1.0,441.0,0,0,0,0,12,0
459047,Montréal,Quebec,150 st Norbert street,45.513539,-73.567476,apartment,2495.0,2.0,1.0,1064.0,0,0,0,0,12,0
571719,Montréal,Quebec,6993 Decarie,45.4932739,-73.6496836,apartment,2500.0,2.0,2.0,1000.0,0,0,0,0,12,0
464323,Montréal,Quebec,790 rue William,45.4978056,-73.5583059,apartment,1735.0,1.0,1.0,582.0,0,0,1,1,12,0
558063,Montréal,Quebec,65 Rue William-Macdonald,45.4384189,-73.6640877,apartment,1810.0,1.0,1.0,610.0,0,0,1,1,12,0
459064,Montréal,Quebec,2525 Cavendish blvd.,45.462951,-73.626339,apartment,1225.0,0.0,1.0,501.0,0,0,0,0,12,0
562497,Montréal,Quebec,2125 Saint-Marc Street,45.494002,-73.5820276,apartment,1450.0,0.0,1.0,460.0,0,0,1,1,12,0
533620,Montréal,Quebec,3475 de la Montagne,45.4974245,-73.5732752,apartment,1400.0,0.0,1.0,429.0,0,0,1,1,12,0
490445,Montréal,Quebec,4530 Ch. de la Côte-des-Neiges,45.495649520267,-73.60833483373,apartment,1379.0,0.0,1.0,362.0,0,0,1,1,12,0
563290,Montréal,Quebec,345 rue De La Gauchetiere,45.5042079,-73.5629223,apartment,1560.0,0.0,1.0,556.0,0,0,1,1,12,0
563292,Montréal,Quebec,1444 Mackay Street,45.496187,-73.5782425,apartment,1480.0,1.0,1.0,506.0,0,0,1,1,12,0
562498,Montréal,Quebec,450 Rue Sherbrooke Est,45.5175608,-73.5666527,apartment,1455.0,0.0,1.0,400.0,0,0,1,1,12,0
483673,Montréal,Quebec,370 Rue des Seigneurs,45.487343716364,-73.567942278114,apartment,1900.0,1.0,1.0,758.0,0,0,1,1,12,0
557269,Montréal,Quebec,1965 de l'Église,45.4617606,-73.5674455,apartment,1650.0,1.0,1.0,620.0,0,0,1,1,12,0
537534,Montréal,Quebec,370 rue des Seigneurs,45.487167,-73.5679852,apartment,4745.0,2.0,2.5,1402.0,0,0,0,0,12,0
541420,Montréal,Quebec,1255 rue Saint-Dominique,45.5101777,-73.5626866,apartment,1435.0,0.0,1.0,443.0,0,0,1,0,12,0
459046,Montréal,Quebec,135 East Sherbrooke street,45.513794,-73.56921,apartment,1765.0,1.0,1.0,650.0,0,0,0,0,12,0
459063,Montréal,Quebec,"2775-2950 Barclay, 6510-6725 Darlington, 3135-3175 Chemin Bedford, 6690 Ch",45.509789,-73.630119,apartment,1010.0,0.0,1.0,310.0,0,0,0,0,12,0
459053,Montréal,Quebec,3440 Durocher Street,45.507437,-73.573536,apartment,1275.0,0.0,1.0,340.0,0,0,0,0,12,0
459093,Montréal,Quebec,"4080, 4100, 4120, 4140 Chemin de la Côte-Sainte-Catherine",45.4955097,-73.6309304,apartment,1250.0,1.0,1.0,380.0,0,0,1,1,12,0
557261,Montréal,Quebec,335 Boulevard Deguire,45.5306356,-73.6794772,apartment,1200.0,0.0,1.0,823.0,0,0,1,1,12,0
459052,Montréal,Quebec,3333 West Jean Talon Street,45.508025,-73.637364,apartment,1545.0,1.0,1.0,680.0,0,0,1,1,12,0
483674,Montréal,Quebec,2130 Rue Laforce,45.525799405404,-73.55077283689,apartment,1575.0,1.0,1.0,520.0,0,0,1,1,12,0
354063,Montréal,Quebec,1160 chemin du Golf,45.463286,-73.555209,apartment,1400.0,0.0,1.0,434.0,0,0,1,1,12,0
459069,Montréal,Quebec,"5199 Sherbrooke Street East,",45.568549,-73.5519,apartment,1350.0,0.0,1.0,410.0,0,0,1,1,12,0
560103,Montréal,Quebec,1225 Saint Marc Street,45.4921891,-73.5788603,apartment,1395.0,0.0,1.0,384.0,0,0,1,1,12,0
477763,Montréal,Quebec,4760 Chemin de la Côte-des-Neiges,45.495739,-73.610899,apartment,1395.0,0.0,1.0,330.0,0,0,1,1,12,30
422120,Montréal,Quebec,5110 rue Buchan,45.4973509,-73.6518578,apartment,3385.0,3.0,1.0,1391.0,0,0,1,1,12,43
354064,Montréal,Quebec,"400, Sherbrooke Ouest",45.507878732055,-73.571751263229,apartment,1605.0,0.0,1.0,600.0,0,0,1,1,12,43
541751,Montréal,Quebec,1160 Saint-Mathieu,45.4923044,-73.5769266,apartment,2300.0,2.0,1.0,792.0,0,0,1,1,12,96
354069,Montréal,Quebec,280 René-Lévesque Ouest,45.505681,-73.5639153,apartment,2295.0,2.0,1.0,817.0,0,0,1,1,12,105
568078,Montréal,Quebec,1405 rue Bishop,45.4968177,-73.5765982,apartment,1435.0,0.0,1.0,494.0,0,0,1,1,12,92
354062,Montréal,Quebec,360 René-Lévesque Ouest,45.5055756,-73.5642108,apartment,6005.0,4.0,1.0,1911.0,0,0,1,1,12,39
372547,Montréal,Quebec,2100 de Bleury,45.5077919,-73.570373,apartment,1490.0,0.0,1.0,399.0,0,0,1,1,12,105
459065,Montréal,Quebec,3580 Lorne Avenue,45.507657,-73.577593,apartment,1225.0,0.0,1.0,364.0,0,0,0,0,12,30
560230,Montréal,Quebec,6965 Rue De Choisy,45.5834845,-73.5714496,apartment,1340.0,1.0,1.0,223.0,0,0,1,1,12,0
494599,Montréal,Quebec,1411 Mackay,45.4961579,-73.5773576,apartment,2950.0,2.0,1.0,824.0,1,0,1,1,12,101
459051,Montréal,Quebec,315 East Rene Levesque blvd,45.512039,-73.559356,apartment,1315.0,0.0,1.0,395.0,0,0,0,0,12,30
459050,Montréal,Quebec,10250 Du Bois-de-Boulogne Avenue,45.537545,-73.673256,apartment,1260.0,1.0,1.0,620.0,0,0,0,0,12,30
494437,Montréal,Quebec,1463 Bishop,45.4973807,-73.5777823,apartment,1850.0,1.0,1.0,429.0,1,0,0,0,12,61
415793,Montréal,Quebec,4861 Notre Dame West,45.471518,-73.5901559,apartment,1900.0,2.0,2.0,850.0,0,0,1,1,12,30
354067,Montréal,Quebec,7407 rue Mountain-Sights,45.4962595,-73.6517579,apartment,1975.0,2.0,1.0,896.0,0,0,1,1,12,43
372548,Montréal,Quebec,5025 rue Jean-Talon Ouest,45.4965291,-73.6505602,apartment,1915.0,2.0,1.0,739.0,0,0,1,1,12,43
354068,Montréal,Quebec,1380 René-Lévesque Ouest,45.4955919,-73.5730613,apartment,1770.0,1.0,1.0,589.0,0,0,1,1,12,105
483677,Montréal,Quebec,6500 Decarie Blvd,45.490951971068,-73.646114623948,apartment,1360.0,1.0,1.0,477.0,0,0,0,0,12,92
537538,Montréal,Quebec,6465 East Sherbrooke street,45.582508,-73.543529,apartment,1355.0,1.0,1.0,607.0,0,0,1,1,12,92
498020,Montréal,Quebec,3882 St Laurent Blvd,45.5159924,-73.5780065,apartment,2500.0,1.0,1.0,472.0,0,0,1,1,12,0
525545,Montréal,Quebec,"3965, 3969, 3973, 3977 & 3981 rue Saint-Dominique",45.5170166,-73.5779859,apartment,2100.0,1.0,1.0,572.0,0,0,1,1,12,0
403764,Montréal,Quebec,4840 Côte St-Luc Montreal,45.4834818,-73.6155647,apartment,2850.0,3.0,2.0,1290.0,0,0,0,0,12,0
400465,Montréal,Quebec,110 Rue Sainte-Thérèse,45.506932,-73.5535278,apartment,1595.0,1.0,1.0,436.0,0,0,0,0,12,0
547654,Montréal,Quebec,5150 Victoria,45.4900633,-73.6286958,apartment,2395.0,2.0,1.0,680.0,0,0,0,0,12,0
536449,Montréal,Quebec,1433 Rue Towers,45.4927509,-73.5814945,apartment,1683.0,0.0,1.0,488.0,0,0,0,0,12,0
572288,Montréal,Quebec,360 Rue Mayor,45.506616,-73.5682051,apartment,2397.0,1.0,1.0,500.0,2,0,0,0,12,0
565698,Montréal,Quebec,11355 Avenue Hébert,45.5956746,-73.6400773,apartment,2650.0,5.0,2.5,1900.0,0,0,0,0,12,0
403762,Montréal,Quebec,1750 Cedar,45.496042,-73.5905051,apartment,1725.0,0.0,1.0,560.0,0,0,0,0,12,0
477172,Montréal,Quebec,2100 Rue Saint-Marc,45.4937211,-73.5823451,apartment,1345.0,0.0,1.0,400.0,0,0,1,0,12,0
502169,Montréal,Quebec,5215 1re Avenue,45.544518,-73.5737606,apartment,1295.0,0.0,1.0,375.0,0,0,1,0,12,0
542306,Montréal,Quebec,3477 Drummond,45.501805604622,-73.580510595106,apartment,1745.0,1.0,1.0,550.0,0,0,0,0,12,0
446868,Montréal,Quebec,3445 Hutchison,45.5083525,-73.5728664,apartment,1395.0,0.0,1.0,400.0,0,0,0,0,12,0
408299,Montréal,Quebec,3210-3250 Forest Hill,45.4948646,-73.6075363,apartment,2095.0,2.0,2.0,1030.0,0,0,0,0,12,0
571472,Montréal,Quebec,6690 Décarie,45.4913166,-73.6472856,apartment,3500.0,3.0,2.0,1230.0,0,0,0,0,12,0
403766,Montréal,Quebec,3555 Avenue Atwater,45.4931818,-73.5891782,apartment,1595.0,1.0,1.0,760.0,0,0,0,0,12,0
434604,Montréal,Quebec,6300 LENNOX 6275 NORTHCREST,45.5122074,-73.6243457,apartment,1495.0,1.0,1.0,820.0,0,0,0,0,12,0
563865,Montréal,Quebec,8704 9e Avenue,45.5676331,-73.6222599,apartment,1375.0,1.0,1.0,530.0,0,0,1,1,12,0
498346,Montréal,Quebec,9801 Rue Ceres,45.504466302538,-73.79092429259,apartment,2490.0,2.0,2.0,1054.0,0,0,1,1,12,0
415754,Montréal,Quebec,400 Ave Richmond,45.4887757,-73.5670703,apartment,2430.0,2.0,2.0,850.0,0,0,1,1,12,0
505693,Montréal,Quebec,180 Rue de Bleury,45.5058346,-73.5659556,apartment,4500.0,1.0,1.0,443.0,1,0,1,1,3,0
505695,Montréal,Quebec,3106 Promenade du Quartier-Saint-Martin,45.561037326136,-73.749517160852,apartment,3450.0,1.0,1.0,721.0,1,0,1,1,3,0
505689,Montréal,Quebec,456 Rue De La Gauchetiere west,45.503070114327,-73.563488673062,apartment,3600.0,1.0,1.0,529.0,1,0,1,1,3,0
472414,Montréal,Quebec,360 des Seigneurs,45.487167,-73.5679852,apartment,2415.0,1.0,1.0,685.0,0,0,1,1,12,0
509963,Montréal,Quebec,278 Crevier,45.504902059643,-73.674109582209,apartment,2320.0,2.0,2.0,920.0,0,0,1,1,12,0
570819,Montréal,Quebec,1902 Rue Centre,45.482465,-73.562479,apartment,1550.0,0.0,1.0,500.0,1,0,1,1,12,0
570461,Montréal,Quebec,360 Rue Mayor,45.506616,-73.5682051,apartment,1998.0,1.0,1.0,485.0,0,0,0,0,12,0
505692,Montréal,Quebec,1770 Rue Joseph-Manseau,45.4912484,-73.5765006,apartment,3600.0,1.0,1.0,412.0,1,0,1,1,3,0
454662,Montréal,Quebec,3500 Rue de la Montagne,45.5007113,-73.5815318,apartment,2095.0,2.0,1.0,1040.0,0,0,0,0,12,0
454658,Montréal,Quebec,4145 Blueridge Crescent,45.4961436,-73.6014431,apartment,1700.0,2.0,1.0,1000.0,0,0,0,0,12,0
447138,Montréal,Quebec,440 Richmond,45.4887757,-73.5670703,apartment,1909.0,1.0,1.0,620.0,0,0,1,1,12,0
566346,Montréal,Quebec,2800 Ontario St E,45.5353749,-73.5501343,apartment,3020.0,3.0,2.0,1047.0,0,0,1,1,12,0
521211,Montréal,Quebec,1280 Bishop,45.495977,-73.5755889,apartment,1520.0,0.0,1.0,500.0,0,0,0,0,12,0
560252,Montréal,Quebec,2705 Bates,45.5165095,-73.6275868,apartment,2240.0,1.0,2.0,1000.0,0,0,0,0,12,0
524318,Montréal,Quebec,205 Marcel-Laurin,45.503514,-73.6741271,apartment,1818.0,1.0,1.0,660.0,0,0,1,1,12,0
546761,Montréal,Quebec,1101 rue Lucien l'Allier,45.4951926,-73.5718321,apartment,1905.0,1.0,1.0,550.0,0,0,1,1,12,0
517805,Montréal,Quebec,36 Place du Commerce,45.468699,-73.5391585,apartment,3875.0,1.0,2.0,990.0,1,0,1,1,12,0
560908,Montréal,Quebec,3500 de la Montagne,45.4974245,-73.5732752,apartment,3700.0,2.0,2.0,1051.0,0,0,1,1,12,0
528492,Montréal,Quebec,5717 Côte-des-Neiges,45.4767847,-73.6143133,apartment,1850.0,1.0,1.0,575.0,0,0,1,1,12,0
552519,Montréal,Quebec,5250 Assomption,45.572797,-73.5581886,apartment,1526.0,0.0,1.0,510.0,0,0,0,0,12,0
487552,Montréal,Quebec,2190 Saint-Catherine St W,45.490301,-73.5829974,apartment,1939.0,1.0,1.0,550.0,1,0,1,1,12,0
483261,Montréal,Quebec,1180 Crescent,45.4962868,-73.5740976,apartment,1580.0,0.0,1.0,400.0,0,0,0,0,12,0
505216,Montréal,Quebec,2540 du Quesne,45.582936,-73.5627845,apartment,2555.0,3.0,1.0,1020.0,0,0,1,1,12,0
547382,Montréal,Quebec,2191 rue des Ormeaux,45.6013423,-73.5184847,apartment,1799.0,1.0,1.0,705.0,0,0,1,1,12,0
514752,Montréal,Quebec,1300 Sherwood,45.513536008226,-73.645247880258,apartment,2499.0,2.0,1.0,1050.0,0,0,1,0,12,0
410842,Montréal,Quebec,9430 Boul. Lacordaire,45.5992629,-73.6133096,apartment,1450.0,1.0,1.0,560.0,0,0,0,0,12,0
501180,Montréal,Quebec,3980 St-Elzéar Ouest,45.568882957935,-73.778985047607,apartment,2940.0,1.0,1.0,605.0,1,0,1,1,3,0
524995,Montréal,Quebec,235 Rue Murray,45.4928122,-73.5595462,apartment,2111.0,1.0,1.0,575.0,0,0,1,1,12,0
458707,Montréal,Quebec,221 Saint-Jacques,45.5038812,-73.5587138,apartment,3000.0,3.0,2.0,1147.0,1,0,0,0,12,0
474659,Montréal,Quebec,4521 Ave Clark,45.520009,-73.587299,apartment,2175.0,0.0,1.0,765.0,1,0,1,0,12,0
505688,Montréal,Quebec,360 René-Lévesque Blvd W,45.5052531,-73.5642487,apartment,3870.0,0.0,1.0,547.0,1,0,0,0,3,0
505690,Montréal,Quebec,11202 Cavendish boulevard,45.501802748799,-73.704423661902,apartment,3450.0,1.0,1.0,610.0,1,0,1,1,3,0
487720,Montréal,Quebec,4000 de Maisonneuve Blvd. West,45.488805,-73.5859921,apartment,2161.0,1.0,1.0,790.0,0,0,1,1,12,0
454661,Montréal,Quebec,1260 avenue du Docteur-Penfield,45.5013075,-73.5816905,apartment,1645.0,1.0,1.0,740.0,0,0,0,0,12,0
522379,Montréal,Quebec,5050 Assomption Blvd,45.571375967802,-73.555169269189,apartment,2769.0,2.0,2.0,1077.0,0,0,1,0,12,0
454660,Montréal,Quebec,1230 avenue du Docteur-Penfield,45.5017304,-73.5811877,apartment,1560.0,1.0,1.0,700.0,0,0,0,0,12,0
557796,Montréal,Quebec,1460 Avenue du Docteur-Penfield,45.4993416,-73.5838777,apartment,2340.0,2.0,2.0,1300.0,0,0,0,0,12,0
454659,Montréal,Quebec,1550 Avenue du Docteur-Penfield,45.4974019,-73.5852389,apartment,2280.0,2.0,2.0,1003.0,0,0,0,0,12,0
417277,Montréal,Quebec,2021 Atwater,45.4905224,-73.5860055,apartment,1675.0,1.0,1.0,700.0,0,0,1,0,12,0
536448,Montréal,Quebec,1150 Rue Sherbrooke East,45.5220418,-73.5652974,apartment,2067.86,2.0,1.0,700.0,0,0,0,0,12,43
315470,Montréal,Quebec,420 rue Abelard,45.4623806,-73.5452068,apartment,1549.0,2.0,1.0,850.0,0,0,1,1,12,61
571394,Montréal,Quebec,6380 Av Somerled,45.4691724,-73.63701,apartment,1895.0,2.0,1.0,1020.0,0,0,1,1,12,92
569580,Montréal,Quebec,3315 Avenue Maréchal,45.4982131,-73.6213007,apartment,1445.0,1.0,1.0,700.0,0,0,0,0,12,92
569581,Montréal,Quebec,500 PineAv des Pins O,45.5091693,-73.579387,apartment,1350.0,0.0,1.0,400.0,0,0,0,0,12,92
454507,Montréal,Quebec,439 Avenue Thérèse Lavoie-Roux,45.5268312,-73.6169461,apartment,1800.0,1.0,1.0,624.0,0,0,1,1,12,61
477173,Montréal,Quebec,3440 Avenue Ridgewood,45.4938346,-73.6121291,apartment,1345.0,0.0,1.0,450.0,0,0,1,1,12,30
540315,Montréal,Quebec,4825 Paul-Pouliot,45.4587949,-73.8954049,apartment,2030.0,2.0,2.0,1134.0,0,0,1,1,12,121
403765,Montréal,Quebec,1530 Dr. Penfield,45.4978304,-73.5850524,apartment,1450.0,1.0,1.0,560.0,0,0,1,0,12,0
458458,Montréal,Quebec,6540 Boulevard Decarie,45.4907527,-73.6460288,apartment,1435.0,1.0,1.0,575.0,0,0,1,1,12,61
501386,Montréal,Quebec,5340 Randall,45.4718259,-73.6417329,apartment,1530.0,1.0,1.0,750.0,0,0,0,0,12,30
433270,Montréal,Quebec,5180 Rue  Philippe Lalonde,45.4674468,-73.5914915,apartment,1895.0,1.0,1.0,900.0,0,0,0,0,12,30
424224,Montréal,Quebec,1000 Rue Pratt,45.5158395,-73.624471,apartment,1995.0,2.0,1.0,1000.0,0,0,0,0,12,61
449473,Montréal,Quebec,5555 Saint-Urbain,45.524894,-73.600057,apartment,2950.0,2.0,1.0,1000.0,1,0,0,0,12,30
458459,Montréal,Quebec,2100 rue Laforce,45.5255547,-73.550747,apartment,1720.0,1.0,1.0,660.0,0,0,1,1,12,92
315462,Montréal,Quebec,222 rue Berlioz,45.458735722633,-73.546344272341,apartment,1799.0,2.0,1.0,1000.0,0,0,1,1,12,15
503789,Montréal,Quebec,2100 Rue Remembrance,45.4379515,-73.6826921,apartment,2000.0,2.0,2.0,1000.0,0,0,1,1,12,29
315459,Montréal,Quebec,100 rue de Gaspé,45.4615233,-73.5463761,apartment,1599.0,1.0,1.0,810.0,0,0,1,1,12,30
315466,Montréal,Quebec,520 rue de Gaspé,45.456077911703,-73.548577977497,apartment,1449.0,1.0,1.0,750.0,0,0,1,1,12,61
315463,Montréal,Quebec,220 rue Berlioz,45.4582879369,-73.547069780828,apartment,1449.0,1.0,1.0,770.0,0,0,1,1,12,52
404083,Montréal,Quebec,2449 ATHLONE,45.5177331,-73.6552533,apartment,2199.0,2.0,2.0,857.0,0,0,1,0,12,30
446869,Montréal,Quebec,952 Rue Saint-Philippe,45.4780237,-73.5905619,duplex,2195.0,2.0,1.0,800.0,0,0,1,1,12,30
477133,Montréal,Quebec,8500 Viau,45.5819745,-73.6033728,apartment,2400.0,3.0,2.0,1237.0,0,0,0,0,12,30
568090,Montréal,Quebec,1245 Rue de Bleury,45.5060992,-73.5659859,apartment,3000.0,1.0,1.0,645.0,1,0,0,0,12,30
403292,Montréal,Quebec,5638 Av du Parc,45.5227267,-73.6037318,apartment,1795.0,0.0,1.0,789.0,0,0,1,0,12,30
482392,Montréal,Quebec,275 Rue Saint-Jacques,45.5029412,-73.5594844,apartment,6650.0,0.0,1.0,2275.0,1,0,0,0,12,30
403763,Montréal,Quebec,4400 Sainte-Catherine West,45.4826164,-73.5909416,apartment,1495.0,1.0,1.0,575.0,0,0,0,0,12,30
480327,Montréal,Quebec,5552 Boulevard St. Laurent,45.5258035,-73.5991591,apartment,2400.0,3.0,1.0,856.0,0,0,1,1,12,30
461217,Montréal,Quebec,200 rue de Gaspé,45.4526998,-73.5466051,apartment,1599.0,1.0,1.0,600.0,0,0,1,1,12,153
315461,Montréal,Quebec,700 rue de Gaspé,45.45441536718,-73.547955050575,apartment,1479.0,1.0,1.0,630.0,0,0,1,1,12,122
315458,Montréal,Quebec,201 rue Corot,45.45788,-73.542073,apartment,2219.0,2.0,2.0,1050.0,0,0,1,1,12,153
459554,Montréal,Quebec,3734 Rue Notre-Dame Ouest,45.4790808,-73.5817138,apartment,2600.0,2.0,1.0,1233.0,0,0,1,1,12,122
315582,Montréal,Quebec,111-50 Rue Quintin,47.15,-72.283333,apartment,1199.0,1.0,1.0,650.0,0,0,0,0,12,122
478530,Montréal,Quebec,rue Abelard,52.9399159,-73.5491361,townhouse,2899.0,4.0,2.0,1523.0,0,0,1,1,12,122
567192,Montréal,Quebec,6780 Boulevard Newman,45.4504729,-73.6063743,apartment,1700.0,1.0,1.0,492.0,2,0,0,0,12,365
546860,Montréal,Quebec,5830 Chemin de la Côte Saint Luc,45.4769163,-73.6343346,apartment,1900.0,2.0,1.0,650.0,0,0,1,1,12,365
546445,Pointe-Claire,Quebec,265 Boul Brunswick,45.4684914,-73.8275413,apartment,2400.0,2.0,2.0,940.0,0,0,1,1,12,0
459066,Pointe-Claire,Quebec,321 Lanthier Avenue,45.430965,-73.824612,apartment,1895.0,2.0,1.0,878.0,0,0,0,0,12,0
414169,Pointe-Claire,Quebec,30 Chemin du Bord-du-Lac,45.448477,-73.7874162,apartment,2060.0,2.0,1.0,1111.0,0,0,1,1,12,0
525564,Pointe-Claire,Quebec,27 Place de la Triade,45.4622368,-73.8225372,apartment,2625.0,2.0,2.0,950.0,0,0,1,1,12,0
551018,Pointe-Claire,Quebec,285 Hymus,45.4552928,-73.8328094,apartment,2175.0,2.0,1.0,1035.0,0,0,1,1,12,75
459625,Quebec City,Quebec,"1245, 1275 Chemin Ste. Foy, 830, 840, 850 Ave. Ernest-Gagnon, 875 Ave. Holl",46.79526,-71.25025,apartment,1125.0,0.0,1.0,364.0,0,0,1,1,12,30
478192,Quebec City,Quebec,"1320 , 1330 and 1340 boulevard des Chutes",46.8731795,-71.1720738,apartment,1500.0,1.0,1.0,918.0,0,0,1,1,12,0
459621,Quebec City,Quebec,"900, 920 Laudance, 3780,3786,3792,3793, 3798 Le Marié, 3700, 3706 des Com",46.760387,-71.332192,apartment,1095.0,1.0,1.0,690.0,0,0,1,0,12,0
459622,Quebec City,Quebec,"440 Père-Marquette, 435 Chemin Ste-Foy",46.8031,-71.234434,apartment,1285.0,1.0,1.0,739.0,0,0,1,1,12,67
459618,Quebec City,Quebec,250 Grande Allée Ouest,46.800604,-71.226633,apartment,1200.0,0.0,1.0,390.0,0,0,1,1,12,61
459620,Quebec City,Quebec,2540 Lebourgneuf Boulevard,46.827329,-71.316495,apartment,1065.0,2.0,1.0,1000.0,0,0,1,1,12,30
459617,Quebec City,Quebec,2415 Chemin Sainte-Foy,46.785222,-71.285219,apartment,1200.0,1.0,1.0,670.0,0,0,1,1,12,30
315473,Quebec City,Quebec,106-7 Rue Jardins-Mérici,46.7934793,-71.2350826,apartment,2499.0,2.0,2.0,1140.0,0,0,0,0,12,0
483024,Quebec City,Quebec,435 du Parvis,46.816814,-71.225197,apartment,2800.0,2.0,2.0,1675.0,1,0,0,0,12,0
447896,Quebec City,Quebec,325 rue de Saint-Vallier,46.811758,-71.2239404,apartment,1495.0,2.0,1.0,850.0,1,0,0,0,12,0
315477,Quebec City,Quebec,100-850 Rue Laudance,46.7612206,-71.3359083,apartment,1399.0,2.0,1.0,866.0,0,0,0,0,12,122
413937,Quebec City,Quebec,570 Charest Est,46.8146514,-71.2217352,apartment,1025.0,0.0,1.0,400.0,0,0,0,0,12,30
567993,Quebec City,Quebec,7755 Rue des Metis,46.852422266549,-71.28360485976,apartment,1355.0,0.0,1.0,553.0,0,0,1,1,12,30
315474,Quebec City,Quebec,101-6905 Av. Isaac-Bédard,46.8563244,-71.2614349,apartment,1329.0,2.0,1.0,900.0,0,0,0,0,12,54
302659,Quebec City,Quebec,101-3080 Rue Antoine-Du Verdier,46.7679109,-71.3047132,apartment,929.0,1.0,1.0,600.0,0,0,0,0,12,122
543851,Saguenay,Quebec,2312 Nadeau,48.4110001,-71.2216726,apartment,1020.0,1.0,1.0,620.0,0,0,1,1,12,121
483672,Saint-Hyacinthe,Quebec,1600 Des Cascades Street West,45.625134542896,-72.945666721155,apartment,1350.0,1.0,1.0,804.0,0,0,0,0,12,0
518808,Sherbrooke,Quebec,110 rue St-Francois Nord,45.4052682,-71.886545,apartment,935.0,1.0,1.0,412.0,0,0,1,0,12,29
416659,Westmount,Quebec,4300 De Maisonneuve Boulevard West,45.484921649955,-73.591435803041,apartment,2299.0,1.0,1.0,565.0,0,0,1,1,12,0
383144,Assiniboia,Saskatchewan,415 4th Avenue East,49.6302388,-105.985169,house,900.0,2.0,1.0,800.0,0,0,1,0,12,30
334228,Lloydminster,Saskatchewan,4408A 32nd Street,53.267390273888,-109.99186095634,apartment,1055.0,1.0,1.0,601.0,0,0,1,1,12,0
368200,Lloydminster,Saskatchewan,4909 45 Ave,53.283081734467,-109.99101775529,apartment,924.0,0.0,1.0,535.0,0,0,1,1,12,0
334244,Lloydminster,Saskatchewan,4503 45 Ave,53.279255151267,-109.9908564,apartment,1010.0,2.0,1.0,813.0,0,0,1,1,12,0
293816,Lloydminster,Saskatchewan,4708 13th Street,53.249472,-109.999545,apartment,1358.0,2.0,1.0,859.0,0,0,1,1,12,0
293814,Lloydminster,Saskatchewan,1508 47th Ave,53.2530741,-109.9947606,apartment,1298.0,2.0,1.0,850.0,0,0,1,1,12,0
327474,Lloydminster,Saskatchewan,1609 47th Ave,53.2536612,-109.9935804,apartment,1278.0,2.0,1.0,884.0,0,0,1,1,12,0
293812,Lloydminster,Saskatchewan,3615-A 41B Ave,53.2711707,-109.9820449,apartment,1418.0,2.0,1.0,859.0,0,0,1,1,12,30
458841,Moose Jaw,Saskatchewan,1-29 & 36-47 Arrowhead Rd,50.4138235,-105.5388053,townhouse,1800.0,3.0,1.0,1200.0,0,0,1,1,12,0
478212,Moose Jaw,Saskatchewan,450 Langdon Cres,50.3948131,-105.5333177,apartment,1135.0,1.0,1.0,687.0,0,0,1,1,12,0
334130,Moose Jaw,Saskatchewan,35 Wood Lily Drive,50.4168075,-105.5379386,apartment,1155.0,1.0,1.0,636.0,0,0,1,1,12,0
334294,Prince Albert,Saskatchewan,1601 Manville Bay,53.197772,-105.792996,townhouse,1349.0,3.0,1.0,860.0,0,0,1,1,12,0
567496,Prince Albert,Saskatchewan,399 32nd St. West,53.183831,-105.766753,apartment,1006.0,0.0,1.0,500.0,0,0,1,1,12,0
334214,Prince Albert,Saskatchewan,154 8th Street East,53.205818,-105.7490174,apartment,1089.0,1.0,1.0,689.0,0,0,1,1,12,0
567495,Prince Albert,Saskatchewan,1401 28 St E,53.186987,-105.716213,apartment,1049.0,1.0,1.0,620.0,0,0,1,1,12,0
494469,Prince Albert,Saskatchewan,33 River St. E,53.206284,-105.754848,apartment,1025.0,0.0,1.0,519.0,0,0,1,1,12,30
349740,Regina,Saskatchewan,5000 Green Jewel Blvd,50.418954252617,-104.51229258491,apartment,1675.0,1.0,1.0,654.0,0,0,1,1,12,0
560858,Regina,Saskatchewan,3700 Green Diamond Road,50.4198499,-104.51147,apartment,1598.0,1.0,1.0,652.0,0,0,1,1,12,0
334189,Regina,Saskatchewan,2175 Rae Street,50.444054,-104.6210318,apartment,1155.0,0.0,1.0,380.0,0,0,1,1,12,0
334265,Regina,Saskatchewan,331 Broad Street North,50.4812707,-104.6058727,apartment,1575.0,2.0,2.0,832.0,0,0,1,1,12,0
334300,Regina,Saskatchewan,445 & 453 Retallack Street,50.4714954,-104.6221056,apartment,1470.0,2.0,1.0,1000.0,0,0,1,1,12,0
532738,Regina,Saskatchewan,1827 Albert Street,50.4499199,-104.6175603,apartment,1399.0,0.0,1.0,313.0,1,0,1,0,12,365
515263,Regina,Saskatchewan,5111 E Primrose Green Drive,50.426001,-104.5104033,townhouse,1875.0,2.0,1.5,1100.0,0,0,1,1,12,0
478007,Regina,Saskatchewan,4902 Queen Street,50.4001807,-104.639578,apartment,1495.0,1.0,1.0,660.0,0,0,1,0,12,0
478001,Regina,Saskatchewan,4730-4760 Pasqua Street,50.403617,-104.641963,apartment,1450.0,1.0,1.0,650.0,0,0,1,0,12,0
295193,Regina,Saskatchewan,3904 Green Falls Drive,50.4153258,-104.5148022,apartment,1550.0,1.0,1.0,615.0,0,0,1,1,12,0
488988,Regina,Saskatchewan,3991 Spring Street,50.416642403423,-104.51184681164,apartment,1550.0,1.0,1.0,502.0,0,0,1,1,12,0
295199,Regina,Saskatchewan,5929 Rochdale Boulevard,50.495656,-104.6690467,apartment,1495.0,1.0,1.0,658.0,0,0,1,1,12,0
316887,Regina,Saskatchewan,75 Michener Drive,50.4324448,-104.5616405,apartment,1579.0,1.0,1.0,819.0,0,0,1,1,12,0
317015,Regina,Saskatchewan,6703 Rochdale Blvd,50.4942895,-104.6769999,apartment,1579.0,1.0,1.0,583.0,0,0,1,1,12,0
317016,Regina,Saskatchewan,14 Lorne Place,50.4854192,-104.6133694,apartment,1435.0,2.0,1.0,781.0,0,0,1,1,12,0
473223,Regina,Saskatchewan,2001 Cornwall St.,50.446309832135,-104.61213128591,apartment,1130.0,1.0,1.0,660.0,0,0,0,0,12,0
295195,Regina,Saskatchewan,4013 Harbour Landing Drive,50.4151758,-104.6487442,apartment,1495.0,1.0,1.0,658.0,0,0,1,1,12,30
295190,Regina,Saskatchewan,5501 Prefontaine Avenue,50.4125463,-104.6630829,apartment,1550.0,1.0,1.0,615.0,0,0,1,1,12,30
295198,Regina,Saskatchewan,5601 Gordon Road,50.4053067,-104.6622925,apartment,1675.0,2.0,1.0,825.0,0,0,1,1,12,30
495113,Regina,Saskatchewan,2131 Broad Street Office,50.444586,-104.608395,apartment,1165.0,1.0,1.0,620.0,0,0,1,1,12,0
366198,Regina,Saskatchewan,34 Spence Street,50.4135706,-104.6159341,apartment,1525.0,2.0,1.0,800.0,0,0,1,1,12,0
334118,Regina,Saskatchewan,1454 Rae St,50.4557835,-104.6212727,apartment,935.0,0.0,1.0,312.0,0,0,1,1,12,0
466881,Regina,Saskatchewan,2904 & 2921 Chuka Blvd,50.4294419,-104.5123578,townhouse,2149.0,3.0,2.5,1370.0,0,0,1,1,12,0
566804,Regina,Saskatchewan,3000 Trombley Street,50.4302599,-104.5144,apartment,1749.0,2.0,2.0,815.0,0,0,1,1,12,0
553951,Regina,Saskatchewan,2720 College Ave.,50.4410625,-104.6206369,apartment,1600.0,2.0,1.0,945.0,0,0,0,0,12,0
334117,Regina,Saskatchewan,2024 14th Ave,50.44412,-104.61041,apartment,1300.0,1.0,1.0,500.0,0,0,1,1,12,0
365937,Regina,Saskatchewan,2131 Angus Street,50.4449054,-104.6192034,apartment,1410.0,2.0,1.0,875.0,0,0,1,1,12,0
411561,Regina,Saskatchewan,5015 - 5034 Cessna Way,50.3993246,-104.6552554,duplex,2199.0,3.0,2.5,1328.0,0,0,1,1,12,0
478213,Regina,Saskatchewan,3102 Edinburgh Dr,50.4291143,-104.5486546,townhouse,1530.0,2.0,1.0,985.0,0,0,1,1,12,0
305816,Regina,Saskatchewan,1701 Horizons Way,50.451665,-104.7027966,apartment,1628.0,2.0,2.0,913.0,0,0,1,1,12,0
301342,Regina,Saskatchewan,22-41 Munroe Pl.,50.4141446,-104.5984878,apartment,1369.0,1.0,1.0,670.0,0,0,1,1,12,0
464132,Regina,Saskatchewan,3104 Victoria Ave,50.4475085,-104.6257481,apartment,1150.0,1.0,1.0,750.0,0,0,1,1,12,0
535944,Regina,Saskatchewan,3005-3072 Green Stone  - Green Brook,50.432089641533,-104.51984927011,apartment,1899.0,3.0,2.0,1080.0,0,0,1,1,12,0
365940,Regina,Saskatchewan,2220 Robinson Street,50.4435731,-104.6242069,apartment,1405.0,2.0,1.0,870.0,0,0,1,1,12,0
365939,Regina,Saskatchewan,30 Spence Street,50.4138803,-104.6159033,apartment,1460.0,1.0,1.0,675.0,0,0,1,1,12,0
334116,Regina,Saskatchewan,69 Kleisinger Cres,50.4843565,-104.6104008,apartment,1530.0,2.0,1.0,761.0,0,0,1,1,12,0
545981,Regina,Saskatchewan,2820 Narcisse Drive,50.49828,-104.62129,townhouse,2499.0,4.0,3.5,2070.0,0,0,1,1,12,0
334115,Regina,Saskatchewan,2104 14th Ave,50.4439769,-104.6108329,apartment,955.0,0.0,1.0,343.0,0,0,1,1,12,0
466090,Regina,Saskatchewan,1880 Ottawa Street,50.4489445,-104.600756,house,1000.0,3.0,1.0,1400.0,0,0,1,1,6,0
334190,Regina,Saskatchewan,2627-2637 Lacon Street,50.4370114,-104.5689507,apartment,1455.0,2.0,1.0,773.0,0,0,1,1,12,0
334120,Regina,Saskatchewan,2115 Montague St,50.4452753,-104.6296498,apartment,1350.0,1.0,1.0,465.0,0,0,1,1,12,0
465535,Regina,Saskatchewan,2151 Park St,50.4445995,-104.5718983,apartment,1200.0,2.0,1.0,750.0,0,0,0,0,12,0
455552,Regina,Saskatchewan,159 Osler St,50.4758665,-104.6046294,apartment,1350.0,2.0,1.0,1020.0,0,0,1,1,12,0
366197,Regina,Saskatchewan,2115 Angus Street,50.4451874,-104.6193307,apartment,1535.0,2.0,1.0,950.0,0,0,1,1,12,0
478175,Regina,Saskatchewan,5400 Parliment Ave,50.4180291,-104.657918,townhouse,2099.0,3.0,2.5,1390.0,0,0,1,1,12,0
488972,Regina,Saskatchewan,27 Vaughn St,50.4447412,-104.5663296,apartment,1575.0,2.0,1.0,855.0,0,0,1,1,12,0
334114,Regina,Saskatchewan,24 Froom Cres,50.4455862,-104.5689812,apartment,1575.0,2.0,1.0,844.0,0,0,1,1,12,0
334119,Regina,Saskatchewan,1602 Victoria Ave,50.4474682,-104.6036784,apartment,1245.0,1.0,1.0,405.0,0,0,1,1,12,0
334188,Regina,Saskatchewan,2410 15th Avenue,50.4424291,-104.6158892,apartment,1280.0,1.0,1.0,620.0,0,0,1,1,12,0
334187,Regina,Saskatchewan,2630 6th Avenue N,50.4788762,-104.6183376,apartment,1320.0,1.0,1.0,631.0,0,0,1,1,12,0
365938,Regina,Saskatchewan,3838 Retallack Street,50.4179419,-104.6228216,apartment,1465.0,1.0,1.0,600.0,0,0,1,1,12,0
334234,Regina,Saskatchewan,1601 Broad Street,50.4526423,-104.6063637,apartment,1050.0,1.0,1.0,357.0,0,0,1,1,12,0
328454,Regina,Saskatchewan,2821 Parliament Ave,50.4151205,-104.6216711,apartment,858.0,0.0,1.0,320.0,0,0,1,1,12,0
328653,Regina,Saskatchewan,3918 Rae Street,50.4167238,-104.6214391,apartment,1064.0,0.0,1.0,480.0,0,0,1,1,12,0
433955,Regina,Saskatchewan,3525 Avonhurst Dr,50.4735335,-104.6326117,apartment,1128.0,1.0,1.0,575.0,0,0,1,1,12,0
328471,Regina,Saskatchewan,2915 Parliament Ave,50.415145,-104.6229752,apartment,1269.0,1.0,1.0,675.0,0,0,1,1,12,0
328705,Regina,Saskatchewan,4020 Robinson Street,50.4147257,-104.624317,apartment,988.0,0.0,1.0,320.0,0,0,1,1,12,0
328708,Regina,Saskatchewan,4160 Rae Street,50.4127033,-104.6214623,apartment,1470.0,2.0,1.0,910.0,0,0,1,1,12,0
328707,Regina,Saskatchewan,4150 Rae Street,50.4128652,-104.62143,apartment,1064.0,0.0,1.0,480.0,0,0,1,1,12,0
328453,Regina,Saskatchewan,2835 Parliament Ave,50.415142,-104.6221471,apartment,858.0,0.0,1.0,320.0,0,1,1,1,12,0
328636,Regina,Saskatchewan,2935 Parliament Avenue,50.4151304,-104.6236035,apartment,858.0,0.0,1.0,320.0,0,0,1,1,12,0
328418,Regina,Saskatchewan,2155 Rose Street,50.4446013,-104.6075266,apartment,832.0,0.0,1.0,320.0,0,0,1,1,12,0
328694,Regina,Saskatchewan,4100 Retallack Street,50.4136617,-104.6229028,apartment,1244.0,1.0,1.0,650.0,0,0,1,1,12,0
328455,Regina,Saskatchewan,2805 Parliament Ave,50.4151623,-104.621345,apartment,1064.0,0.0,1.0,320.0,0,0,1,1,12,0
328430,Regina,Saskatchewan,801 Grey Street,50.4654319,-104.6549586,apartment,1155.0,2.0,1.0,720.0,0,0,1,1,12,0
328491,Regina,Saskatchewan,1520 Alexandra Street,50.4544403,-104.644249,apartment,806.0,0.0,1.0,320.0,0,0,1,1,12,0
359907,Regina,Saskatchewan,1424 Victoria Ave,50.4474572,-104.6016682,apartment,1059.0,1.0,1.0,520.0,0,0,1,1,12,0
328472,Regina,Saskatchewan,2924 Parliament Ave,50.4157868,-104.6233896,apartment,858.0,0.0,1.0,320.0,0,0,1,1,12,0
462010,Regina,Saskatchewan,1766 Bond Street,50.450339986653,-104.568500392065,basement,1000.0,1.0,1.0,900.0,0,0,0,0,12,0
293661,Regina,Saskatchewan,1251 N Galloway St,50.4986536,-104.627932,apartment,1698.0,2.0,1.0,859.0,0,0,1,1,12,30
301359,Regina,Saskatchewan,4040 Gordon Rd.,50.4058537,-104.6396898,apartment,1659.0,1.0,1.0,900.0,0,0,1,0,12,47
428860,Regina,Saskatchewan,3024 Greenbank Road,50.4285418,-104.5218026,apartment,1590.0,3.0,1.0,1000.0,0,0,1,1,12,0
562182,Regina,Saskatchewan,1867 Hamilton Street,50.4490409,-104.6089579,apartment,2200.0,1.0,1.0,672.0,1,0,0,0,6,0
570868,Regina,Saskatchewan,2203 Angus Street,50.4436908,-104.6194136,apartment,1900.0,2.0,1.0,816.0,1,0,0,0,6,30
301339,Regina,Saskatchewan,1060 Dorothy St.,50.4766408,-104.6853867,townhouse,1319.0,1.0,1.0,675.0,0,0,1,1,12,30
293664,Regina,Saskatchewan,502 University Park Drive,50.441805,-104.549693,apartment,1798.0,2.0,1.0,860.0,0,0,1,1,12,30
301449,Regina,Saskatchewan,5035 Sherwood Dr.,50.4770296,-104.6549393,apartment,1419.0,1.0,1.0,700.0,0,0,1,0,12,30
460679,Regina,Saskatchewan,41 Munroe Place,50.413313924376,-104.59864336812,townhouse,1379.0,1.0,1.0,650.0,0,0,1,1,12,34
312755,Regina,Saskatchewan,1066 Dorothy St.,50.4763728,-104.6826729,apartment,1559.0,1.0,1.0,622.0,0,0,1,1,12,45
301421,Regina,Saskatchewan,1062 Dorothy St.,50.4763568,-104.6826917,apartment,1459.0,1.0,1.0,622.0,0,0,1,1,12,92
569184,Regina,Saskatchewan,Downtown,50.4490397,-104.6112235,house,2000.0,3.0,2.0,1700.0,2,2,1,1,12,365
536800,Saskatoon,Saskatchewan,1416 20 Street W,52.126428889452,-106.69150808376,apartment,1125.0,1.0,1.0,524.0,0,0,1,1,12,0
525192,Saskatoon,Saskatchewan,355 Olson Lane,52.092147,-106.5553982,townhouse,1700.0,2.0,2.0,800.0,0,0,0,0,12,0
387812,Saskatoon,Saskatchewan,403 Pendygrasse Rd,52.1192545,-106.7294344,apartment,1390.0,1.0,1.0,627.0,0,0,1,1,12,0
333595,Saskatoon,Saskatchewan,202 Avenue V S,52.1276528,-106.70416,apartment,960.0,0.0,1.0,372.0,0,0,1,1,12,0
474418,Saskatoon,Saskatchewan,121 Clancy Drive,52.120812,-106.7231301,apartment,1469.0,2.0,1.0,897.0,0,0,1,1,12,0
333583,Saskatoon,Saskatchewan,328 Saskatchewan Cres E,52.1198617,-106.6640165,apartment,1490.0,1.0,1.0,417.0,0,0,1,1,12,0
333598,Saskatoon,Saskatchewan,26 Maxwell Cres,52.141453,-106.720494,apartment,1595.0,2.0,1.0,950.0,0,0,1,1,12,0
403504,Saskatoon,Saskatchewan,242 Pinehouse Drive,52.1687693,-106.6255624,apartment,1424.0,1.0,1.0,638.0,0,0,1,1,12,0
333585,Saskatoon,Saskatchewan,865 Confederation Dr,52.1390439,-106.7266779,apartment,1245.0,1.0,1.0,647.0,0,0,1,1,12,0
333579,Saskatoon,Saskatchewan,125 Avenue O S,52.1282695,-106.6923958,apartment,1210.0,2.0,1.0,632.0,0,0,1,1,12,0
373405,Saskatoon,Saskatchewan,3110 33 Street W,52.1444605,-106.7187675,apartment,1360.0,1.0,1.0,591.0,0,0,1,1,12,0
294083,Saskatoon,Saskatchewan,322 6 Avenue N,52.1314712,-106.6547493,apartment,975.0,1.0,1.0,408.0,0,0,1,1,12,0
294118,Saskatoon,Saskatchewan,102 Avenue O South,52.1289203,-106.6916729,apartment,700.0,1.0,1.0,650.0,0,0,1,1,12,0
294130,Saskatoon,Saskatchewan,525 Avenue X South,52.1204874,-106.7079688,apartment,850.0,2.0,1.0,730.0,0,0,1,1,12,0
294079,Saskatoon,Saskatchewan,365-377 Pendygrasse Rd.,52.1188993,-106.7271912,apartment,1225.0,2.0,1.0,750.0,0,0,1,1,12,0
294110,Saskatoon,Saskatchewan,131 Avenue P South,52.1281774,-106.6940553,apartment,675.0,0.0,1.0,400.0,0,0,1,1,12,0
569704,Saskatoon,Saskatchewan,508 Main Street,52.1165364,-106.6588851,apartment,2040.0,2.0,1.0,735.0,0,0,1,1,12,0
505022,Saskatoon,Saskatchewan,111 Hampton Circle,52.156351882864,-106.71919,apartment,1525.0,1.0,1.0,570.0,0,0,1,1,12,0
567625,Saskatoon,Saskatchewan,241 Willis Cres,52.08843,-106.62895,apartment,1575.0,1.0,1.0,607.0,0,0,1,1,12,30
541719,Saskatoon,Saskatchewan,310 Herold Rd,52.100325,-106.568882,apartment,1530.0,1.0,1.0,740.0,0,0,1,1,12,0
333605,Saskatoon,Saskatchewan,117 110th Street,52.1386252,-106.6013912,apartment,1555.0,2.0,1.0,680.0,0,0,1,1,12,0
333586,Saskatoon,Saskatchewan,911 Preston Ave,52.1149224,-106.6225822,apartment,1495.0,1.0,1.0,548.0,0,0,1,1,12,0
333581,Saskatoon,Saskatchewan,112 110 St W,52.1389254,-106.6014743,apartment,1445.0,1.0,1.0,651.0,0,0,1,1,12,0
333592,Saskatoon,Saskatchewan,402 Central Ave,52.1322565,-106.5992857,apartment,1395.0,1.0,1.0,572.0,0,0,1,1,12,0
333594,Saskatoon,Saskatchewan,205 Avenue R S,52.1277318,-106.6976603,apartment,1085.0,2.0,1.0,752.0,0,0,1,1,12,0
333597,Saskatoon,Saskatchewan,20 Summers Place,52.1215714,-106.5964455,apartment,1094.0,0.0,1.0,382.0,0,0,1,1,12,0
545440,Saskatoon,Saskatchewan,C - 344 Carleton Drive,52.1256755,-106.5962039,apartment,999.0,1.0,1.0,500.0,0,0,0,0,12,0
333593,Saskatoon,Saskatchewan,1506 Main St,52.1165539,-106.6340358,apartment,1415.0,1.0,1.0,447.0,0,0,1,1,12,0
333588,Saskatoon,Saskatchewan,3046 Arlington Ave,52.0941611,-106.617242,apartment,1595.0,2.0,1.0,707.0,0,0,1,1,12,0
333582,Saskatoon,Saskatchewan,2413 7th St E,52.1131434,-106.6173956,apartment,1320.0,1.0,1.0,497.0,0,0,1,1,12,0
333584,Saskatoon,Saskatchewan,239 Ave E North,52.132244,-106.6771367,apartment,1505.0,2.0,1.0,827.0,0,0,1,1,12,0
333587,Saskatoon,Saskatchewan,2969 Preston Ave,52.0907957,-106.6223215,apartment,1395.0,1.0,1.0,671.0,0,0,1,1,12,0
333580,Saskatoon,Saskatchewan,110 25th St W,52.1336243,-106.6703339,apartment,1485.0,2.0,1.0,683.0,0,0,1,1,12,0
333607,Saskatoon,Saskatchewan,1621 33 St W,52.1435992,-106.6957089,apartment,1415.0,2.0,1.0,750.0,0,0,1,1,12,0
566343,Saskatoon,Saskatchewan,256 - 250 Akhtar Bend,52.1651561,-106.5533002,apartment,1899.0,2.0,1.0,750.0,0,0,0,0,12,0
570978,Saskatoon,Saskatchewan,1007 Olser Street,52.1270225,-106.6455825,apartment,3550.0,3.0,2.5,1632.0,0,0,0,0,12,0
333601,Saskatoon,Saskatchewan,427 4th Avenue N,52.1339812,-106.6579793,apartment,1515.0,1.0,1.0,667.0,0,0,1,1,12,0
333589,Saskatoon,Saskatchewan,327 11th St E,52.1188079,-106.6628479,apartment,1485.0,1.0,1.0,392.0,0,0,1,1,12,0
333604,Saskatoon,Saskatchewan,1602 Main Street,52.1166962,-106.6315169,apartment,1395.0,1.0,1.0,395.0,0,0,1,1,12,0
292367,Saskatoon,Saskatchewan,606 Victoria Avenue,52.119197,-106.662788,apartment,1750.0,1.0,1.0,698.0,0,0,1,0,12,0
560626,Saskatoon,Saskatchewan,302 404 Ave C South,52.1243428,-106.6733297,apartment,1599.0,1.0,1.0,720.0,0,0,0,0,12,0
348087,Saskatoon,Saskatchewan,302 Main St,52.116589,-106.664682,apartment,1050.0,1.0,1.0,550.0,0,0,1,0,12,0
568805,Saskatoon,Saskatchewan,B - 305 108th Street West,52.1363729,-106.6063104,apartment,1199.0,1.0,1.0,750.0,0,0,0,0,12,0
569609,Saskatoon,Saskatchewan,7 - 510 Kloppenburg Cres,52.1738851,-106.5689228,apartment,2550.0,3.0,2.5,1326.0,0,0,0,0,12,0
568343,Saskatoon,Saskatchewan,305 108th Street West  - A,52.1363729,-106.6063104,house,1850.0,2.0,1.0,1012.0,0,0,0,0,12,0
294105,Saskatoon,Saskatchewan,115 Avenue O South,52.1286649,-106.6926112,apartment,725.0,1.0,1.0,650.0,0,0,1,1,12,0
294124,Saskatoon,Saskatchewan,1701 20 Street West,52.1259126,-106.6962068,apartment,675.0,0.0,1.0,450.0,0,0,1,1,12,0
294106,Saskatoon,Saskatchewan,128 Avenue O South,52.1281678,-106.6919243,apartment,850.0,2.0,1.0,800.0,0,0,1,1,12,0
294128,Saskatoon,Saskatchewan,111 Avenue T South,52.128766,-106.7009541,apartment,725.0,1.0,1.0,558.0,0,0,1,1,12,0
294111,Saskatoon,Saskatchewan,135 Avenue W South,52.1291591,-106.7058417,apartment,824.0,1.0,1.0,605.0,0,0,1,1,12,0
563206,Saskatoon,Saskatchewan,B - 527 Bolstad Turn,52.1776528,-106.5574657,apartment,1380.0,2.0,1.0,700.0,0,0,0,0,12,0
556439,Saskatoon,Saskatchewan,275 Delainey Manor,52.1251971,-106.5416631,townhouse,2325.0,2.0,2.5,1641.0,0,0,1,1,12,0
568865,Saskatoon,Saskatchewan,138 Banyan Crescent,52.1045933,-106.5682347,duplex,2200.0,2.0,1.0,1090.0,0,0,0,0,12,0
366120,Saskatoon,Saskatchewan,1311 Temperance St,52.1261645,-106.6384349,apartment,1049.0,0.0,1.0,336.0,0,0,1,1,12,0
294081,Saskatoon,Saskatchewan,305 26 Street East,52.1350516,-106.6585498,apartment,1099.0,1.0,1.0,575.0,0,0,1,1,12,0
294119,Saskatoon,Saskatchewan,3701 8 Street East,52.114931,-106.5935521,apartment,1000.0,0.0,1.0,405.0,0,0,1,1,12,0
294117,Saskatoon,Saskatchewan,517 521 Ave. X South,52.1210679,-106.7078014,apartment,875.0,1.0,1.0,650.0,0,0,1,1,12,0
407642,Saskatoon,Saskatchewan,"111 111 St W, Saskatoon",52.1394956,-106.6010678,apartment,1100.0,1.0,1.0,543.0,0,0,1,1,12,0
294116,Saskatoon,Saskatchewan,1101 Avenue W North,52.1425674,-106.706037,apartment,975.0,1.0,1.0,514.0,0,0,1,1,12,0
294091,Saskatoon,Saskatchewan,612 Spadina Cres. West,52.1209614,-106.6785766,apartment,1200.0,1.0,1.0,525.0,0,0,1,1,12,0
294107,Saskatoon,Saskatchewan,541 Avenue W South,52.1209902,-106.7061913,apartment,900.0,1.0,1.0,650.0,0,0,1,1,12,0
294109,Saskatoon,Saskatchewan,403 Avenue P South,52.1238169,-106.6943272,apartment,849.0,1.0,1.0,600.0,0,0,1,1,12,0
294104,Saskatoon,Saskatchewan,106 111 Street,52.1399761,-106.600101,apartment,1075.0,1.0,1.0,500.0,0,0,1,1,12,0
294135,Saskatoon,Saskatchewan,115 Avenue V North,52.129798,-106.70419,apartment,825.0,1.0,1.0,538.0,0,0,1,1,12,0
294108,Saskatoon,Saskatchewan,2310 17 Street West,52.1206147,-106.7070081,apartment,875.0,0.0,1.0,400.0,0,0,1,1,12,0
294129,Saskatoon,Saskatchewan,114 Avenue T South,52.1292343,-106.7009731,apartment,750.0,1.0,1.0,558.0,0,0,1,1,12,0
294137,Saskatoon,Saskatchewan,1901 7 Street East,52.113244,-106.627471,apartment,1225.0,1.0,1.0,500.0,0,0,1,1,12,0
294084,Saskatoon,Saskatchewan,906 Duchess Street,52.1426713,-106.6495443,apartment,1050.0,0.0,1.0,500.0,0,0,1,1,12,0
294121,Saskatoon,Saskatchewan,1628 22 Street,52.1296151,-106.6958719,apartment,875.0,1.0,1.0,650.0,0,0,1,1,12,0
294138,Saskatoon,Saskatchewan,1817 22 Street West,52.129125,-106.69834,apartment,825.0,1.0,1.0,400.0,0,0,1,1,12,0
355711,Saskatoon,Saskatchewan,4234 - 4238 Degeer Street,52.11807,-106.576459,apartment,1175.0,1.0,1.0,577.0,0,0,1,1,12,0
370064,Saskatoon,Saskatchewan,402 Avenue P S,52.1244021,-106.6937938,apartment,775.0,1.0,1.0,530.0,0,0,1,1,12,0
294120,Saskatoon,Saskatchewan,1622 22 Street West,52.129455,-106.6956409,apartment,875.0,1.0,1.0,600.0,0,0,1,1,12,0
294127,Saskatoon,Saskatchewan,1901 22 Street W,52.1290518,-106.6995999,apartment,850.0,1.0,1.0,400.0,0,0,1,1,12,0
294082,Saskatoon,Saskatchewan,445 5 Avenue North,52.1343973,-106.6567086,apartment,1025.0,1.0,1.0,525.0,0,0,1,1,12,0
294080,Saskatoon,Saskatchewan,502 5 Avenue North,52.1345756,-106.6558245,apartment,925.0,0.0,1.0,325.0,0,0,1,1,12,0
294078,Saskatoon,Saskatchewan,901 5 Avenue North,52.1410393,-106.65518,apartment,1050.0,0.0,1.0,450.0,0,0,1,1,12,0
294099,Saskatoon,Saskatchewan,937 Northumberland Ave.,52.1401641,-106.717347,apartment,1099.0,1.0,1.0,552.0,0,0,1,1,12,0
471628,Saskatoon,Saskatchewan,4385 Brighton Circle,52.1257836,-106.5418721,apartment,1465.0,1.0,1.0,591.0,0,0,1,1,12,0
564029,Saskatoon,Saskatchewan,920 Temperance Street,52.1255347,-106.6470787,house,2700.0,3.0,1.5,1450.0,1,0,0,0,12,0
551227,Saskatoon,Saskatchewan,226 Fairmont Drive,52.1254428,-106.7230284,apartment,1525.0,3.0,1.0,405.0,0,0,1,1,12,0
535934,Saskatoon,Saskatchewan,614 Underhill Road,52.122451,-106.544219,house,2680.0,3.0,2.5,1725.0,0,0,1,1,12,0
537378,Saskatoon,Saskatchewan,614 Underhill Road,52.122451,-106.544219,apartment,1500.0,1.0,1.0,821.0,0,0,1,1,12,0
301351,Saskatoon,Saskatchewan,325 5TH Ave. N,52.132077,-106.6569491,apartment,1509.0,1.0,1.0,769.0,0,0,1,0,12,30
478955,Saskatoon,Saskatchewan,4335 Brighton Circle,52.1257144,-106.5418422,townhouse,2425.0,3.0,3.0,1550.0,0,0,1,1,12,92
567833,Saskatoon,Saskatchewan,310 - 106 Hampton Circle,52.1520591,-106.719039,apartment,1599.0,2.0,1.0,980.0,0,0,0,0,12,0
571235,Saskatoon,Saskatchewan,106 - 120 Phelps Way,52.0901444,-106.5721602,apartment,1799.0,2.0,2.0,950.0,0,0,0,0,12,0
571773,Saskatoon,Saskatchewan,308 - 502 Perehudoff Cres,52.1452757,-106.567088,apartment,1575.0,1.0,1.0,850.0,0,0,0,0,12,16
292735,Saskatoon,Saskatchewan,211 Willis Cres,52.0881723,-106.6326505,apartment,1808.0,2.0,1.0,850.0,0,0,1,1,12,0
565931,Saskatoon,Saskatchewan,805-320 5th Ave North,52.1318151,-106.6564413,apartment,1850.0,1.0,1.0,850.0,1,0,0,0,12,26
572516,Saskatoon,Saskatchewan,732 Avenue J South,52.1188228,-106.6842272,house,1800.0,3.0,1.0,950.0,0,0,0,0,12,30
292738,Saskatoon,Saskatchewan,3134 11th St W,52.1155501,-106.7238502,apartment,1648.0,2.0,1.0,859.0,0,0,1,1,12,30
293369,Saskatoon,Saskatchewan,110 Molland Lane,52.1269276,-106.7570597,apartment,1628.0,2.0,1.0,862.0,0,0,1,1,12,30
450096,Saskatoon,Saskatchewan,2625 Meadows Parkway,52.095984683683,-106.53701155583,apartment,1748.0,2.0,2.0,909.0,0,0,1,1,12,30
568673,Saskatoon,Saskatchewan,1307 Haslam Way,52.1542975,-106.5949253,house,2699.0,4.0,3.0,1136.0,0,0,0,0,12,30
502206,Saskatoon,Saskatchewan,938 McFaull Manor,52.129948916272,-106.55814352606,apartment,2085.0,3.0,1.5,609.0,0,0,1,1,12,30
301341,Saskatoon,Saskatchewan,2212 St. Charles Ave.,52.1029399,-106.678877,apartment,1429.0,1.0,1.0,614.0,0,0,1,0,12,37
572367,Saskatoon,Saskatchewan,936 Stonebridge Common,52.0825165,-106.6204473,house,2650.0,3.0,2.5,1456.0,0,0,0,0,12,44
571614,Saskatoon,Saskatchewan,312 - 1555 Paton Cres,52.1565994,-106.5599279,apartment,2899.0,3.0,2.5,1340.0,0,0,0,0,12,55
374478,Saskatoon,Saskatchewan,431 4th Avenue North,52.1341275,-106.6581595,apartment,1400.0,2.0,1.0,740.0,0,0,0,0,12,61
571772,Saskatoon,Saskatchewan,303 - 1010 Main Street E,52.1165754,-106.6457711,apartment,2199.0,2.0,2.0,1141.0,0,0,0,0,12,61
571615,Saskatoon,Saskatchewan,406 McKercher Drive,52.1238448,-106.5866972,apartment,2599.0,4.0,2.0,1080.0,0,0,1,1,12,61
492201,Saskatoon,Saskatchewan,811 Hilliard Street West,52.1038532,-106.6810731,apartment,1600.0,2.0,1.0,903.0,0,0,1,1,12,365
334137,Swift Current,Saskatchewan,640 Robert Street E,50.2984358,-107.7903029,apartment,1215.0,2.0,1.0,775.0,0,0,1,1,12,0
334134,Swift Current,Saskatchewan,510 Robert Street E,50.2977575,-107.794571,apartment,1305.0,3.0,1.0,829.0,0,0,1,1,12,0
334135,Swift Current,Saskatchewan,560 Robert Street E,50.297752,-107.7922905,apartment,1305.0,3.0,1.0,800.0,0,0,1,1,12,0
334136,Swift Current,Saskatchewan,721 1st Ave NW,50.2932702,-107.8037066,apartment,840.0,0.0,1.0,260.0,0,0,1,1,12,0
334162,Swift Current,Saskatchewan,300 1st Avenue NW,50.2866317,-107.8014772,apartment,780.0,1.0,1.0,499.0,0,0,1,1,12,0
334176,Swift Current,Saskatchewan,66 3 Avenue SE,50.2790511,-107.7969071,apartment,1005.0,1.0,1.0,484.0,0,0,1,1,12,0
511575,Warman,Saskatchewan,900 St. Andrews Lane,52.3383564,-106.5749244,townhouse,2125.0,3.0,3.0,1366.0,0,0,1,1,12,0
568806,Warman,Saskatchewan,110 Meadowlark Park,52.3192527,-106.5951883,apartment,2499.0,3.0,2.0,1300.0,0,0,0,0,12,61
334131,Yorkton,Saskatchewan,6 Allanbrooke Dr,51.2035888,-102.4844353,apartment,985.0,1.0,1.0,565.0,0,0,1,1,12,0
334290,Yorkton,Saskatchewan,336 Gladstone Avenue South,51.1976017,-102.4747519,apartment,1275.0,2.0,1.0,851.0,0,0,1,1,12,0
334132,Yorkton,Saskatchewan,378 Parkview Road,51.2005741,-102.4860275,apartment,985.0,1.0,1.0,615.0,0,0,1,1,12,0
334249,Yorkton,Saskatchewan,321 Fietz St,51.2138585,-102.4407795,apartment,1395.0,2.0,1.0,841.0,0,0,1,1,12,0
334185,Yorkton,Saskatchewan,15 Darlington St. E,51.2165455,-102.4615618,apartment,930.0,0.0,1.0,290.0,0,0,1,1,12,0
334123,Yorkton,Saskatchewan,355 Northview Rd,51.2024145,-102.4851949,apartment,920.0,0.0,1.0,400.0,0,0,1,1,12,0
334289,Yorkton,Saskatchewan,320 Gladstone Ave S,51.197961,-102.4747041,apartment,1185.0,1.0,1.0,618.0,0,0,1,1,12,0
334122,Yorkton,Saskatchewan,301 Bradbrooke Dr,51.203490845551,-102.48208092397,apartment,910.0,0.0,1.0,295.0,0,0,1,1,12,0
334133,Yorkton,Saskatchewan,399 Parkview Road,51.2007397,-102.4873236,apartment,1260.0,2.0,1.0,743.0,0,0,1,1,12,0
334285,Yorkton,Saskatchewan,18 Allanbrooke Dr,51.2030242,-102.4847824,apartment,920.0,0.0,1.0,400.0,0,0,1,1,12,0
334284,Yorkton,Saskatchewan,363 Northview Rd,51.2026671,-102.4857647,apartment,1125.0,1.0,1.0,520.0,0,0,1,1,12,0
